title,brand,model,transmission,fuel_type,price,year_of_manufacture,energy_capacity,kilometers_run,car_age,mileage_per_year,brand_frequency,model_frequency,price_band
Toyota Corolla CR 13.REG 1999.MODEL 1996,Toyota,Corolla,Automatic,"CNG, Octane",530000,1996,1500.0,89000,30,2966.6666666666665,0.8884228187919463,0.04848993288590604,Low
Toyota Corolla Cross 2023,Toyota,Corolla Cross,Automatic,"Hybrid, Octane",5500000,2025,1800.0,15500,1,15500.0,0.8884228187919463,0.07097315436241611,Luxury
Toyota RAV4 CR 13.REG 2011.MODEL 2005,Toyota,RAV4,Automatic,"Octane, LPG",1370000,2005,1800.0,87000,21,4142.857142857143,0.8884228187919463,0.009731543624161074,Low
Toyota Allion CR 23.REG 2010.MODEL 2004,Toyota,Allion,Automatic,"CNG, Octane",1350000,2004,1500.0,89000,22,4045.4545454545455,0.8884228187919463,0.03120805369127517,Low
Toyota Hiace 2015,Toyota,Hiace,Automatic,"CNG, Octane",2750000,2020,2000.0,190000,6,31666.666666666668,0.8884228187919463,0.09429530201342282,Medium
Toyota Premio F 2014,Toyota,Premio,Automatic,Octane,2480000,2014,1500.0,63000,12,5250.0,0.8884228187919463,0.05285234899328859,Medium
Toyota Axio EX 2020,Toyota,Axio,Automatic,Octane,2400000,2020,1500.0,50868,6,8478.0,0.8884228187919463,0.10939597315436242,Medium
Toyota Axio 2017,Toyota,Axio,Automatic,"Hybrid, Octane",2000000,2023,1500.0,86000,3,28666.666666666668,0.8884228187919463,0.10939597315436242,Low
Toyota Axio X 2013,Toyota,Axio,Automatic,Octane,1670000,2013,1500.0,64000,13,4923.076923076923,0.8884228187919463,0.10939597315436242,Low
Toyota Fielder G Edition Top Trim 2007,Toyota,Fielder,Automatic,Octane,1320000,2007,1500.0,290000,19,15263.157894736842,0.8884228187919463,0.057885906040268456,Low
Toyota Premio Super FreshCondition 2003,Toyota,Premio,Automatic,"CNG, Octane",1370000,2003,1500.0,98000,23,4260.869565217391,0.8884228187919463,0.05285234899328859,Low
Toyota Noah TownAce Only Octane 2011,Toyota,Noah,Automatic,Octane,750000,2011,1500.0,65000,15,4333.333333333333,0.8884228187919463,0.10671140939597315,Low
Toyota Probox GL 4-Door auto 2003,Toyota,Probox,Automatic,"CNG, Octane",730000,2003,1500.0,93000,23,4043.478260869565,0.8884228187919463,0.00436241610738255,Low
Toyota Allion Super FreshCondition 2006,Toyota,Allion,Automatic,"CNG, Octane",1580000,2006,1500.0,83000,20,4150.0,0.8884228187919463,0.03120805369127517,Low
Toyota Corolla X New Shape 2004,Toyota,Corolla,Automatic,Octane,1080000,2004,1500.0,140000,22,6363.636363636364,0.8884228187919463,0.04848993288590604,Low
Toyota Corolla 40th anniversary 2005,Toyota,Corolla,Automatic,"CNG, Octane",1295000,2005,1500.0,83000,21,3952.3809523809523,0.8884228187919463,0.04848993288590604,Low
Toyota Fielder 40th anniversary 2005,Toyota,Fielder,Automatic,"Octane, LPG",1295000,2005,1500.0,93000,21,4428.571428571428,0.8884228187919463,0.057885906040268456,Low
Toyota Allion Super FreshCondition 2010,Toyota,Allion,Automatic,"Octane, LPG",2130000,2010,1500.0,76000,16,4750.0,0.8884228187919463,0.03120805369127517,Low
Toyota Axio Fresh condition 2010,Toyota,Axio,Automatic,"CNG, Octane",1480000,2010,1500.0,92000,16,5750.0,0.8884228187919463,0.10939597315436242,Low
Toyota Axio Doctor used 2013,Toyota,Axio,Automatic,"Octane, LPG",1680000,2013,1500.0,87000,13,6692.307692307692,0.8884228187919463,0.10939597315436242,Low
Hyundai Dagon Jeep 2004,Hyundai,Other Model,Automatic,"Octane, LPG",1200000,2004,3497.0,500000,22,22727.272727272728,0.0028523489932885905,0.005369127516778523,Low
Toyota Noah Sparky 2000,Toyota,Noah,Automatic,Octane,530000,2000,1299.0,150000,26,5769.2307692307695,0.8884228187919463,0.10671140939597315,Low
Mahindra Jeep 2017,Mahindra,Other Model,Automatic,Diesel,995000,2017,1500.0,60000,9,6666.666666666667,0.0003355704697986577,0.005369127516778523,Low
Toyota Prado Land Cruiser TX 2017,Toyota,Prado,Automatic,Octane,10900001,2017,2700.0,52291,9,5810.111111111111,0.8884228187919463,0.013926174496644295,Luxury
DFSK Glory I-Auto 2020,DFSK,Glory I-Auto,Automatic,"Octane, LPG",2300000,2020,1500.0,35500,6,5916.666666666667,0.0005033557046979866,0.0003355704697986577,Low
Toyota Sienta HYBRID 2016,Toyota,Sienta,Automatic,"Hybrid, Octane",1850000,2016,1500.0,67000,10,6700.0,0.8884228187919463,0.009228187919463088,Low
Toyota Sienta G QUERO TV 2020,Toyota,Sienta,Automatic,Hybrid,2750000,2020,1500.0,69000,6,11500.0,0.8884228187919463,0.009228187919463088,Medium
Toyota Axio EX PUSH START 2020,Toyota,Axio,Automatic,Hybrid,2550000,2020,1500.0,39000,6,6500.0,0.8884228187919463,0.10939597315436242,Medium
Toyota Prius A PREMIUM 2020,Toyota,Prius,Automatic,Hybrid,3250000,2020,1800.0,21000,6,3500.0,0.8884228187919463,0.029865771812080538,Medium
Toyota Voxy SZ 2023,Toyota,Voxy,Automatic,Hybrid,4800000,2023,1800.0,41000,3,13666.666666666666,0.8884228187919463,0.027348993288590605,Luxury
Toyota Corolla WXB BODYKIT 4 2021,Toyota,Corolla,Automatic,Hybrid,3400000,2021,1800.0,61000,5,12200.0,0.8884228187919463,0.04848993288590604,High
Toyota Harrier z leather 5 2021,Toyota,Harrier,Automatic,"Petrol, Octane",8190000,2021,2000.0,38000,5,7600.0,0.8884228187919463,0.03976510067114094,Luxury
Toyota Corolla Cross 2023,Toyota,Corolla Cross,Automatic,Octane,5300000,2023,1800.0,18,3,6.0,0.8884228187919463,0.07097315436241611,Luxury
Toyota Corolla AE 101 1993,Toyota,Corolla,Automatic,"CNG, Octane",480000,1993,1331.0,150000,33,4545.454545454545,0.8884228187919463,0.04848993288590604,Low
Toyota Premio FL PKG Octane 2015,Toyota,Premio,Automatic,Octane,2695000,2015,1500.0,81000,11,7363.636363636364,0.8884228187919463,0.05285234899328859,Medium
Toyota Allion G 2016,Toyota,Allion,Automatic,Octane,3070000,2016,1500.0,61000,10,6100.0,0.8884228187919463,0.03120805369127517,Medium
Toyota Land Cruiser V8 2004,Toyota,Land Cruiser,Automatic,"Petrol, Octane",7000000,2004,4600.0,10000,22,454.54545454545456,0.8884228187919463,0.008557046979865772,Luxury
Toyota Allion . 2010,Toyota,Allion,Automatic,Octane,2080000,2010,1500.0,85306,16,5331.625,0.8884228187919463,0.03120805369127517,Low
Nissan X-Trail 2018,Nissan,X-Trail,Automatic,"Hybrid, Octane",2490000,2023,2000.0,110000,3,36666.666666666664,0.02365771812080537,0.015436241610738255,Medium
Toyota Kluger . 2005,Toyota,Kluger,Automatic,"Octane, LPG",2080000,2005,2400.0,87814,21,4181.619047619048,0.8884228187919463,0.0008389261744966443,Low
Land Rover Defender 1993,Land Rover,Defender,Automatic,Diesel,1850000,1993,2500.0,78000,33,2363.6363636363635,0.00016778523489932885,0.00016778523489932885,Low
Toyota Esquire GI PREMIUM 2014,Toyota,Esquire,Automatic,Octane,3500000,2014,2000.0,137000,12,11416.666666666666,0.8884228187919463,0.05855704697986577,High
Nissan X-Trail . 2015,Nissan,X-Trail,Automatic,Hybrid,2300000,2015,2000.0,85000,11,7727.272727272727,0.02365771812080537,0.015436241610738255,Low
Toyota Premio Fex 2013,Toyota,Premio,Automatic,"Octane, LPG",2420000,2013,1500.0,72000,13,5538.461538461538,0.8884228187919463,0.05285234899328859,Medium
Toyota Allion . 2014,Toyota,Allion,Automatic,Octane,2430000,2014,1500.0,77849,12,6487.416666666667,0.8884228187919463,0.03120805369127517,Medium
Toyota Premio auto push start 2014,Toyota,Premio,Automatic,"Octane, LPG",2550000,2014,1500.0,75000,12,6250.0,0.8884228187919463,0.05285234899328859,Medium
Toyota Allion octane 2012,Toyota,Allion,Automatic,Octane,2085000,2012,1500.0,67000,14,4785.714285714285,0.8884228187919463,0.03120805369127517,Low
Toyota Corolla Fresh 2004,Toyota,Corolla,Automatic,"CNG, Octane",1230000,2004,1500.0,95000,22,4318.181818181818,0.8884228187919463,0.04848993288590604,Low
Toyota Fielder Ex Push Start New 2020,Toyota,Fielder,Automatic,"Hybrid, Octane",2370000,2020,1500.0,58000,6,9666.666666666666,0.8884228187919463,0.057885906040268456,Medium
Toyota Axio Ex Hybrid Push Start 2020,Toyota,Axio,Automatic,"Hybrid, Octane",2290000,2020,1500.0,73000,6,12166.666666666666,0.8884228187919463,0.10939597315436242,Low
Toyota Premio G PAKAGE 2012,Toyota,Premio,Automatic,"Petrol, LPG",2330000,2012,1500.0,85000,14,6071.428571428572,0.8884228187919463,0.05285234899328859,Low
Toyota Corolla Fielder New Shape 2006,Toyota,Corolla,Automatic,"CNG, Octane",1290000,2006,1500.0,69114,20,3455.7,0.8884228187919463,0.04848993288590604,Low
Hyundai Sonata Luxury Sunroof 2016,Hyundai,Sonata,Automatic,Octane,2350000,2016,2000.0,26000,10,2600.0,0.0028523489932885905,0.0010067114093959733,Medium
Toyota Fielder 2018 G package,Toyota,Fielder,Automatic,Hybrid,2050000,2018,1500.0,123500,8,15437.5,0.8884228187919463,0.057885906040268456,Low
Toyota Fielder X LIMITED 2003,Toyota,Fielder,Automatic,"CNG, Octane",1050000,2003,1500.0,98320,23,4274.782608695652,0.8884228187919463,0.057885906040268456,Low
Toyota Corolla AE110 1996,Toyota,Corolla,Automatic,"CNG, Octane",580000,1996,1500.0,112520,30,3750.6666666666665,0.8884228187919463,0.04848993288590604,Low
Toyota Allion Push Start 2010,Toyota,Allion,Automatic,"CNG, Octane",1965000,2010,1500.0,89000,16,5562.5,0.8884228187919463,0.03120805369127517,Low
Toyota Corolla 110 Reveri Saloom 2000,Toyota,Corolla,Automatic,"CNG, Octane",695000,2000,1500.0,100000,26,3846.153846153846,0.8884228187919463,0.04848993288590604,Low
Toyota Wagon 100  2000,Toyota,Wagon 100,Automatic,"CNG, Octane",440000,2000,1331.0,80000,26,3076.923076923077,0.8884228187919463,0.0008389261744966443,Low
Toyota Probox . 2004,Toyota,Probox,Automatic,"CNG, Octane",655000,2004,1500.0,120000,22,5454.545454545455,0.8884228187919463,0.00436241610738255,Low
Honda Civic JDM 2018,Honda,Civic,Automatic,Octane,3200000,2018,1500.0,47500,8,5937.5,0.0424496644295302,0.003355704697986577,Medium
Toyota Premio G 2004,Toyota,Premio,Automatic,"CNG, Octane",1490000,2004,1500.0,78114,22,3550.6363636363635,0.8884228187919463,0.05285234899328859,Low
Toyota Axio 2010,Toyota,Axio,Automatic,"CNG, Octane",1490000,2015,1500.0,68114,11,6192.181818181818,0.8884228187919463,0.10939597315436242,Low
Toyota Corolla G PERL NEW SHAPE 2006,Toyota,Corolla,Automatic,"CNG, Octane",1350000,2006,1500.0,96521,20,4826.05,0.8884228187919463,0.04848993288590604,Low
Toyota Voxy Hybrid Mica-Blue 2016,Toyota,Voxy,Automatic,"Hybrid, Octane",2480000,2016,1800.0,85252,10,8525.2,0.8884228187919463,0.027348993288590605,Medium
Toyota Corolla X 2006,Toyota,Corolla,Manual,CNG,1250000,2006,1500.0,100000,20,5000.0,0.8884228187919463,0.04848993288590604,Low
Toyota Premio F G Superior 2008,Toyota,Premio,Automatic,"Octane, LPG",1975000,2008,1500.0,91000,18,5055.555555555556,0.8884228187919463,0.05285234899328859,Low
Toyota Axio X Octane Driven 2013,Toyota,Axio,Automatic,Octane,1675000,2013,1500.0,58114,13,4470.307692307692,0.8884228187919463,0.10939597315436242,Low
Toyota Noah X 2012,Toyota,Noah,Automatic,"CNG, Octane",2200000,2012,1998.0,137000,14,9785.714285714286,0.8884228187919463,0.10671140939597315,Low
Toyota Prius S Touring 2016,Toyota,Prius,Automatic,"Hybrid, Octane",2380000,2016,1800.0,132000,10,13200.0,0.8884228187919463,0.029865771812080538,Medium
Nissan X-Trail Premium 2015,Nissan,X-Trail,Automatic,Octane,2490000,2015,2000.0,70000,11,6363.636363636364,0.02365771812080537,0.015436241610738255,Medium
Toyota Premio FEX PackageFacelift 2014,Toyota,Premio,Automatic,Octane,2700000,2014,1500.0,72345,12,6028.75,0.8884228187919463,0.05285234899328859,Medium
Toyota Prado Auto Sunroof 2000,Toyota,Prado,Automatic,"Octane, LPG",1780000,2000,2700.0,75540,26,2905.3846153846152,0.8884228187919463,0.013926174496644295,Low
Toyota Land Cruiser Prado with Sunroof 2004,Toyota,Land Cruiser,Automatic,Octane,2950000,2004,2700.0,73538,22,3342.6363636363635,0.8884228187919463,0.008557046979865772,Medium
Toyota Harrier Z leather Package 2020,Toyota,Harrier,Automatic,"Petrol, Hybrid, Octane",7400000,2020,2500.0,88000,6,14666.666666666666,0.8884228187919463,0.03976510067114094,Luxury
Toyota Prius CX 7 Seat 2015,Toyota,Prius,Automatic,Hybrid,2090000,2015,1800.0,72000,11,6545.454545454545,0.8884228187919463,0.029865771812080538,Low
Toyota Corolla .G 2002,Toyota,Corolla,Automatic,"CNG, Octane",910000,2002,1500.0,150000,24,6250.0,0.8884228187919463,0.04848993288590604,Low
Audi A3 2008,Audi,A3,Automatic,"Petrol, Octane",3600000,2008,1390.0,5500,18,305.55555555555554,0.0010067114093959733,0.00016778523489932885,High
Toyota ist G 2003,Toyota,ist,Automatic,"CNG, Octane",810000,2003,1300.0,69000,23,3000.0,0.8884228187919463,0.002181208053691275,Low
Honda Vezel jat package 2014,Honda,Vezel,Automatic,"Hybrid, Octane",1560000,2014,1500.0,59000,12,4916.666666666667,0.0424496644295302,0.006711409395973154,Low
Toyota Corolla 100 STATION WAGON 1996,Toyota,Corolla,Automatic,"Octane, LPG",295000,1996,1331.0,170000,30,5666.666666666667,0.8884228187919463,0.04848993288590604,Low
Toyota Starlet soliel 1995,Toyota,Starlet,Automatic,"CNG, Octane",450000,1995,1331.0,120458,31,3885.7419354838707,0.8884228187919463,0.0050335570469798654,Low
Toyota Corolla 100 STATION WAGON 2003,Toyota,Corolla,Automatic,"CNG, Octane",465000,2003,1500.0,176120,23,7657.391304347826,0.8884228187919463,0.04848993288590604,Low
Toyota Corolla 100 SPRINTER 1991,Toyota,Corolla,Automatic,"CNG, Octane",370000,1991,1500.0,159406,35,4554.457142857143,0.8884228187919463,0.04848993288590604,Low
Honda CR-V Sun Roof 2002,Honda,CR-V,Automatic,Octane,1095000,2002,2000.0,127861,24,5327.541666666667,0.0424496644295302,0.011241610738255034,Low
Honda H-RV Hard Jeep 2004,Honda,H-RV,Automatic,"CNG, Octane",630000,2004,1600.0,162390,22,7381.363636363636,0.0424496644295302,0.00016778523489932885,Low
Toyota Hiace GL 2018,Toyota,Hiace,Automatic,"CNG, Octane",3100000,2018,2000.0,164601,8,20575.125,0.8884228187919463,0.09429530201342282,Medium
Nissan X-Trail Octane Drive 2010,Nissan,X-Trail,Automatic,Octane,1650000,2010,2000.0,65000,16,4062.5,0.02365771812080537,0.015436241610738255,Low
Nissan X-Trail 7Seater Sunroof 2016,Nissan,X-Trail,Automatic,Octane,3180000,2016,2000.0,48000,10,4800.0,0.02365771812080537,0.015436241610738255,Medium
Toyota Corolla X 2006,Toyota,Corolla,Automatic,"CNG, Octane",1300000,2006,1500.0,94000,20,4700.0,0.8884228187919463,0.04848993288590604,Low
Honda HR-V MTORS 2021,Honda,HR-V,Automatic,Octane,3095000,2021,1500.0,31000,5,6200.0,0.0424496644295302,0.00016778523489932885,Medium
Toyota Corolla G New shape 2005,Toyota,Corolla,Automatic,"CNG, Octane",1250000,2005,1500.0,96000,21,4571.428571428572,0.8884228187919463,0.04848993288590604,Low
Hyundai Sonata Full Fresh Sunroof 2012,Hyundai,Sonata,Automatic,Octane,1650000,2012,2000.0,79078,14,5648.428571428572,0.0028523489932885905,0.0010067114093959733,Low
Toyota Corolla 2005,Toyota,Corolla,Automatic,"CNG, Octane",1270000,2008,1500.0,150000,18,8333.333333333334,0.8884228187919463,0.04848993288590604,Low
Toyota Premio FEX 2015,Toyota,Premio,Automatic,Octane,2800000,2015,150.0,60000,11,5454.545454545455,0.8884228187919463,0.05285234899328859,Medium
Toyota Corolla Cross Z Leather Packaga 2021,Toyota,Corolla Cross,Automatic,Octane,4980000,2021,1800.0,36962,5,7392.4,0.8884228187919463,0.07097315436241611,Luxury
Toyota RAV4 . 2004,Toyota,RAV4,Automatic,"Petrol, CNG, Octane",1050000,2004,1998.0,145000,22,6590.909090909091,0.8884228187919463,0.009731543624161074,Low
Toyota Noah 2020,Toyota,Noah,Automatic,Octane,3500000,2020,2000.0,126013,6,21002.166666666668,0.8884228187919463,0.10671140939597315,High
Toyota ist 2005,Toyota,ist,Automatic,Octane,850000,2011,1300.0,65000,15,4333.333333333333,0.8884228187919463,0.002181208053691275,Low
Toyota Allion . 2004,Toyota,Allion,Automatic,"CNG, Octane",1300000,2004,1500.0,146215,22,6646.136363636364,0.8884228187919463,0.03120805369127517,Low
Toyota Axio 2010,Toyota,Axio,Automatic,"CNG, Octane",1460000,2010,1500.0,115360,16,7210.0,0.8884228187919463,0.10939597315436242,Low
Toyota Premio 2014,Toyota,Premio,Automatic,LPG,2550000,2018,1500.0,89000,8,11125.0,0.8884228187919463,0.05285234899328859,Medium
Toyota Noah X 2012,Toyota,Noah,Automatic,"CNG, Octane",2550000,2012,2000.0,89400,14,6385.714285714285,0.8884228187919463,0.10671140939597315,Medium
Toyota Axio 2011,Toyota,Axio,Automatic,"Petrol, CNG",1550000,2017,1500.0,189842,9,21093.555555555555,0.8884228187919463,0.10939597315436242,Low
Toyota Fielder 2014,Toyota,Fielder,Automatic,"Hybrid, Octane",1600000,2014,1500.0,97000,12,8083.333333333333,0.8884228187919463,0.057885906040268456,Low
Nissan X-Trail 7 Seater-Non Hybrid 2016,Nissan,X-Trail,Automatic,Octane,2650000,2016,2000.0,58840,10,5884.0,0.02365771812080537,0.015436241610738255,Medium
Toyota Axio x 2010,Toyota,Axio,Automatic,"CNG, Octane",1370000,2010,1500.0,200000,16,12500.0,0.8884228187919463,0.10939597315436242,Low
Toyota Axio 2008,Toyota,Axio,Automatic,"CNG, Octane",1250000,2012,1500.0,100300,14,7164.285714285715,0.8884228187919463,0.10939597315436242,Low
Toyota Rush 2006,Toyota,Rush,Manual,Octane,1200000,2011,1500.0,120000,15,8000.0,0.8884228187919463,0.0025167785234899327,Low
Toyota Noah Esqure Gi Premium 2018,Toyota,Noah,Automatic,"Hybrid, Octane",3180000,2018,1800.0,71000,8,8875.0,0.8884228187919463,0.10671140939597315,Medium
Nissan X-Trail Mode Premier 2015,Nissan,X-Trail,Automatic,Hybrid,2850000,2015,2000.0,79500,11,7227.272727272727,0.02365771812080537,0.015436241610738255,Medium
Toyota Starlet  1990,Toyota,Starlet,Automatic,"Octane, LPG",380000,1990,1331.0,117000,36,3250.0,0.8884228187919463,0.0050335570469798654,Low
Toyota Noah  2012,Toyota,Noah,Automatic,"Octane, LPG",2150000,2012,2000.0,75259,14,5375.642857142857,0.8884228187919463,0.10671140939597315,Low
Toyota Esquire . 2016,Toyota,Esquire,Automatic,"Octane, LPG",2990000,2016,2000.0,98000,10,9800.0,0.8884228187919463,0.05855704697986577,Medium
Toyota Allion 2013,Toyota,Allion,Automatic,Octane,2288000,2018,1500.0,93000,8,11625.0,0.8884228187919463,0.03120805369127517,Low
Toyota T100 . 1997,Toyota,T100,Automatic,"CNG, Octane",600000,1997,1331.0,75000,29,2586.206896551724,0.8884228187919463,0.00016778523489932885,Low
Toyota Noah . 2002,Toyota,Noah,Automatic,"CNG, Octane",1200000,2002,2000.0,262000,24,10916.666666666666,0.8884228187919463,0.10671140939597315,Low
Toyota Carina TI 1999,Toyota,Carina,Automatic,"Octane, LPG",820000,1999,1500.0,186000,27,6888.888888888889,0.8884228187919463,0.0008389261744966443,Low
Toyota Corolla 1994,Toyota,Corolla,Automatic,"CNG, Octane",430000,1998,1500.0,180000,28,6428.571428571428,0.8884228187919463,0.04848993288590604,Low
Toyota Axio 2007,Toyota,Axio,Automatic,"Petrol, LPG",1300000,2010,1500.0,40000,16,2500.0,0.8884228187919463,0.10939597315436242,Low
Toyota Corolla SE limited 1992,Toyota,Corolla,Automatic,"CNG, Octane",400000,1992,1500.0,70,34,2.0588235294117645,0.8884228187919463,0.04848993288590604,Low
Toyota Noah 2004,Toyota,Noah,Automatic,"Octane, LPG",1300000,2007,2000.0,100000,19,5263.1578947368425,0.8884228187919463,0.10671140939597315,Low
Toyota Corolla 1993,Toyota,Corolla,Automatic,"CNG, Octane",380000,2009,1500.0,250000,17,14705.882352941177,0.8884228187919463,0.04848993288590604,Low
Toyota Raum  2003,Toyota,Raum,Automatic,"Octane, LPG",1080000,2003,1500.0,10,23,0.43478260869565216,0.8884228187919463,0.0015100671140939597,Low
Toyota Corolla X 2004,Toyota,Corolla,Automatic,"CNG, Octane",1020000,2004,1500.0,95000,22,4318.181818181818,0.8884228187919463,0.04848993288590604,Low
"Toyota Noah KR42 NOAH, GL 2005",Toyota,Noah,Automatic,"Petrol, CNG",950000,2005,1800.0,10253,21,488.23809523809524,0.8884228187919463,0.10671140939597315,Low
Toyota Harrier Beige Interior 2005,Toyota,Harrier,Automatic,Octane,2575000,2005,2400.0,140000,21,6666.666666666667,0.8884228187919463,0.03976510067114094,Medium
Toyota Allion A 15 2015,Toyota,Allion,Automatic,Octane,2575000,2015,1500.0,65000,11,5909.090909090909,0.8884228187919463,0.03120805369127517,Medium
Mazda Axela 3 2004,Mazda,Axela,Automatic,"Petrol, CNG, Octane",765000,2004,1500.0,45000,22,2045.4545454545455,0.0025167785234899327,0.001174496644295302,Low
Toyota Allion . 2005,Toyota,Allion,Automatic,"Octane, LPG",1500000,2005,1500.0,105000,21,5000.0,0.8884228187919463,0.03120805369127517,Low
Toyota Allion 2013,Toyota,Allion,Automatic,Octane,2300000,2013,1500.0,88000,13,6769.2307692307695,0.8884228187919463,0.03120805369127517,Low
Toyota Noah Car 2010,Toyota,Noah,Automatic,"CNG, Octane",1890000,2010,2000.0,150000,16,9375.0,0.8884228187919463,0.10671140939597315,Low
Toyota Fielder G edition Push Start 2012,Toyota,Fielder,Automatic,"Octane, LPG",1615000,2012,1500.0,89000,14,6357.142857142857,0.8884228187919463,0.057885906040268456,Low
Toyota Allion A15 2007,Toyota,Allion,Automatic,"CNG, Octane",1950000,2007,1500.0,66000,19,3473.684210526316,0.8884228187919463,0.03120805369127517,Low
Toyota Allion . 2005,Toyota,Allion,Automatic,"CNG, Octane",1550000,2005,1500.0,1000,21,47.61904761904762,0.8884228187919463,0.03120805369127517,Low
Nissan X-Trail . 2016,Nissan,X-Trail,Automatic,"Hybrid, Octane",2250000,2016,2000.0,91656,10,9165.6,0.02365771812080537,0.015436241610738255,Low
Toyota Fielder WXB 2014,Toyota,Fielder,Automatic,"Hybrid, Octane",1620000,2014,1500.0,106813,12,8901.083333333334,0.8884228187919463,0.057885906040268456,Low
Toyota Axio 2013,Toyota,Axio,Automatic,"CNG, Octane",1600000,2018,1500.0,100000,8,12500.0,0.8884228187919463,0.10939597315436242,Low
Toyota Hiace . 2016,Toyota,Hiace,Automatic,CNG,2450000,2016,2000.0,50000,10,5000.0,0.8884228187919463,0.09429530201342282,Medium
Toyota Noah 2013,Toyota,Noah,Automatic,"CNG, Octane",900000,2019,1500.0,158896,7,22699.428571428572,0.8884228187919463,0.10671140939597315,Low
Mitsubishi Pajero V6 1993,Mitsubishi,Pajero,Automatic,Diesel,775000,1993,2470.0,98000,33,2969.6969696969695,0.012583892617449664,0.0041946308724832215,Low
Toyota Prado . 2000,Toyota,Prado,Automatic,Octane,2500000,2000,2690.0,267031,26,10270.423076923076,0.8884228187919463,0.013926174496644295,Medium
Toyota Axio G 2015,Toyota,Axio,Automatic,Octane,2100000,2015,1500.0,48100,11,4372.727272727273,0.8884228187919463,0.10939597315436242,Low
Toyota Axio HYBRID 2014,Toyota,Axio,Automatic,"Hybrid, Octane",1470000,2014,1500.0,70000,12,5833.333333333333,0.8884228187919463,0.10939597315436242,Low
Toyota Axio Corolla 2013,Toyota,Axio,Automatic,"Octane, LPG",1630000,2013,1500.0,105000,13,8076.923076923077,0.8884228187919463,0.10939597315436242,Low
Toyota Corolla 111 1999,Toyota,Corolla,Automatic,"CNG, Octane",640000,1999,1500.0,100000,27,3703.703703703704,0.8884228187919463,0.04848993288590604,Low
Toyota Starlet Soleil 1995,Toyota,Starlet Soleil,Automatic,Octane,450000,1995,1300.0,80000,31,2580.6451612903224,0.8884228187919463,0.00016778523489932885,Low
Toyota Probox . 2008,Toyota,Probox,Automatic,CNG,900000,2008,1500.0,100020,18,5556.666666666667,0.8884228187919463,0.00436241610738255,Low
Toyota Axio G Hybrid 2015,Toyota,Axio,Automatic,Hybrid,1850000,2015,1500.0,167000,11,15181.818181818182,0.8884228187919463,0.10939597315436242,Low
Nissan X-Trail Octane Draive 2017,Nissan,X-Trail,Automatic,Octane,3630000,2017,2000.0,44265,9,4918.333333333333,0.02365771812080537,0.015436241610738255,High
Toyota Fielder 202 2010,Toyota,Fielder,Automatic,Octane,1570000,2010,1500.0,72180,16,4511.25,0.8884228187919463,0.057885906040268456,Low
Toyota Corolla Cross Z LEATHER PANA. ROOF 2023,Toyota,Corolla Cross,Automatic,Hybrid,5020000,2023,1800.0,11000,3,3666.6666666666665,0.8884228187919463,0.07097315436241611,Luxury
Honda Accord OCTANEOVERFRIESH 2006,Honda,Accord,Automatic,Octane,1380000,2006,2400.0,67900,20,3395.0,0.0424496644295302,0.0006711409395973154,Low
Toyota Harrier OCTANEOVERFRIESH 2006,Toyota,Harrier,Automatic,Octane,2630000,2006,2400.0,9099,20,454.95,0.8884228187919463,0.03976510067114094,Medium
Toyota Harrier Z LEATHER OCTEN DRI. 2020,Toyota,Harrier,Automatic,Petrol,7850000,2020,2000.0,46000,6,7666.666666666667,0.8884228187919463,0.03976510067114094,Luxury
Toyota Noah Non hybrid 2020,Toyota,Noah,Automatic,"Petrol, Octane",3500000,2020,2000.0,68351,6,11391.833333333334,0.8884228187919463,0.10671140939597315,High
Toyota Hiace GL 2020,Toyota,Hiace,Automatic,Octane,3610000,2020,2000.0,65000,6,10833.333333333334,0.8884228187919463,0.09429530201342282,High
Toyota Corolla Cross HYBRID Z LEATHER 2022,Toyota,Corolla Cross,Automatic,"Petrol, Hybrid, Octane",4580000,2022,1800.0,9500,4,2375.0,0.8884228187919463,0.07097315436241611,Luxury
Toyota Corolla Hybrid G-X 2020,Toyota,Corolla,Automatic,"Petrol, Hybrid, Octane",2900000,2020,1800.0,77000,6,12833.333333333334,0.8884228187919463,0.04848993288590604,Medium
Toyota Premio F 2020,Toyota,Premio,Automatic,Octane,4150000,2020,1490.0,86700,6,14450.0,0.8884228187919463,0.05285234899328859,High
Suzuki Vitara JLX 4WD 1996,Suzuki,Vitara,Manual,"Petrol, CNG, Octane",550000,1996,1600.0,72000,30,2400.0,0.002348993288590604,0.0003355704697986577,Low
Toyota Axio Hybrid EX 2020,Toyota,Axio,Automatic,"Hybrid, Octane",2950000,2020,1490.0,45900,6,7650.0,0.8884228187919463,0.10939597315436242,Medium
Toyota Starlet owner first 1992,Toyota,Starlet,Automatic,"CNG, Octane",480000,1992,1331.0,86598,34,2547.0,0.8884228187919463,0.0050335570469798654,Low
Toyota Premio F FL pakage 2018,Toyota,Premio,Automatic,Octane,3399000,2018,1500.0,96000,8,12000.0,0.8884228187919463,0.05285234899328859,High
Toyota Prado Tx-L 7Seat Sunroof 2017,Toyota,Prado,Automatic,"Petrol, Octane",8900000,2017,2700.0,54000,9,6000.0,0.8884228187919463,0.013926174496644295,Luxury
Toyota Land Cruiser Prado TXL Limited 2023,Toyota,Land Cruiser,Automatic,"Petrol, Octane",17600000,2023,2700.0,16000,3,5333.333333333333,0.8884228187919463,0.008557046979865772,Luxury
Toyota Noah SI GRADE PUSH 2013,Toyota,Noah,Automatic,"Petrol, Octane, LPG",2450000,2013,2000.0,68000,13,5230.7692307692305,0.8884228187919463,0.10671140939597315,Medium
Nissan Bluebird sylphy 2006,Nissan,Bluebird,Automatic,"CNG, Octane",1050000,2006,1500.0,85000,20,4250.0,0.02365771812080537,0.002181208053691275,Low
Toyota Axio X 2015,Toyota,Axio,Automatic,"Octane, LPG",2040000,2015,1500.0,71800,11,6527.272727272727,0.8884228187919463,0.10939597315436242,Low
Toyota Rush G 2006,Toyota,Rush,Automatic,Octane,1340000,2006,1500.0,73000,20,3650.0,0.8884228187919463,0.0025167785234899327,Low
Toyota Noah Non hybrid 2020,Toyota,Noah,Automatic,"Petrol, Octane",3620000,2020,2000.0,78254,6,13042.333333333334,0.8884228187919463,0.10671140939597315,High
Toyota Aqua GS STYLE VERSION 2014,Toyota,Aqua,Automatic,"Hybrid, Octane",1350000,2014,1500.0,63000,12,5250.0,0.8884228187919463,0.015771812080536914,Low
Honda CR-V JDM EX MUGEN KIT 2019,Honda,CR-V,Automatic,"Petrol, Octane",5000000,2019,1500.0,39000,7,5571.428571428572,0.0424496644295302,0.011241610738255034,Luxury
Toyota Avanza 7Seats Dual Ac 1.5L 2010,Toyota,Avanza,Automatic,"Octane, LPG",1360000,2010,1500.0,48000,16,3000.0,0.8884228187919463,0.0015100671140939597,Low
Nissan X-Trail 20Xi Xtt Leather Pkg 2012,Nissan,X-Trail,Automatic,"Petrol, Octane",1980000,2012,2000.0,52000,14,3714.285714285714,0.02365771812080537,0.015436241610738255,Low
Mitsubishi Outlander Roadest 7 seats 2010,Mitsubishi,Outlander,Automatic,Octane,1999000,2010,2000.0,82000,16,5125.0,0.012583892617449664,0.0008389261744966443,Low
Toyota Premio F 2004,Toyota,Premio,Automatic,"Octane, LPG",1545000,2004,1500.0,81265,22,3693.8636363636365,0.8884228187919463,0.05285234899328859,Low
Toyota Axio NON HYBRID- 4 POINT 2020,Toyota,Axio,Automatic,"Petrol, Octane",2700000,2020,1500.0,75351,6,12558.5,0.8884228187919463,0.10939597315436242,Medium
Toyota Corolla Cross Hybrid-Z-Leather 2022,Toyota,Corolla Cross,Automatic,"Petrol, Hybrid, Octane",4500000,2022,1800.0,10000,4,2500.0,0.8884228187919463,0.07097315436241611,Luxury
Toyota Esquire GI PB Dhaka Ready 2020,Toyota,Esquire,Automatic,"Hybrid, Octane",3980000,2020,1800.0,46000,6,7666.666666666667,0.8884228187919463,0.05855704697986577,High
Toyota Corolla Cross Hybrid Z Leather. 2022,Toyota,Corolla Cross,Automatic,"Petrol, Hybrid, Octane",4750000,2022,1800.0,10000,4,2500.0,0.8884228187919463,0.07097315436241611,Luxury
Toyota Noah X Smart Non Hybrid 2022,Toyota,Noah,Automatic,"Petrol, Octane",4500000,2022,2000.0,98000,4,24500.0,0.8884228187919463,0.10671140939597315,Luxury
Toyota Corolla Cross Z 2025,Toyota,Corolla Cross,Automatic,"Hybrid, Octane",5700000,2025,1790.0,12400,1,12400.0,0.8884228187919463,0.07097315436241611,Luxury
Toyota Esquire GIP PKG 2020,Toyota,Esquire,Automatic,"Hybrid, Octane",4200000,2020,1790.0,40035,6,6672.5,0.8884228187919463,0.05855704697986577,High
Maxus D90 2023,Other brand,Other model,Automatic,"Hybrid, Octane",7000000,2023,2000.0,7500,3,2500.0,0.0005033557046979866,0.0005033557046979866,Luxury
Mitsubishi Pajero SUNROOF 2008,Mitsubishi,Pajero,Automatic,Octane,2750000,2008,3000.0,125658,18,6981.0,0.012583892617449664,0.0041946308724832215,Medium
Toyota Noah hybrid 2019,Toyota,Noah,Automatic,"Hybrid, Octane",2890000,2019,2000.0,52000,7,7428.571428571428,0.8884228187919463,0.10671140939597315,Medium
Toyota Esquire GI Prm Dhaka ready 2020,Toyota,Esquire,Automatic,"Hybrid, Octane",3950000,2020,1800.0,71000,6,11833.333333333334,0.8884228187919463,0.05855704697986577,High
Toyota Hiace 12 setter 2016,Toyota,Hiace,Automatic,Octane,2400000,2016,2000.0,95000,10,9500.0,0.8884228187919463,0.09429530201342282,Medium
Toyota Land Cruiser TX Prado 2009,Toyota,Land Cruiser,Automatic,Octane,5750000,2009,2700.0,108500,17,6382.35294117647,0.8884228187919463,0.008557046979865772,Luxury
Toyota Mark II 35Th Anniversary 2003,Toyota,Mark II,Automatic,Octane,1450000,2003,2000.0,72000,23,3130.4347826086955,0.8884228187919463,0.0003355704697986577,Low
Toyota Allion A15 2010,Toyota,Allion,Automatic,"Octane, LPG",2030000,2010,1500.0,76145,16,4759.0625,0.8884228187919463,0.03120805369127517,Low
Toyota Corolla Cross Hybrid S 2021,Toyota,Corolla Cross,Automatic,"Petrol, Hybrid, Octane",3950000,2021,1800.0,123,5,24.6,0.8884228187919463,0.07097315436241611,High
Toyota C-HR Hybrid S 2021,Toyota,C-HR,Automatic,"Petrol, Hybrid, Octane",3050000,2021,1800.0,76864,5,15372.8,0.8884228187919463,0.027181208053691275,Medium
Toyota Harrier black 2000,Toyota,Harrier,Automatic,Octane,950000,2000,2400.0,86000,26,3307.6923076923076,0.8884228187919463,0.03976510067114094,Low
Toyota Fielder 5 Seater 2012,Toyota,Fielder,Automatic,"CNG, Octane",1550000,2012,1500.0,75000,14,5357.142857142857,0.8884228187919463,0.057885906040268456,Low
Toyota Corolla Cross HY Z LEATHER MOONROF 2022,Toyota,Corolla Cross,Automatic,"Petrol, Hybrid, Octane",4870000,2022,1800.0,36000,4,9000.0,0.8884228187919463,0.07097315436241611,Luxury
Toyota Corolla Cross Z-LEATHER MOONROOF.. 2022,Toyota,Corolla Cross,Automatic,"Petrol, Hybrid, Octane",5100000,2022,1800.0,45000,4,11250.0,0.8884228187919463,0.07097315436241611,Luxury
Toyota Fielder . 2020,Toyota,Fielder,Automatic,Octane,2650000,2020,1500.0,76000,6,12666.666666666666,0.8884228187919463,0.057885906040268456,Medium
Toyota Corolla G Super condition 2005,Toyota,Corolla,Automatic,"CNG, Octane",1295000,2005,1500.0,87000,21,4142.857142857143,0.8884228187919463,0.04848993288590604,Low
Toyota Hiace GL 2015,Toyota,Hiace,Automatic,"Octane, LPG",2490000,2015,2000.0,157548,11,14322.545454545454,0.8884228187919463,0.09429530201342282,Medium
Jaguar XJ L Long Wheel Base 2015,Jaguar,XJ,Automatic,"Petrol, Octane",8200000,2015,2000.0,25000,11,2272.7272727272725,0.0003355704697986577,0.0003355704697986577,Luxury
Toyota Aqua Hybrid S Style 2020,Toyota,Aqua,Automatic,"Petrol, Hybrid, Octane",1860000,2020,1500.0,65767,6,10961.166666666666,0.8884228187919463,0.015771812080536914,Low
Toyota Probox gl 2008,Toyota,Probox,Automatic,"CNG, Octane",850000,2008,1500.0,85000,18,4722.222222222223,0.8884228187919463,0.00436241610738255,Low
Toyota Corolla A100 1994,Toyota,Corolla,Automatic,"CNG, Octane",1320000,1994,1500.0,89000,32,2781.25,0.8884228187919463,0.04848993288590604,Low
Toyota Esquire Hybrid-Gi-Premium. 2020,Toyota,Esquire,Automatic,"Petrol, Hybrid, Octane",4000000,2020,1800.0,80000,6,13333.333333333334,0.8884228187919463,0.05855704697986577,High
Toyota Prado DIESEL 2009,Toyota,Prado,Manual,Diesel,5400000,2009,3000.0,45000,17,2647.0588235294117,0.8884228187919463,0.013926174496644295,Luxury
Toyota Corolla Cross Z- 2025,Toyota,Corolla Cross,Automatic,"Hybrid, Octane",5800000,2025,1790.0,55,1,55.0,0.8884228187919463,0.07097315436241611,Luxury
Hyundai H1 . 2010,Hyundai,H1,Automatic,Octane,1299000,2010,2400.0,56000,16,3500.0,0.0028523489932885905,0.0005033557046979866,Low
Nissan X-Trail  aCaa a.aaaaRaaa 2012,Nissan,X-Trail,Automatic,Octane,2360000,2012,2000.0,71251,14,5089.357142857143,0.02365771812080537,0.015436241610738255,Medium
Toyota Allion A15 2002,Toyota,Allion,Automatic,"CNG, Octane",1280000,2002,1500.0,91245,24,3801.875,0.8884228187919463,0.03120805369127517,Low
Toyota Axio X 2013,Toyota,Axio,Automatic,"Petrol, CNG, Octane",1650000,2013,1500.0,72413,13,5570.2307692307695,0.8884228187919463,0.10939597315436242,Low
Honda Vezel 5 Seater 2016,Honda,Vezel,Automatic,Octane,2280000,2016,1500.0,75000,10,7500.0,0.0424496644295302,0.006711409395973154,Low
Toyota Premio 5 Seater 2016,Toyota,Premio,Automatic,Octane,2500000,2016,1500.0,68000,10,6800.0,0.8884228187919463,0.05285234899328859,Medium
Toyota Corolla Cross HYBRID G 4 GRADE 2022,Toyota,Corolla Cross,Automatic,"Petrol, Hybrid, Octane",4250000,2022,1800.0,38000,4,9500.0,0.8884228187919463,0.07097315436241611,High
Toyota C-HR G PKG 2020,Toyota,C-HR,Automatic,"Hybrid, Octane",3700000,2020,1790.0,19799,6,3299.8333333333335,0.8884228187919463,0.027181208053691275,High
Toyota Cross Z 2025,Toyota,Cross,Automatic,"Hybrid, Octane",6550000,2025,1790.0,10,1,10.0,0.8884228187919463,0.0006711409395973154,Luxury
Toyota Cross Z 2025,Toyota,Cross,Automatic,"Hybrid, Octane",5800000,2025,1790.0,50,1,50.0,0.8884228187919463,0.0006711409395973154,Luxury
Toyota Corolla Cross Z PKG 2022,Toyota,Corolla Cross,Automatic,"Hybrid, Octane",4700000,2022,1790.0,28895,4,7223.75,0.8884228187919463,0.07097315436241611,Luxury
Toyota Corolla Cross Z PKG 2022,Toyota,Corolla Cross,Automatic,"Hybrid, Octane",4725000,2022,1790.0,11900,4,2975.0,0.8884228187919463,0.07097315436241611,Luxury
Toyota Prius Alpha S PKG 2019,Toyota,Prius,Automatic,"Hybrid, Octane",3650000,2019,1790.0,61795,7,8827.857142857143,0.8884228187919463,0.029865771812080538,High
Lexus ES 300H JDM S CLASS 2019,Lexus,ES,Automatic,"Petrol, Hybrid, Octane",8200000,2019,2500.0,41000,7,5857.142857142857,0.0068791946308724835,0.0015100671140939597,Luxury
Toyota Corolla . 1992,Toyota,Corolla,Manual,"Petrol, CNG",375000,1992,1490.0,150000,34,4411.764705882353,0.8884228187919463,0.04848993288590604,Low
Toyota Prius S Touring 4.5 Grade. 2020,Toyota,Prius,Automatic,"Petrol, Hybrid, Octane",3570000,2020,1800.0,54000,6,9000.0,0.8884228187919463,0.029865771812080538,High
Nissan Bluebird sylphy 2006,Nissan,Bluebird,Automatic,Octane,1250000,2006,1500.0,79000,20,3950.0,0.02365771812080537,0.002181208053691275,Low
Toyota Wagon station 1992,Toyota,Wagon,Automatic,"CNG, Octane",380000,1992,1300.0,98000,34,2882.3529411764707,0.8884228187919463,0.00016778523489932885,Low
Toyota Prado TX 2005,Toyota,Prado,Automatic,Octane,3525000,2005,2700.0,96355,21,4588.333333333333,0.8884228187919463,0.013926174496644295,High
Toyota Premio 5 Seater 2011,Toyota,Premio,Automatic,Octane,2280000,2011,1500.0,68000,15,4533.333333333333,0.8884228187919463,0.05285234899328859,Low
Toyota Fielder Ex Hybrid 2020,Toyota,Fielder,Automatic,"Petrol, Octane",2250000,2020,1500.0,58000,6,9666.666666666666,0.8884228187919463,0.057885906040268456,Low
Toyota Premio F 2006,Toyota,Premio,Automatic,"Octane, LPG",1580000,2006,1500.0,84215,20,4210.75,0.8884228187919463,0.05285234899328859,Low
Toyota Hiace silver 2010,Toyota,Hiace,Automatic,CNG,2020000,2010,2000.0,89000,16,5562.5,0.8884228187919463,0.09429530201342282,Low
Toyota Harrier Non Hybrid 2021,Toyota,Harrier,Automatic,"Petrol, Octane",6800000,2021,2000.0,58746,5,11749.2,0.8884228187919463,0.03976510067114094,Luxury
Toyota Corolla Cross Hybrid Z Leather 4.5 2023,Toyota,Corolla Cross,Automatic,"Petrol, Hybrid, Octane",5150000,2023,1800.0,24000,3,8000.0,0.8884228187919463,0.07097315436241611,Luxury
Nissan X-Trail Jeep 2011,Nissan,X-Trail,Automatic,Octane,1695000,2011,2000.0,76000,15,5066.666666666667,0.02365771812080537,0.015436241610738255,Low
Nissan Sunny silver 2004,Nissan,Sunny,Automatic,"CNG, Octane",650000,2004,1500.0,76000,22,3454.5454545454545,0.02365771812080537,0.002181208053691275,Low
Toyota Axio Hybrid EX 2020,Toyota,Axio,Automatic,"Petrol, Octane",2250000,2020,1500.0,52000,6,8666.666666666666,0.8884228187919463,0.10939597315436242,Low
Toyota Allion A15 2003,Toyota,Allion,Automatic,"Octane, LPG",1299000,2003,1500.0,89000,23,3869.5652173913045,0.8884228187919463,0.03120805369127517,Low
Toyota Hiace GL HITER BOX 2020,Toyota,Hiace,Automatic,"Petrol, Octane",3500000,2020,2000.0,75000,6,12500.0,0.8884228187919463,0.09429530201342282,High
Toyota Corolla Cross Z LEATHER MOONROOF-5 2024,Toyota,Corolla Cross,Automatic,"Petrol, Hybrid, Octane",5700000,2024,1800.0,4,2,2.0,0.8884228187919463,0.07097315436241611,Luxury
Toyota Axio X Grade 2014,Toyota,Axio,Automatic,Petrol,1800000,2014,1496.0,60000,12,5000.0,0.8884228187919463,0.10939597315436242,Low
Toyota Axio G 2011,Toyota,Axio,Automatic,"CNG, Octane",1470000,2011,1500.0,87000,15,5800.0,0.8884228187919463,0.10939597315436242,Low
Toyota Corolla x 2002,Toyota,Corolla,Automatic,"CNG, Octane",950000,2002,1500.0,95000,24,3958.3333333333335,0.8884228187919463,0.04848993288590604,Low
Toyota Premio push start 2011,Toyota,Premio,Automatic,"CNG, Octane",2150000,2011,1500.0,75000,15,5000.0,0.8884228187919463,0.05285234899328859,Low
Toyota Axio push start 2012,Toyota,Axio,Automatic,"CNG, Octane",1670000,2012,1500.0,59000,14,4214.285714285715,0.8884228187919463,0.10939597315436242,Low
Toyota Carina ti 1999,Toyota,Carina,Automatic,Octane,750000,1999,1500.0,87000,27,3222.222222222222,0.8884228187919463,0.0008389261744966443,Low
Toyota Noah X 2006,Toyota,Noah,Automatic,"CNG, Octane",1230000,2006,2000.0,95000,20,4750.0,0.8884228187919463,0.10671140939597315,Low
Toyota Premio push start 2009,Toyota,Premio,Automatic,"CNG, Octane",1900000,2009,1500.0,95000,17,5588.235294117647,0.8884228187919463,0.05285234899328859,Low
Toyota Corolla Cross Z PKG 2025,Toyota,Corolla Cross,Automatic,"Hybrid, Octane",6600000,2025,1790.0,8,1,8.0,0.8884228187919463,0.07097315436241611,Luxury
Nissan Sunny octane draive 2011,Nissan,Sunny,Automatic,Octane,1095000,2011,1300.0,87265,15,5817.666666666667,0.02365771812080537,0.002181208053691275,Low
Toyota Premio push start 2010,Toyota,Premio,Automatic,"CNG, Octane",1920000,2010,1500.0,79000,16,4937.5,0.8884228187919463,0.05285234899328859,Low
Toyota Fielder 5 Seater 2004,Toyota,Fielder,Automatic,"CNG, Octane",1400000,2004,1500.0,75000,22,3409.090909090909,0.8884228187919463,0.057885906040268456,Low
Toyota Fielder 5 Seater 2012,Toyota,Fielder,Automatic,"CNG, Octane",1620000,2012,1500.0,85000,14,6071.428571428572,0.8884228187919463,0.057885906040268456,Low
Toyota Hiace GL DUAL AC TRH 2021,Toyota,Hiace,Automatic,"Petrol, Octane",3600000,2021,2000.0,43000,5,8600.0,0.8884228187919463,0.09429530201342282,High
Mitsubishi Eclipse Cross 2022,Mitsubishi,Eclipse Cross,Automatic,"Octane, Other fuel type",4800000,2022,1500.0,60123,4,15030.75,0.012583892617449664,0.0003355704697986577,Luxury
Toyota Hiace 12 setter 2016,Toyota,Hiace,Automatic,"Octane, LPG",3450000,2016,1500.0,75000,10,7500.0,0.8884228187919463,0.09429530201342282,High
Nissan Bluebird 2006,Nissan,Bluebird,Automatic,Octane,1130000,2006,1500.0,79652,20,3982.6,0.02365771812080537,0.002181208053691275,Low
Toyota Fielder 5 Seater 2009,Toyota,Fielder,Automatic,"CNG, Octane",1500000,2009,1500.0,75000,17,4411.764705882353,0.8884228187919463,0.057885906040268456,Low
Toyota Premio 5 Seater 2008,Toyota,Premio,Automatic,Octane,2080000,2008,1500.0,85000,18,4722.222222222223,0.8884228187919463,0.05285234899328859,Low
Toyota Allion G plus 2014,Toyota,Allion,Automatic,Octane,2495000,2014,1500.0,56000,12,4666.666666666667,0.8884228187919463,0.03120805369127517,Medium
Toyota Premio 2007,Toyota,Premio,Automatic,"CNG, Octane",1660000,2009,1500.0,46566,17,2739.176470588235,0.8884228187919463,0.05285234899328859,Low
Toyota Premio red wine 2004,Toyota,Premio,Automatic,"CNG, Octane",1300000,2004,1500.0,85000,22,3863.6363636363635,0.8884228187919463,0.05285234899328859,Low
Toyota Esquire  2000,Toyota,Esquire,Automatic,"CNG, Octane",480000,2000,1500.0,100000,26,3846.153846153846,0.8884228187919463,0.05855704697986577,Low
Toyota Axio . 2014,Toyota,Axio,Automatic,Hybrid,1560000,2014,1500.0,120000,12,10000.0,0.8884228187919463,0.10939597315436242,Low
Toyota Noah With 7 Seater 2022,Toyota,Noah,Automatic,Octane,4820000,2022,2000.0,60672,4,15168.0,0.8884228187919463,0.10671140939597315,Luxury
Toyota Corolla HY WXB Touring 4 AP 2020,Toyota,Corolla,Automatic,"Petrol, Hybrid, Octane",3250000,2020,1800.0,44000,6,7333.333333333333,0.8884228187919463,0.04848993288590604,Medium
Toyota Corolla HY WXB TOURING 4.5 2020,Toyota,Corolla,Automatic,"Petrol, Hybrid, Octane",3380000,2020,1800.0,29000,6,4833.333333333333,0.8884228187919463,0.04848993288590604,Medium
Toyota Mark II GX100 TRENTE 2.0L 1997,Toyota,Mark II,Automatic,"Petrol, Octane, LPG",1120000,1997,2000.0,82000,29,2827.5862068965516,0.8884228187919463,0.0003355704697986577,Low
Toyota Alphard Executive Loung 4 2020,Toyota,Alphard,Automatic,"Petrol, Hybrid, Octane",9400000,2020,2500.0,80363,6,13393.833333333334,0.8884228187919463,0.0050335570469798654,Luxury
Toyota Axio Ex hyb push 3.5pt 2020,Toyota,Axio,Automatic,"Hybrid, Octane",2250000,2020,1500.0,95956,6,15992.666666666666,0.8884228187919463,0.10939597315436242,Low
Toyota Axio EX PUSH HYBRID 2020,Toyota,Axio,Automatic,Hybrid,2450000,2020,1500.0,90000,6,15000.0,0.8884228187919463,0.10939597315436242,Medium
Toyota Fielder Ex Non Hyb push 3.5p 2020,Toyota,Fielder,Automatic,"Octane, Other fuel type",2650000,2020,1500.0,99985,6,16664.166666666668,0.8884228187919463,0.057885906040268456,Medium
Toyota Esquire With 7 Seater 2020,Toyota,Esquire,Automatic,"Hybrid, Octane",3800000,2020,1800.0,47228,6,7871.333333333333,0.8884228187919463,0.05855704697986577,High
Toyota Axio Ex Non Hyb push 4pt 2020,Toyota,Axio,Automatic,"Hybrid, Octane",2650000,2020,1500.0,85236,6,14206.0,0.8884228187919463,0.10939597315436242,Medium
Toyota Prius S Touring Hyb 4pt 2018,Toyota,Prius,Automatic,"Hybrid, Octane",2750000,2018,1800.0,90555,8,11319.375,0.8884228187919463,0.029865771812080538,Medium
Toyota Premio push state imarjenci 2010,Toyota,Premio,Automatic,"CNG, Octane",1890000,2010,1500.0,98000,16,6125.0,0.8884228187919463,0.05285234899328859,Low
Toyota Prius S SAfety package 2020,Toyota,Prius,Automatic,"Hybrid, Octane",2750000,2020,1800.0,47000,6,7833.333333333333,0.8884228187919463,0.029865771812080538,Medium
Toyota Corolla Cross Z leather hyb 4.5pt 2022,Toyota,Corolla Cross,Automatic,"Hybrid, Octane",4700000,2022,1800.0,41222,4,10305.5,0.8884228187919463,0.07097315436241611,Luxury
Toyota Noah SI WXB HYBRID 2020,Toyota,Noah,Automatic,"Petrol, Hybrid",3520000,2020,1800.0,98000,6,16333.333333333334,0.8884228187919463,0.10671140939597315,High
Toyota Corolla X 2005,Toyota,Corolla,Automatic,"CNG, Octane",1150000,2005,1500.0,87000,21,4142.857142857143,0.8884228187919463,0.04848993288590604,Low
Toyota Axio white 2009,Toyota,Axio,Automatic,Octane,1380000,2009,1500.0,89000,17,5235.294117647059,0.8884228187919463,0.10939597315436242,Low
Toyota Fielder Ex Hyb push 4pt 2020,Toyota,Fielder,Automatic,"Hybrid, Octane",2320000,2020,1500.0,85236,6,14206.0,0.8884228187919463,0.057885906040268456,Low
Toyota Corolla G 2001,Toyota,Corolla,Automatic,"CNG, Octane",1080000,2001,1500.0,47467,25,1898.68,0.8884228187919463,0.04848993288590604,Low
Toyota Axio silver 2010,Toyota,Axio,Automatic,Octane,1540000,2010,1500.0,85000,16,5312.5,0.8884228187919463,0.10939597315436242,Low
Toyota Noah X Non hyb 3.5pt key 2020,Toyota,Noah,Automatic,"Octane, Other fuel type",3500000,2020,2000.0,68000,6,11333.333333333334,0.8884228187919463,0.10671140939597315,High
Suzuki Swift vvti eng a2aa-aaa 2004,Suzuki,Swift,Automatic,Octane,550000,2004,1331.0,78000,22,3545.4545454545455,0.002348993288590604,0.0005033557046979866,Low
Honda Vezel Z Package Nonhybrid 2014,Honda,Vezel,Automatic,Octane,2099999,2014,1500.0,56000,12,4666.666666666667,0.0424496644295302,0.006711409395973154,Low
Hyundai Tucson sunroof 2017,Hyundai,Tucson,Automatic,Octane,2740000,2017,2000.0,57300,9,6366.666666666667,0.0028523489932885905,0.0005033557046979866,Medium
Toyota Premio 2006,Toyota,Premio,Automatic,"CNG, Octane",1550000,2008,1500.0,200000,18,11111.111111111111,0.8884228187919463,0.05285234899328859,Low
Toyota C-HR G 2020,Toyota,C-HR,Automatic,Hybrid,3400000,2020,1800.0,71000,6,11833.333333333334,0.8884228187919463,0.027181208053691275,High
Toyota Corolla WXB HY FULL LOADED 2020,Toyota,Corolla,Automatic,"Petrol, Hybrid, Octane",3200000,2020,1800.0,84647,6,14107.833333333334,0.8884228187919463,0.04848993288590604,Medium
Toyota Esquire GI PREMIUM HYBRID 2021,Toyota,Esquire,Automatic,Hybrid,3980000,2021,1800.0,56743,5,11348.6,0.8884228187919463,0.05855704697986577,High
Toyota Axio EX PACKAGE NON-HY 2021,Toyota,Axio,Automatic,"Petrol, Octane",2640000,2021,1500.0,45682,5,9136.4,0.8884228187919463,0.10939597315436242,Medium
Toyota Hiace GL AMBULANCE 2021,Toyota,Hiace,Automatic,"Petrol, Octane",2680000,2021,2000.0,84362,5,16872.4,0.8884228187919463,0.09429530201342282,Medium
Toyota Hiace Super GL DARKPRIME 2018,Toyota,Hiace,Automatic,"Petrol, Hybrid, Octane",4100000,2018,2000.0,68075,8,8509.375,0.8884228187919463,0.09429530201342282,High
Toyota C-HR G-LED Hybrid 2019,Toyota,C-HR,Automatic,"Petrol, Hybrid, Octane",3730000,2019,1800.0,59473,7,8496.142857142857,0.8884228187919463,0.027181208053691275,High
Honda Civic S Package OCTANE 2020,Honda,Civic,Automatic,Petrol,3750000,2020,1500.0,47000,6,7833.333333333333,0.0424496644295302,0.003355704697986577,High
Toyota Noah G Pkg 2 Door Power 2017,Toyota,Noah,Automatic,"Petrol, Hybrid, Octane",2900000,2017,1800.0,108470,9,12052.222222222223,0.8884228187919463,0.10671140939597315,Medium
Toyota Premio F-EX Package 2017,Toyota,Premio,Automatic,Octane,3250000,2017,1500.0,63000,9,7000.0,0.8884228187919463,0.05285234899328859,Medium
Nissan Sunny EX salon 2004,Nissan,Sunny,Automatic,"Octane, LPG",770000,2004,1500.0,72000,22,3272.7272727272725,0.02365771812080537,0.002181208053691275,Low
Toyota Esquire GI PREMIUM Hybrid 2019,Toyota,Esquire,Automatic,Hybrid,3650000,2019,1800.0,111000,7,15857.142857142857,0.8884228187919463,0.05855704697986577,High
Toyota Probox 2003,Toyota,Probox,Automatic,"CNG, Octane",680000,2008,1500.0,70000,18,3888.8888888888887,0.8884228187919463,0.00436241610738255,Low
Nissan Bluebird sylphy 2006,Nissan,Bluebird,Automatic,Octane,1130000,2006,1500.0,77452,20,3872.6,0.02365771812080537,0.002181208053691275,Low
Toyota Noah DX 2006,Toyota,Noah,Automatic,"CNG, Octane",1270000,2006,1800.0,72000,20,3600.0,0.8884228187919463,0.10671140939597315,Low
Toyota Corona Premio 1999,Toyota,Corona,Automatic,Octane,670000,1999,1580.0,170000,27,6296.2962962962965,0.8884228187919463,0.0006711409395973154,Low
Toyota Axio EX OCTANE WHITE 2020,Toyota,Axio,Automatic,Petrol,2690000,2020,1500.0,87000,6,14500.0,0.8884228187919463,0.10939597315436242,Medium
Toyota Yaris Cross G PACKAGE 2020,Toyota,Yaris Cross,Automatic,Hybrid,3380000,2020,1500.0,45000,6,7500.0,0.8884228187919463,0.02097315436241611,Medium
Toyota Premio F-Ex Mica Blue 4.5 2021,Toyota,Premio,Automatic,"Petrol, Octane",4750000,2021,1500.0,32000,5,6400.0,0.8884228187919463,0.05285234899328859,Luxury
Toyota Corolla Cross Z LEATHER BLACK 2022,Toyota,Corolla Cross,Automatic,Hybrid,4799000,2022,1800.0,62000,4,15500.0,0.8884228187919463,0.07097315436241611,Luxury
"Toyota C-HR G MODE NERO,POINT4.5 2020",Toyota,C-HR,Automatic,Hybrid,3575000,2020,1800.0,96000,6,16000.0,0.8884228187919463,0.027181208053691275,High
Toyota Esquire Gi Non HV Pearl 2020,Toyota,Esquire,Automatic,"Petrol, Octane",4150000,2020,2000.0,50258,6,8376.333333333334,0.8884228187919463,0.05855704697986577,High
Toyota Esquire Gi Hybrid Pearl 2020,Toyota,Esquire,Automatic,Hybrid,3590000,2020,1800.0,56780,6,9463.333333333334,0.8884228187919463,0.05855704697986577,High
Toyota Corolla Cross Z Leather Pearl 2022,Toyota,Corolla Cross,Automatic,Hybrid,4750000,2022,1800.0,58000,4,14500.0,0.8884228187919463,0.07097315436241611,Luxury
Toyota Harrier Z Leather Non HV 2020,Toyota,Harrier,Automatic,"Petrol, Octane",7890000,2020,2000.0,25714,6,4285.666666666667,0.8884228187919463,0.03976510067114094,Luxury
Toyota Esquire Gi Non HV Mica Blue 2020,Toyota,Esquire,Automatic,"Petrol, Octane",4360000,2020,2000.0,53118,6,8853.0,0.8884228187919463,0.05855704697986577,High
Toyota Corolla 111 Super conditions 1999,Toyota,Corolla,Automatic,"CNG, Octane",540000,1999,1331.0,115000,27,4259.259259259259,0.8884228187919463,0.04848993288590604,Low
Toyota Premio Fex Package Limited 2015,Toyota,Premio,Automatic,"Octane, LPG",2650000,2015,1500.0,51118,11,4647.090909090909,0.8884228187919463,0.05285234899328859,Medium
Toyota Corolla X Over Fresh 2005,Toyota,Corolla,Automatic,"Petrol, CNG, Octane",1350000,2005,1500.0,86200,21,4104.761904761905,0.8884228187919463,0.04848993288590604,Low
Toyota Passo G CANDY RED 2004,Toyota,Passo,Automatic,Octane,450000,2004,1000.0,67000,22,3045.4545454545455,0.8884228187919463,0.0038590604026845637,Low
Toyota Corolla Cross FULL LOADED Z PKG 2023,Toyota,Corolla Cross,Automatic,Hybrid,4650000,2023,1800.0,30321,3,10107.0,0.8884228187919463,0.07097315436241611,Luxury
Toyota Axio Hybrid 2019,Toyota,Axio,Automatic,"Hybrid, Octane",2150000,2019,1500.0,67000,7,9571.42857142857,0.8884228187919463,0.10939597315436242,Low
Toyota Corolla G 40Th Anniversary 2006,Toyota,Corolla,Automatic,"Petrol, CNG, Octane",1280000,2006,1500.0,81100,20,4055.0,0.8884228187919463,0.04848993288590604,Low
Toyota Yaris Cross Z-LEATHER 2021,Toyota,Yaris Cross,Automatic,Hybrid,3350000,2021,1500.0,40000,5,8000.0,0.8884228187919463,0.02097315436241611,Medium
Toyota Harrier Old Shap Sunroof 2020,Toyota,Harrier,Automatic,"Petrol, Octane",6850000,2020,2000.0,40000,6,6666.666666666667,0.8884228187919463,0.03976510067114094,Luxury
Toyota Hiace Super GL Dark Prime2 2022,Toyota,Hiace,Automatic,"Petrol, Octane",4700000,2022,2000.0,57000,4,14250.0,0.8884228187919463,0.09429530201342282,Luxury
Toyota Noah G 2022,Toyota,Noah,Automatic,Hybrid,4500000,2022,1800.0,15000,4,3750.0,0.8884228187919463,0.10671140939597315,Luxury
Nissan X-Trail 2014,Nissan,X-Trail,Automatic,Octane,3000000,2016,2000.0,46000,10,4600.0,0.02365771812080537,0.015436241610738255,Medium
Toyota Corolla Cross S PANAROMIC ROOF 2022,Toyota,Corolla Cross,Automatic,Hybrid,4570000,2022,1800.0,46000,4,11500.0,0.8884228187919463,0.07097315436241611,Luxury
Toyota Esquire Gi Premium Hybrid 2020,Toyota,Esquire,Automatic,Hybrid,3870000,2020,1800.0,67000,6,11166.666666666666,0.8884228187919463,0.05855704697986577,High
Toyota Axio G 2013,Toyota,Axio,Automatic,"CNG, Octane",1750000,2013,1500.0,82000,13,6307.692307692308,0.8884228187919463,0.10939597315436242,Low
Toyota Harrier PREMIUM STYLE NOIR 2020,Toyota,Harrier,Automatic,"Petrol, Octane",6750000,2020,2000.0,54000,6,9000.0,0.8884228187919463,0.03976510067114094,Luxury
Toyota Harrier Z-LEATHER 2020,Toyota,Harrier,Automatic,"Petrol, Octane",8030000,2020,2000.0,60000,6,10000.0,0.8884228187919463,0.03976510067114094,Luxury
Toyota Hiace High Roof Ambulance 2020,Toyota,Hiace,Automatic,"Petrol, Octane",3000000,2020,2000.0,61000,6,10166.666666666666,0.8884228187919463,0.09429530201342282,Medium
Toyota Harrier Premium 2020,Toyota,Harrier,Automatic,"Petrol, Octane",7020000,2020,2000.0,91000,6,15166.666666666666,0.8884228187919463,0.03976510067114094,Luxury
"Toyota Noah X Power Door,8 Seat 2020",Toyota,Noah,Automatic,"Petrol, Octane",3730000,2020,2000.0,63000,6,10500.0,0.8884228187919463,0.10671140939597315,High
Toyota Harrier Z-LEATHER 2021,Toyota,Harrier,Automatic,"Petrol, Octane",8200000,2021,2000.0,70000,5,14000.0,0.8884228187919463,0.03976510067114094,Luxury
Toyota Noah Octen key 3.5p 2020,Toyota,Noah,Automatic,"Octane, Other fuel type",3520000,2020,2000.0,68123,6,11353.833333333334,0.8884228187919463,0.10671140939597315,High
Toyota Prius Alpha G 2020,Toyota,Prius,Automatic,Hybrid,3900000,2020,1800.0,43300,6,7216.666666666667,0.8884228187919463,0.029865771812080538,High
Toyota Noah X 2021,Toyota,Noah,Automatic,"Petrol, Octane",3800000,2021,2000.0,11100,5,2220.0,0.8884228187919463,0.10671140939597315,High
"Toyota Noah X 2 Door Power,Push 2021",Toyota,Noah,Automatic,"Petrol, Octane",3860000,2021,2000.0,92000,5,18400.0,0.8884228187919463,0.10671140939597315,High
Toyota Noah X Power Door 2020,Toyota,Noah,Automatic,"Petrol, Octane",3560000,2020,2000.0,68000,6,11333.333333333334,0.8884228187919463,0.10671140939597315,High
Toyota C-HR G-LED 2021,Toyota,C-HR,Automatic,Hybrid,3580000,2021,1800.0,4000,5,800.0,0.8884228187919463,0.027181208053691275,High
Toyota Premio FL-LED 2020,Toyota,Premio,Automatic,"Petrol, Octane",4430000,2020,1500.0,34000,6,5666.666666666667,0.8884228187919463,0.05285234899328859,Luxury
Toyota Noah S-Z 2022,Toyota,Noah,Automatic,Hybrid,5380000,2022,1800.0,8000,4,2000.0,0.8884228187919463,0.10671140939597315,Luxury
Toyota Hiace Ambulance DX 2021,Toyota,Hiace,Automatic,"Petrol, Octane",2870000,2021,2000.0,86000,5,17200.0,0.8884228187919463,0.09429530201342282,Medium
Toyota Aqua S hybrid 2020,Toyota,Aqua,Automatic,Hybrid,1900000,2020,1500.0,21721,6,3620.1666666666665,0.8884228187919463,0.015771812080536914,Low
Toyota Voxy S-Z 2022,Toyota,Voxy,Automatic,Hybrid,5290000,2022,1800.0,55000,4,13750.0,0.8884228187919463,0.027348993288590605,Luxury
Toyota Harrier Z-Leather 2020,Toyota,Harrier,Automatic,"Petrol, Octane",7950000,2020,2000.0,25200,6,4200.0,0.8884228187919463,0.03976510067114094,Luxury
Toyota Hiace Ambulance DX 2021,Toyota,Hiace,Automatic,"Petrol, Octane",2850000,2021,2000.0,114000,5,22800.0,0.8884228187919463,0.09429530201342282,Medium
Toyota Hiace Super GL Key Start 2020,Toyota,Hiace,Automatic,"Petrol, Octane",3900000,2020,2000.0,41000,6,6833.333333333333,0.8884228187919463,0.09429530201342282,High
Toyota Voxy ZS Sunroof 2020,Toyota,Voxy,Automatic,"Petrol, Octane",5130000,2020,2000.0,21000,6,3500.0,0.8884228187919463,0.027348993288590605,Luxury
Toyota Hiace Ambulance GL 2020,Toyota,Hiace,Automatic,"Petrol, Octane",2920000,2020,2000.0,85600,6,14266.666666666666,0.8884228187919463,0.09429530201342282,Medium
Toyota Prius S Touring 2020,Toyota,Prius,Automatic,Octane,2960000,2020,1500.0,47000,6,7833.333333333333,0.8884228187919463,0.029865771812080538,Medium
Toyota Corolla Cross Z LEATHER HARDTOP4.5 2021,Toyota,Corolla Cross,Automatic,Hybrid,4360000,2021,1800.0,53528,5,10705.6,0.8884228187919463,0.07097315436241611,High
Toyota Esquire GI Premium Ready 2025,Toyota,Esquire,Automatic,"Hybrid, Octane",4080000,2025,1800.0,45866,1,45866.0,0.8884228187919463,0.05855704697986577,High
Toyota Premio Fex Red Wine 2020,Toyota,Premio,Automatic,"Petrol, Octane",4580000,2020,1500.0,34892,6,5815.333333333333,0.8884228187919463,0.05285234899328859,Luxury
Toyota Premio Fex Black 2021,Toyota,Premio,Automatic,"Petrol, Octane",4770000,2021,1500.0,28600,5,5720.0,0.8884228187919463,0.05285234899328859,Luxury
Toyota Corolla . 2003,Toyota,Corolla,Automatic,"CNG, Octane",1020000,2003,1500.0,85000,23,3695.6521739130435,0.8884228187919463,0.04848993288590604,Low
Toyota Fielder Ex non Hyb push 3.5p 2020,Toyota,Fielder,Automatic,"Octane, Other fuel type",2650000,2020,1500.0,85632,6,14272.0,0.8884228187919463,0.057885906040268456,Medium
Honda Insight Ex Black Style RedHV 2021,Honda,Insight,Automatic,Hybrid,4350000,2021,1500.0,9000,5,1800.0,0.0424496644295302,0.015100671140939598,High
Honda Grace Lx Hybrid Pearl 2020,Honda,Grace,Automatic,Hybrid,2650000,2020,1500.0,35971,6,5995.166666666667,0.0424496644295302,0.0038590604026845637,Medium
Toyota Harrier Z leather Ready 2020,Toyota,Harrier,Automatic,Octane,7200000,2020,2000.0,12538,6,2089.6666666666665,0.8884228187919463,0.03976510067114094,Luxury
Toyota Premio Fex Silver 2020,Toyota,Premio,Automatic,"Petrol, Octane",4560000,2020,1500.0,55420,6,9236.666666666666,0.8884228187919463,0.05285234899328859,Luxury
Toyota Premio FL Silver 2020,Toyota,Premio,Automatic,"Petrol, Octane",4080000,2020,1500.0,74957,6,12492.833333333334,0.8884228187919463,0.05285234899328859,High
Toyota Axio Ex Hybrid Silver 2020,Toyota,Axio,Automatic,Hybrid,2650000,2020,1500.0,28243,6,4707.166666666667,0.8884228187919463,0.10939597315436242,Medium
Toyota Fielder Ex Hybrid White 2020,Toyota,Fielder,Automatic,Hybrid,2520000,2020,1500.0,65816,6,10969.333333333334,0.8884228187919463,0.057885906040268456,Medium
Toyota Fielder Ex Hybrid White 2021,Toyota,Fielder,Automatic,Hybrid,2340000,2021,1500.0,103125,5,20625.0,0.8884228187919463,0.057885906040268456,Low
Toyota Fielder Ex Hybrid White 2020,Toyota,Fielder,Automatic,Hybrid,2460000,2020,1500.0,66070,6,11011.666666666666,0.8884228187919463,0.057885906040268456,Medium
Toyota Axio Ex Hybrid Silver 2020,Toyota,Axio,Automatic,Hybrid,2390000,2020,1500.0,108775,6,18129.166666666668,0.8884228187919463,0.10939597315436242,Medium
Toyota Axio EX 2020,Toyota,Axio,Automatic,Hybrid,2560000,2020,1500.0,28000,6,4666.666666666667,0.8884228187919463,0.10939597315436242,Medium
Toyota Fielder Ex Non Hybrid Silver 2020,Toyota,Fielder,Automatic,"Petrol, Octane",2890000,2020,1500.0,71130,6,11855.0,0.8884228187919463,0.057885906040268456,Medium
Toyota Allion A15 G Black 2020,Toyota,Allion,Automatic,"Petrol, Octane",4190000,2020,1500.0,95224,6,15870.666666666666,0.8884228187919463,0.03120805369127517,High
Toyota Corolla Axio 2012,Toyota,Corolla,Manual,Petrol,1780000,2012,1500.0,17000,14,1214.2857142857142,0.8884228187919463,0.04848993288590604,Low
Toyota Allion G PLUS PEARL 2021,Toyota,Allion,Automatic,Petrol,4370000,2021,1500.0,33793,5,6758.6,0.8884228187919463,0.03120805369127517,High
Toyota Axio EX 2020,Toyota,Axio,Automatic,Hybrid,2690000,2020,1500.0,79000,6,13166.666666666666,0.8884228187919463,0.10939597315436242,Medium
Toyota Allion G pkg 2006,Toyota,Allion,Automatic,"Octane, LPG",1490000,2006,1500.0,91000,20,4550.0,0.8884228187919463,0.03120805369127517,Low
Toyota Aqua hybrid 2020,Toyota,Aqua,Automatic,"Petrol, Hybrid, Octane",1700000,2020,1500.0,56847,6,9474.5,0.8884228187919463,0.015771812080536914,Low
Toyota Premio F 2005,Toyota,Premio,Automatic,"Petrol, CNG",1515000,2005,1500.0,92000,21,4380.952380952381,0.8884228187919463,0.05285234899328859,Low
Toyota Allion G 2005,Toyota,Allion,Automatic,"CNG, Octane",1495000,2005,1500.0,91000,21,4333.333333333333,0.8884228187919463,0.03120805369127517,Low
Toyota Prius S 2020,Toyota,Prius,Automatic,Hybrid,2975000,2020,1800.0,63000,6,10500.0,0.8884228187919463,0.029865771812080538,Medium
Toyota Hiace Super GL Dark Prime 2022,Toyota,Hiace,Automatic,"Petrol, Octane",4670000,2022,2000.0,57000,4,14250.0,0.8884228187919463,0.09429530201342282,Luxury
Toyota Voxy S-Z 2022,Toyota,Voxy,Automatic,Hybrid,5420000,2022,1800.0,34100,4,8525.0,0.8884228187919463,0.027348993288590605,Luxury
Toyota Esquire Gi Premium 2020,Toyota,Esquire,Automatic,Hybrid,3750000,2020,1800.0,70000,6,11666.666666666666,0.8884228187919463,0.05855704697986577,High
Toyota Allion G PLUS 2020,Toyota,Allion,Automatic,Petrol,4470000,2020,1500.0,11212,6,1868.6666666666667,0.8884228187919463,0.03120805369127517,Luxury
Toyota Allion A15 PEARL 2020,Toyota,Allion,Automatic,Petrol,4410000,2020,1500.0,11000,6,1833.3333333333333,0.8884228187919463,0.03120805369127517,Luxury
Toyota Hiace DX AMBULANCE 2024,Toyota,Hiace,Automatic,Petrol,2870000,2024,2000.0,125155,2,62577.5,0.8884228187919463,0.09429530201342282,Medium
Toyota Corolla Cross Z LEATHER PEARL 2022,Toyota,Corolla Cross,Automatic,Petrol,4580000,2022,1800.0,46941,4,11735.25,0.8884228187919463,0.07097315436241611,Luxury
Toyota Corolla X 2005,Toyota,Corolla,Automatic,"Petrol, CNG",1245000,2005,1500.0,125000,21,5952.380952380952,0.8884228187919463,0.04848993288590604,Low
Toyota Axio EX 2020,Toyota,Axio,Automatic,Hybrid,2300000,2020,1500.0,74000,6,12333.333333333334,0.8884228187919463,0.10939597315436242,Low
Toyota Hiace AMBULANCE DXGL 2022,Toyota,Hiace,Automatic,"Petrol, Octane",3000000,2022,2000.0,52000,4,13000.0,0.8884228187919463,0.09429530201342282,Medium
Toyota Noah X 2020,Toyota,Noah,Automatic,"Petrol, Octane",4050000,2020,2000.0,72000,6,12000.0,0.8884228187919463,0.10671140939597315,High
Toyota Yaris Cross Z LEATHER HYBRID 2021,Toyota,Yaris Cross,Automatic,Petrol,3580000,2021,1500.0,70000,5,14000.0,0.8884228187919463,0.02097315436241611,High
Toyota Esquire GI PREMIUM HYBRID 2021,Toyota,Esquire,Automatic,Petrol,4050000,2021,1800.0,72122,5,14424.4,0.8884228187919463,0.05855704697986577,High
Toyota Axio X Ltd 2012,Toyota,Axio,Automatic,Octane,1590000,2012,1500.0,78000,14,5571.428571428572,0.8884228187919463,0.10939597315436242,Low
Toyota Fielder ex 2020,Toyota,Fielder,Automatic,"Petrol, Octane",2950000,2020,1500.0,62000,6,10333.333333333334,0.8884228187919463,0.057885906040268456,Medium
Toyota Fielder Ex 2020,Toyota,Fielder,Automatic,"Petrol, Octane",3050000,2020,1500.0,52000,6,8666.666666666666,0.8884228187919463,0.057885906040268456,Medium
Toyota Sienta G 2020,Toyota,Sienta,Automatic,Octane,2850000,2020,1500.0,81425,6,13570.833333333334,0.8884228187919463,0.009228187919463088,Medium
Toyota Allex 2005,Toyota,Allex,Automatic,"CNG, Octane",1190000,2010,1500.0,87000,16,5437.5,0.8884228187919463,0.00016778523489932885,Low
Toyota Rush Car 2006,Toyota,Rush,Automatic,"Octane, LPG",1295000,2006,1500.0,63000,20,3150.0,0.8884228187919463,0.0025167785234899327,Low
Toyota Prius S TOURING 2021,Toyota,Prius,Automatic,Petrol,3210000,2021,1800.0,29345,5,5869.0,0.8884228187919463,0.029865771812080538,Medium
Toyota Esquire GI PREMIUM HYBRID 2021,Toyota,Esquire,Automatic,Hybrid,4450000,2021,1800.0,20210,5,4042.0,0.8884228187919463,0.05855704697986577,Luxury
Toyota Esquire GI HYBRID PEARL 2020,Toyota,Esquire,Automatic,Hybrid,4310000,2020,1800.0,62332,6,10388.666666666666,0.8884228187919463,0.05855704697986577,High
Toyota Raum Car 2004,Toyota,Raum,Automatic,"CNG, Octane",965000,2004,1500.0,79000,22,3590.909090909091,0.8884228187919463,0.0015100671140939597,Low
Toyota Corolla Cross Z-LEATHER 2024,Toyota,Corolla Cross,Automatic,Hybrid,5670000,2024,1800.0,8200,2,4100.0,0.8884228187919463,0.07097315436241611,Luxury
Toyota Probox GL 2004,Toyota,Probox,Automatic,"Octane, LPG",675000,2004,1500.0,77000,22,3500.0,0.8884228187919463,0.00436241610738255,Low
Toyota Noah G SUNROOF 2020,Toyota,Noah,Automatic,"Petrol, Octane",5100000,2020,2000.0,55000,6,9166.666666666666,0.8884228187919463,0.10671140939597315,Luxury
Toyota Corolla X 2003,Toyota,Corolla,Automatic,"CNG, Octane",995000,2003,1500.0,69000,23,3000.0,0.8884228187919463,0.04848993288590604,Low
Toyota Corolla Cross Z Leather 2023,Toyota,Corolla Cross,Automatic,Hybrid,4400000,2023,1800.0,4613,3,1537.6666666666667,0.8884228187919463,0.07097315436241611,High
Toyota Prius S hybrid 2020,Toyota,Prius,Automatic,Hybrid,2900000,2020,1800.0,26000,6,4333.333333333333,0.8884228187919463,0.029865771812080538,Medium
Toyota Allion A15 Full Fresh 2004,Toyota,Allion,Automatic,"CNG, Octane",1450000,2004,1500.0,61188,22,2781.2727272727275,0.8884228187919463,0.03120805369127517,Low
Toyota Noah S-Z PKG HYBRID 2022,Toyota,Noah,Automatic,Hybrid,4350000,2022,1800.0,85000,4,21250.0,0.8884228187919463,0.10671140939597315,High
Toyota Axio EX PKG HYB 2019,Toyota,Axio,Automatic,Hybrid,2180000,2019,1500.0,102000,7,14571.42857142857,0.8884228187919463,0.10939597315436242,Low
Toyota Noah G PKG HYB 4 POINT 2020,Toyota,Noah,Automatic,Hybrid,3170000,2020,1800.0,112000,6,18666.666666666668,0.8884228187919463,0.10671140939597315,Medium
Honda Insight LX HYB 4 POINT 2020,Honda,Insight,Automatic,Hybrid,3600000,2020,1500.0,62000,6,10333.333333333334,0.0424496644295302,0.015100671140939598,High
Toyota Corolla X 2004,Toyota,Corolla,Automatic,"CNG, Octane",1165000,2004,1500.0,67000,22,3045.4545454545455,0.8884228187919463,0.04848993288590604,Low
Toyota Allion 2004,Toyota,Allion,Automatic,"CNG, Octane",1200000,2007,1500.0,80000,19,4210.526315789473,0.8884228187919463,0.03120805369127517,Low
Haval sunroof 2008,Haval,Other Model,Automatic,"Octane, LPG",1080000,2008,2300.0,14522,18,806.7777777777778,0.001174496644295302,0.005369127516778523,Low
Toyota Hiace super gl door power 2022,Toyota,Hiace,Automatic,"Petrol, CNG, Octane, LPG",4620000,2022,2000.0,58000,4,14500.0,0.8884228187919463,0.09429530201342282,Luxury
Toyota Corolla Cross Ready Stock 2021,Toyota,Corolla Cross,Automatic,Hybrid,4199999,2021,1800.0,26845,5,5369.0,0.8884228187919463,0.07097315436241611,High
Toyota C-HR G Mode Nero Two Tone 2020,Toyota,C-HR,Automatic,Hybrid,3450000,2020,1800.0,71300,6,11883.333333333334,0.8884228187919463,0.027181208053691275,High
Toyota Yaris Cross Z LEATHER 2021,Toyota,Yaris Cross,Automatic,Petrol,3640000,2021,1500.0,77832,5,15566.4,0.8884228187919463,0.02097315436241611,High
Toyota Axio EX 2021,Toyota,Axio,Automatic,Hybrid,2390000,2021,1500.0,84000,5,16800.0,0.8884228187919463,0.10939597315436242,Medium
Toyota Noah X PKG NON HYB 2020,Toyota,Noah,Automatic,Octane,3500000,2020,2000.0,108000,6,18000.0,0.8884228187919463,0.10671140939597315,High
Toyota Noah X PKG NON HYB 2020,Toyota,Noah,Automatic,Octane,3420000,2020,2000.0,87000,6,14500.0,0.8884228187919463,0.10671140939597315,High
Toyota Axio Limited Edition 2011,Toyota,Axio,Automatic,"CNG, Octane",1525000,2011,1500.0,98700,15,6580.0,0.8884228187919463,0.10939597315436242,Low
Toyota Hiace Super GL 2022,Toyota,Hiace,Automatic,"Petrol, Octane",4600000,2022,2000.0,58000,4,14500.0,0.8884228187919463,0.09429530201342282,Luxury
Toyota Axio EX OCTEN PUSH 4POINT 2020,Toyota,Axio,Automatic,Octane,2860000,2020,1500.0,91000,6,15166.666666666666,0.8884228187919463,0.10939597315436242,Medium
Toyota Axio EX PKG NON HYB 4 PNT 2020,Toyota,Axio,Automatic,Octane,2800000,2020,1500.0,106000,6,17666.666666666668,0.8884228187919463,0.10939597315436242,Medium
Toyota Axio EX PKG NON HYB 2020,Toyota,Axio,Automatic,Octane,2800000,2020,1500.0,105000,6,17500.0,0.8884228187919463,0.10939597315436242,Medium
Toyota Prius S SAFETY 4 POINT 2020,Toyota,Prius,Automatic,Hybrid,3040000,2020,1800.0,83000,6,13833.333333333334,0.8884228187919463,0.029865771812080538,Medium
Toyota Voxy ZS HYB RED DASHBOARD 2020,Toyota,Voxy,Automatic,Hybrid,3300000,2020,1800.0,141000,6,23500.0,0.8884228187919463,0.027348993288590605,Medium
Honda CR-V EX-L Sunroof 2015,Honda,CR-V,Automatic,Octane,3450000,2015,2000.0,56109,11,5100.818181818182,0.0424496644295302,0.011241610738255034,High
Toyota Premio F-EX 2017,Toyota,Premio,Automatic,Octane,3450000,2017,1500.0,45248,9,5027.555555555556,0.8884228187919463,0.05285234899328859,High
Toyota Fielder EX HYBRID 2020,Toyota,Fielder,Automatic,Hybrid,2620000,2020,1500.0,65125,6,10854.166666666666,0.8884228187919463,0.057885906040268456,Medium
Toyota Noah G HYBRID 2020,Toyota,Noah,Automatic,Hybrid,3320000,2020,1800.0,113000,6,18833.333333333332,0.8884228187919463,0.10671140939597315,Medium
Toyota Noah G HYBRID 2020,Toyota,Noah,Automatic,Hybrid,3300000,2020,1800.0,68000,6,11333.333333333334,0.8884228187919463,0.10671140939597315,Medium
Toyota Esquire GI PREMIUM HYBRID 2021,Toyota,Esquire,Automatic,Hybrid,3420000,2021,1800.0,120000,5,24000.0,0.8884228187919463,0.05855704697986577,High
Toyota Fielder EX LIKE G PACKAGE 2020,Toyota,Fielder,Automatic,"Petrol, Hybrid, Octane",2399000,2020,1500.0,70000,6,11666.666666666666,0.8884228187919463,0.057885906040268456,Medium
Toyota Fielder EX LIKE G PACKAGE 2020,Toyota,Fielder,Automatic,"Petrol, Hybrid, Octane",2299000,2020,1500.0,98000,6,16333.333333333334,0.8884228187919463,0.057885906040268456,Low
Toyota Probox DX 2004,Toyota,Probox,Automatic,"Petrol, CNG, Octane",570000,2004,1500.0,95352,22,4334.181818181818,0.8884228187919463,0.00436241610738255,Low
Toyota Allion G PLUS 2017,Toyota,Allion,Automatic,Octane,3400000,2017,1500.0,63282,9,7031.333333333333,0.8884228187919463,0.03120805369127517,High
Toyota Corolla Cross Z HARDTOP MODELISTA 2022,Toyota,Corolla Cross,Automatic,Hybrid,4400000,2022,1800.0,61000,4,15250.0,0.8884228187919463,0.07097315436241611,High
Toyota Corolla Cross Z HARDTOP MODELISTA 2022,Toyota,Corolla Cross,Automatic,Hybrid,4399999,2022,1800.0,58000,4,14500.0,0.8884228187919463,0.07097315436241611,High
Toyota Noah WXB Hybrid 2018,Toyota,Noah,Automatic,"Hybrid, Octane",2980000,2018,1800.0,59216,8,7402.0,0.8884228187919463,0.10671140939597315,Medium
Toyota Fielder EX NON HYBRID 2020,Toyota,Fielder,Automatic,Petrol,2690000,2020,1500.0,109425,6,18237.5,0.8884228187919463,0.057885906040268456,Medium
Toyota Yaris Cross Z LEATHER BROWN 360 2021,Toyota,Yaris Cross,Automatic,Hybrid,3280000,2021,1500.0,39000,5,7800.0,0.8884228187919463,0.02097315436241611,Medium
Toyota Yaris Full Fresh 2006,Toyota,Yaris,Automatic,Octane,1050000,2006,1300.0,67824,20,3391.2,0.8884228187919463,0.003355704697986577,Low
Toyota RAV4 Non Hybrid 2021,Toyota,RAV4,Automatic,"Petrol, Octane",5550000,2021,2000.0,54876,5,10975.2,0.8884228187919463,0.009731543624161074,Luxury
Toyota Hiace SUPER GL DARK PRIME2 2020,Toyota,Hiace,Automatic,Octane,4400000,2020,2000.0,69000,6,11500.0,0.8884228187919463,0.09429530201342282,High
Toyota Allion A15 2013,Toyota,Allion,Automatic,"Octane, LPG",2400000,2013,1500.0,100000,13,7692.307692307692,0.8884228187919463,0.03120805369127517,Medium
Toyota Esquire GI Premium 2019,Toyota,Esquire,Automatic,"Hybrid, Octane",3250000,2019,1800.0,65232,7,9318.857142857143,0.8884228187919463,0.05855704697986577,Medium
Toyota Esquire Non-hybrid 2014,Toyota,Esquire,Automatic,"Octane, LPG",3350000,2014,1800.0,110000,12,9166.666666666666,0.8884228187919463,0.05855704697986577,Medium
Toyota Premio F-EX 2020,Toyota,Premio,Automatic,"Petrol, Octane",4600000,2020,1500.0,55000,6,9166.666666666666,0.8884228187919463,0.05285234899328859,Luxury
Toyota Corolla Ready Stock 2020,Toyota,Corolla,Automatic,Hybrid,2999999,2020,1800.0,35242,6,5873.666666666667,0.8884228187919463,0.04848993288590604,Medium
Toyota Kluger V Pkg With Sunroof 2001,Toyota,Kluger,Automatic,"Petrol, Octane, LPG",1350000,2001,2362.0,68000,25,2720.0,0.8884228187919463,0.0008389261744966443,Low
Toyota Carina Ti My Road Pkg 1997,Toyota,Carina,Automatic,"Petrol, CNG, Octane",730000,1997,1498.0,88000,29,3034.4827586206898,0.8884228187919463,0.0008389261744966443,Low
Toyota Rush G HARD JEEP 2006,Toyota,Rush,Automatic,"Petrol, CNG, Octane",1100000,2006,1500.0,73200,20,3660.0,0.8884228187919463,0.0025167785234899327,Low
Toyota Prius S Touring Selection 2017,Toyota,Prius,Automatic,"Hybrid, Octane",2250000,2017,1800.0,68000,9,7555.555555555556,0.8884228187919463,0.029865771812080538,Low
Toyota Harrier Rx240 G Alcantara 2003,Toyota,Harrier,Automatic,"Petrol, Octane, LPG",1480000,2003,2400.0,68000,23,2956.521739130435,0.8884228187919463,0.03976510067114094,Low
Toyota Land Cruiser V8 VXR LIMITED 2014,Toyota,Land Cruiser,Automatic,Diesel,14500000,2014,4500.0,56000,12,4666.666666666667,0.8884228187919463,0.008557046979865772,Luxury
Nissan Sunny Ex Saloon 1.5L 2004,Nissan,Sunny,Automatic,"Petrol, CNG, Octane",640000,2004,1500.0,75000,22,3409.090909090909,0.02365771812080537,0.002181208053691275,Low
Toyota Hiace Super GL Dark Prime 2021,Toyota,Hiace,Automatic,"Petrol, Octane",4740000,2021,2000.0,20000,5,4000.0,0.8884228187919463,0.09429530201342282,Luxury
Toyota Hiace Super GL Dark Prime 2022,Toyota,Hiace,Automatic,"Petrol, Octane",4930000,2022,2000.0,41000,4,10250.0,0.8884228187919463,0.09429530201342282,Luxury
Toyota Prado 70Th Anniversary TxL 2022,Toyota,Prado,Automatic,"Petrol, Octane",16200000,2022,2700.0,44204,4,11051.0,0.8884228187919463,0.013926174496644295,Luxury
Toyota Prado TxL 7Seat Sunroof 2013,Toyota,Prado,Automatic,"Petrol, Octane",6350000,2013,2700.0,48000,13,3692.3076923076924,0.8884228187919463,0.013926174496644295,Luxury
Toyota Premio Fex Package 2016,Toyota,Premio,Automatic,"Petrol, Octane",3100000,2016,1500.0,35000,10,3500.0,0.8884228187919463,0.05285234899328859,Medium
Toyota Axio G PRE OWNED 2014,Toyota,Axio,Automatic,"Petrol, Octane, LPG",1840000,2014,1500.0,46000,12,3833.3333333333335,0.8884228187919463,0.10939597315436242,Low
Toyota Alphard EXECUTIVE LOUNGE 2023,Toyota,Alphard,Automatic,"Petrol, Hybrid, Octane",18000000,2023,2500.0,13000,3,4333.333333333333,0.8884228187919463,0.0050335570469798654,Luxury
Toyota Corolla 100 Se Limited 1993,Toyota,Corolla,Automatic,"Petrol, CNG, LPG",390000,1993,1498.0,92000,33,2787.878787878788,0.8884228187919463,0.04848993288590604,Low
Toyota Axio EX HYBRID PUSH START 2020,Toyota,Axio,Automatic,"Hybrid, Octane",2550000,2020,1500.0,10367,6,1727.8333333333333,0.8884228187919463,0.10939597315436242,Medium
Toyota Corolla Sedan Gx Package 2020,Toyota,Corolla,Automatic,"Petrol, Hybrid, Octane",2850000,2020,1800.0,76000,6,12666.666666666666,0.8884228187919463,0.04848993288590604,Medium
Toyota Noah NON HYBRID WXB AP-4 2020,Toyota,Noah,Automatic,"Petrol, Octane",4500000,2020,2000.0,69000,6,11500.0,0.8884228187919463,0.10671140939597315,Luxury
Toyota Harrier ADVANCE PREMIUM PKG 2020,Toyota,Harrier,Automatic,"Petrol, Octane",6900000,2020,2000.0,17984,6,2997.3333333333335,0.8884228187919463,0.03976510067114094,Luxury
Toyota Noah NON HYBRID WXB 4-AP 2020,Toyota,Noah,Automatic,"Petrol, Octane",4500000,2020,2000.0,54000,6,9000.0,0.8884228187919463,0.10671140939597315,Luxury
Toyota Corolla Cross Z LEATHER 5POINT 2023,Toyota,Corolla Cross,Automatic,"Petrol, Hybrid, Octane",4850000,2023,1800.0,5000,3,1666.6666666666667,0.8884228187919463,0.07097315436241611,Luxury
Toyota Sienta G 7Seater Push 2015,Toyota,Sienta,Automatic,Octane,1930000,2015,1500.0,38000,11,3454.5454545454545,0.8884228187919463,0.009228187919463088,Low
Toyota Hiace SUPER GL DUAL AC 2020,Toyota,Hiace,Automatic,"Petrol, Octane",4070000,2020,2000.0,75000,6,12500.0,0.8884228187919463,0.09429530201342282,High
Toyota Fielder WXB PUSH BLACK 2015,Toyota,Fielder,Automatic,"Petrol, Hybrid, Octane",1690000,2015,1500.0,68000,11,6181.818181818182,0.8884228187919463,0.057885906040268456,Low
Toyota Premio G Superior Grey 2010,Toyota,Premio,Automatic,"Petrol, Octane",2050000,2010,1500.0,68200,16,4262.5,0.8884228187919463,0.05285234899328859,Low
Toyota Premio Fex Package win 2021,Toyota,Premio,Automatic,"Petrol, Octane",3950000,2021,1500.0,16000,5,3200.0,0.8884228187919463,0.05285234899328859,High
Toyota Noah Esquire Gi Premium 2017,Toyota,Noah,Automatic,"Petrol, Hybrid, Octane",2700000,2017,1800.0,63000,9,7000.0,0.8884228187919463,0.10671140939597315,Medium
Toyota Aqua S Style Key Hybrid 2020,Toyota,Aqua,Automatic,"Petrol, Hybrid, Octane",1690000,2020,1500.0,89000,6,14833.333333333334,0.8884228187919463,0.015771812080536914,Low
CHERY TIGGO 8 PRO 7SEATER PANAROMIC 2023,CHERY,TIGGO 8 PRO,Automatic,"Petrol, Octane",4100000,2023,1600.0,13000,3,4333.333333333333,0.00016778523489932885,0.00016778523489932885,High
Toyota Noah ESQUIRE GI PREMIUM 2019,Toyota,Noah,Automatic,Octane,3780000,2019,2000.0,32000,7,4571.428571428572,0.8884228187919463,0.10671140939597315,High
Toyota Prado 70Th Anniversary 2021,Toyota,Prado,Automatic,"Petrol, Octane",14800000,2021,2700.0,10300,5,2060.0,0.8884228187919463,0.013926174496644295,Luxury
BMW X2 Sdrive 18i Sunroof 2018,BMW,X2,Automatic,"Petrol, Octane",6500000,2018,1500.0,13000,8,1625.0,0.0038590604026845637,0.00016778523489932885,Luxury
Toyota Axio G PUSH BROWN 2017,Toyota,Axio,Automatic,Octane,2350000,2017,1500.0,41000,9,4555.555555555556,0.8884228187919463,0.10939597315436242,Medium
Toyota Premio Fex Package Win 2017,Toyota,Premio,Automatic,"Petrol, Octane",3150000,2017,1500.0,42000,9,4666.666666666667,0.8884228187919463,0.05285234899328859,Medium
Toyota Fielder G PUSH HYBRID 2019,Toyota,Fielder,Automatic,"Hybrid, Octane",2050000,2019,1500.0,48000,7,6857.142857142857,0.8884228187919463,0.057885906040268456,Low
BMW 5 Series 530E TAN INTERIOR 2023,BMW,5 Series,Automatic,"Petrol, Hybrid, Octane",14700000,2023,2000.0,1986,3,662.0,0.0038590604026845637,0.0008389261744966443,Luxury
Lexus NX 350H F SPORT PKG 2022,Lexus,NX,Automatic,"Petrol, Hybrid, Octane",11500000,2022,2500.0,16767,4,4191.75,0.0068791946308724835,0.0010067114093959733,Luxury
Toyota Corolla Touring Wxb Package 2020,Toyota,Corolla,Automatic,"Petrol, Hybrid, Octane",3150000,2020,1500.0,60615,6,10102.5,0.8884228187919463,0.04848993288590604,Medium
Toyota Premio G PKG GOLDEN 2004,Toyota,Premio,Automatic,"Petrol, CNG, Octane",1460000,2004,1500.0,86000,22,3909.090909090909,0.8884228187919463,0.05285234899328859,Low
Toyota Prado AUTO WING 5POINT 2022,Toyota,Prado,Automatic,"Petrol, Octane",16900000,2022,2700.0,32000,4,8000.0,0.8884228187919463,0.013926174496644295,Luxury
Toyota Premio G PACKAGE SKY 2005,Toyota,Premio,Automatic,"Petrol, Octane",1500000,2005,1500.0,72000,21,3428.5714285714284,0.8884228187919463,0.05285234899328859,Low
Mitsubishi l200 Carry Boy Double Cab 2008,Mitsubishi,l200,Automatic,Diesel,1750000,2008,2400.0,62000,18,3444.4444444444443,0.012583892617449664,0.0015100671140939597,Low
Toyota Kluger V PKG 7SEAT SUNROOF 2005,Toyota,Kluger,Automatic,"Petrol, Octane",1700000,2005,2362.0,67000,21,3190.4761904761904,0.8884228187919463,0.0008389261744966443,Low
Toyota Fielder G MICA BLUE HYB 2018,Toyota,Fielder,Automatic,"Hybrid, Octane",1950000,2018,1500.0,47000,8,5875.0,0.8884228187919463,0.057885906040268456,Low
Toyota Premio G LIMITED PKG 2014,Toyota,Premio,Automatic,"Petrol, Octane",2700000,2014,1500.0,48000,12,4000.0,0.8884228187919463,0.05285234899328859,Medium
Toyota Premio G SUPERIOR BLACK 2010,Toyota,Premio,Automatic,"Petrol, CNG, Octane",2000000,2010,1500.0,69000,16,4312.5,0.8884228187919463,0.05285234899328859,Low
Toyota Corolla Cross Z LEATHER PKG 2022,Toyota,Corolla Cross,Automatic,"Petrol, Hybrid, Octane",4850000,2022,1800.0,19000,4,4750.0,0.8884228187919463,0.07097315436241611,Luxury
Toyota Corolla Cross 360PANAROMIC Z 2021,Toyota,Corolla Cross,Automatic,"Petrol, Hybrid, Octane",4750000,2021,1800.0,30409,5,6081.8,0.8884228187919463,0.07097315436241611,Luxury
Lexus NX 300H LUXURY SUV 2016,Lexus,NX,Automatic,"Petrol, Hybrid, Octane",5930000,2016,2500.0,46000,10,4600.0,0.0068791946308724835,0.0010067114093959733,Luxury
Toyota Fielder WXB PUSH LEATHER 2020,Toyota,Fielder,Automatic,"Hybrid, Octane",2450000,2020,1500.0,21000,6,3500.0,0.8884228187919463,0.057885906040268456,Medium
Toyota Prado TxL FACELIFTED 2012,Toyota,Prado,Automatic,"Petrol, Octane",6800000,2012,2700.0,68644,14,4903.142857142857,0.8884228187919463,0.013926174496644295,Luxury
Toyota Premio FL OLIVE GREY 2013,Toyota,Premio,Automatic,"Petrol, Octane",2500000,2013,1500.0,49000,13,3769.230769230769,0.8884228187919463,0.05285234899328859,Medium
Toyota Premio Fex Package 2017,Toyota,Premio,Automatic,"Petrol, Octane",3280000,2017,1500.0,49000,9,5444.444444444444,0.8884228187919463,0.05285234899328859,Medium
Toyota Premio G OVER FRESH 2015,Toyota,Premio,Automatic,"Petrol, Octane",2650000,2015,1500.0,38000,11,3454.5454545454545,0.8884228187919463,0.05285234899328859,Medium
Toyota Passo G WIN RED 1.0L 2008,Toyota,Passo,Automatic,"Petrol, Octane",700000,2008,1000.0,68000,18,3777.777777777778,0.8884228187919463,0.0038590604026845637,Low
Honda CR-V 7Seater Sunroof 1.5L 2020,Honda,CR-V,Automatic,"Petrol, Octane",5500000,2020,1500.0,12000,6,2000.0,0.0424496644295302,0.011241610738255034,Luxury
Toyota Premio Fex Mica Blue 2018,Toyota,Premio,Automatic,"Petrol, Octane",3600000,2018,1500.0,42000,8,5250.0,0.8884228187919463,0.05285234899328859,High
Toyota Fielder G OCTANE RUNS 2015,Toyota,Fielder,Automatic,"Petrol, Octane",2100000,2015,1500.0,46000,11,4181.818181818182,0.8884228187919463,0.057885906040268456,Low
Range Rover Vogue Sport Autobiography 2018,Range Rover,Vogue,Automatic,"Petrol, Hybrid, Octane",13500000,2018,2000.0,2500,8,312.5,0.002181208053691275,0.0015100671140939597,Luxury
Toyota Hiace Super Gl Black 2006,Toyota,Hiace,Automatic,"Petrol, CNG, Octane",1550000,2006,2000.0,87000,20,4350.0,0.8884228187919463,0.09429530201342282,Low
Toyota Prado Tx 7Seat Sunroof 2020,Toyota,Prado,Automatic,"Petrol, Octane",13500000,2020,2700.0,45000,6,7500.0,0.8884228187919463,0.013926174496644295,Luxury
Honda Grace Lx Package hybrid 2016,Honda,Grace,Automatic,"Petrol, Hybrid, Octane",1600000,2016,1500.0,62000,10,6200.0,0.0424496644295302,0.0038590604026845637,Low
Toyota Noah SI GRADE PUSH 2013,Toyota,Noah,Automatic,"Petrol, CNG, Octane",2180000,2013,2000.0,72000,13,5538.461538461538,0.8884228187919463,0.10671140939597315,Low
Toyota Corolla X BEIGES NZE121 2002,Toyota,Corolla,Automatic,"Petrol, CNG, Octane",970000,2002,1500.0,82000,24,3416.6666666666665,0.8884228187919463,0.04848993288590604,Low
Toyota Avanza S 7seat New Shape 2014,Toyota,Avanza,Automatic,"Petrol, CNG, Octane",1450000,2014,1330.0,53000,12,4416.666666666667,0.8884228187919463,0.0015100671140939597,Low
Toyota Rush G PUSH OCTANE 2012,Toyota,Rush,Automatic,Octane,1850000,2012,1500.0,51200,14,3657.1428571428573,0.8884228187919463,0.0025167785234899327,Low
Toyota Corolla 110 XE.SALOON 1997,Toyota,Corolla,Automatic,"Petrol, CNG, Octane",580000,1997,1500.0,82000,29,2827.5862068965516,0.8884228187919463,0.04848993288590604,Low
Toyota Succeed ULX PACKAGE 2014,Toyota,Succeed,Automatic,"Petrol, CNG, Octane",1290000,2014,1500.0,58000,12,4833.333333333333,0.8884228187919463,0.0003355704697986577,Low
Toyota Noah Regius G Sunroof 2001,Toyota,Noah,Automatic,Octane,900000,2001,2400.0,69000,25,2760.0,0.8884228187919463,0.10671140939597315,Low
Toyota Auris G GRADE PUSH 2011,Toyota,Auris,Automatic,"Petrol, Octane",1580000,2011,1500.0,58000,15,3866.6666666666665,0.8884228187919463,0.0006711409395973154,Low
Nissan X-Trail Mode Premier Autech 2018,Nissan,X-Trail,Automatic,"Petrol, Hybrid, Octane",2950000,2018,2000.0,25000,8,3125.0,0.02365771812080537,0.015436241610738255,Medium
Mitsubishi ASX Rockford Mivec 1.8L 2010,Mitsubishi,ASX,Automatic,"Petrol, Octane",1350000,2010,1800.0,53000,16,3312.5,0.012583892617449664,0.00016778523489932885,Low
Toyota Noah WXB PUSH OCTANE 2020,Toyota,Noah,Automatic,"Octane, LPG",3900000,2020,2000.0,45000,6,7500.0,0.8884228187919463,0.10671140939597315,High
Mercedes-Benz E-Class E200 AMG NIGHT PKG 2016,Mercedes-Benz,E-Class,Automatic,"Petrol, Octane",7350000,2016,2000.0,6000,10,600.0,0.0026845637583892616,0.0008389261744966443,Luxury
Toyota Fielder G GRADE PUSH 2009,Toyota,Fielder,Automatic,"Petrol, CNG, Octane",1480000,2009,1500.0,67000,17,3941.176470588235,0.8884228187919463,0.057885906040268456,Low
Mercedes-Benz E-Class E200 AMG PETROL 2016,Mercedes-Benz,E-Class,Automatic,"Petrol, Octane",7500000,2016,2000.0,70000,10,7000.0,0.0026845637583892616,0.0008389261744966443,Luxury
Mitsubishi l200 Double Cabin Pickup 2016,Mitsubishi,l200,Manual,Diesel,2250000,2016,2400.0,62000,10,6200.0,0.012583892617449664,0.0015100671140939597,Low
Toyota Axio G OVER FRESH 2012,Toyota,Axio,Automatic,"Petrol, CNG, Octane",1650000,2012,1500.0,65000,14,4642.857142857143,0.8884228187919463,0.10939597315436242,Low
Mazda Axela Super FreshCondition 2012,Mazda,Axela,Automatic,Octane,1655000,2012,1500.0,39000,14,2785.714285714286,0.0025167785234899327,0.001174496644295302,Low
Toyota Corolla X SILVER OCTANE 2005,Toyota,Corolla,Automatic,Octane,1180000,2005,1300.0,82000,21,3904.7619047619046,0.8884228187919463,0.04848993288590604,Low
Toyota Land Cruiser V8 VXR TURBO 4.5L 2014,Toyota,Land Cruiser,Automatic,Diesel,16500000,2014,4500.0,32612,12,2717.6666666666665,0.8884228187919463,0.008557046979865772,Luxury
Honda CR-V 7Seater Sunroof 1.5L 2024,Honda,CR-V,Automatic,"Petrol, Octane",8080000,2024,1500.0,7000,2,3500.0,0.0424496644295302,0.011241610738255034,Luxury
Nissan X-Trail 20Xi Sunroof Hybrid 2017,Nissan,X-Trail,Automatic,"Petrol, Hybrid, Octane",3000000,2017,2000.0,37735,9,4192.777777777777,0.02365771812080537,0.015436241610738255,Medium
Honda CR-V 1.5T Sunroof 7Seater 2024,Honda,CR-V,Automatic,"Petrol, Octane",8080000,2024,1500.0,8000,2,4000.0,0.0424496644295302,0.011241610738255034,Luxury
Toyota Fielder G HID SELECTION 2012,Toyota,Fielder,Automatic,"Petrol, CNG, Octane",1675000,2012,1500.0,68200,14,4871.428571428572,0.8884228187919463,0.057885906040268456,Low
Toyota Prado Tx 70Th Anniversary 2022,Toyota,Prado,Automatic,"Petrol, Octane",15500000,2022,2700.0,3600,4,900.0,0.8884228187919463,0.013926174496644295,Luxury
Toyota Prado Tx-L Win Sunroof 2003,Toyota,Prado,Automatic,"Petrol, Octane",2450000,2003,2700.0,68000,23,2956.521739130435,0.8884228187919463,0.013926174496644295,Medium
Toyota Harrier Z LEATHER PKG 2021,Toyota,Harrier,Automatic,"Petrol, Hybrid, Octane",6950000,2021,2500.0,77551,5,15510.2,0.8884228187919463,0.03976510067114094,Luxury
Toyota Corolla 110 XE SALOON 1997,Toyota,Corolla,Automatic,"Petrol, CNG, Octane",600000,1997,1500.0,92000,29,3172.4137931034484,0.8884228187919463,0.04848993288590604,Low
Toyota Alphard Executive Lounge 2020,Toyota,Alphard,Automatic,"Petrol, Hybrid, Octane",9500000,2020,2500.0,49000,6,8166.666666666667,0.8884228187919463,0.0050335570469798654,Luxury
Toyota Prado 70Th Anniversary TXL 2020,Toyota,Prado,Automatic,"Petrol, Octane",14000000,2020,2700.0,25820,6,4303.333333333333,0.8884228187919463,0.013926174496644295,Luxury
Toyota Prado Lc250 Fast Edition 2024,Toyota,Prado,Automatic,"Petrol, Octane",27500000,2024,2700.0,6000,2,3000.0,0.8884228187919463,0.013926174496644295,Luxury
Toyota Hiace SUPER GL PURPLE 2013,Toyota,Hiace,Automatic,"Petrol, CNG, Octane",2850000,2013,2000.0,82000,13,6307.692307692308,0.8884228187919463,0.09429530201342282,Medium
Toyota Noah Esquire Gi Octane 2020,Toyota,Noah,Automatic,"Petrol, CNG, Octane",3450000,2020,2000.0,72000,6,12000.0,0.8884228187919463,0.10671140939597315,High
Toyota Land Cruiser V8 AIR SUSPENSION VX 2013,Toyota,Land Cruiser,Automatic,Diesel,13000000,2013,4500.0,44200,13,3400.0,0.8884228187919463,0.008557046979865772,Luxury
Toyota Alphard Executive Lounge L 2019,Toyota,Alphard,Automatic,"Petrol, Hybrid, Octane",9000000,2019,2500.0,27000,7,3857.1428571428573,0.8884228187919463,0.0050335570469798654,Luxury
Toyota Highlander JBL PREMIUM 7SEATER 2022,Toyota,Highlander,Automatic,"Petrol, Hybrid, Octane",11000000,2022,2500.0,8000,4,2000.0,0.8884228187919463,0.0003355704697986577,Luxury
Suzuki Swift VTX LIMITED 1.3L 2017,Suzuki,Swift,Manual,Octane,1150000,2017,1300.0,40375,9,4486.111111111111,0.002348993288590604,0.0005033557046979866,Low
Toyota Noah X MICA BLUE MPV 2004,Toyota,Noah,Automatic,"Petrol, CNG, Octane",1060000,2004,2000.0,82000,22,3727.2727272727275,0.8884228187919463,0.10671140939597315,Low
Toyota Sienta 7Seater Dice G 2013,Toyota,Sienta,Automatic,"Petrol, Octane",1590000,2013,1500.0,68000,13,5230.7692307692305,0.8884228187919463,0.009228187919463088,Low
Toyota Crown Royal Saloon Sunroof 2014,Toyota,Crown,Automatic,"Petrol, Hybrid, Octane",4250000,2014,2500.0,48000,12,4000.0,0.8884228187919463,0.00587248322147651,High
Nissan Bluebird SYLPHY OVER FRESH 2007,Nissan,Bluebird,Automatic,"Petrol, Octane",1270000,2007,1500.0,59000,19,3105.2631578947367,0.02365771812080537,0.002181208053691275,Low
Toyota Hiace GL HUFF CELLING 2006,Toyota,Hiace,Automatic,"Petrol, CNG, Octane",1450000,2006,2000.0,82000,20,4100.0,0.8884228187919463,0.09429530201342282,Low
Toyota Hiace Super GL Grey Black 2010,Toyota,Hiace,Automatic,"Petrol, CNG, Octane",2000000,2010,2000.0,85000,16,5312.5,0.8884228187919463,0.09429530201342282,Low
Toyota Prado Land Cruiser TX-L 2021,Toyota,Prado,Automatic,"Petrol, Octane",24200000,2021,2700.0,17000,5,3400.0,0.8884228187919463,0.013926174496644295,Luxury
Toyota Prado Tx-L Limited 2019,Toyota,Prado,Automatic,"Petrol, Octane",12500000,2019,2700.0,25700,7,3671.4285714285716,0.8884228187919463,0.013926174496644295,Luxury
Toyota Fielder XG Silver Octane 2016,Toyota,Fielder,Automatic,"Petrol, Octane",2200000,2016,1500.0,53000,10,5300.0,0.8884228187919463,0.057885906040268456,Low
Toyota Premio FL PACKAGE WIN 2004,Toyota,Premio,Automatic,"Petrol, CNG, Octane",1370000,2004,1500.0,82000,22,3727.2727272727275,0.8884228187919463,0.05285234899328859,Low
Nissan Bluebird Sylphy Octane Runs 2006,Nissan,Bluebird,Automatic,Octane,1180000,2006,1500.0,68000,20,3400.0,0.02365771812080537,0.002181208053691275,Low
Toyota Prado TXL Sunroof limited 2004,Toyota,Prado,Automatic,Octane,2650000,2004,2700.0,69536,22,3160.7272727272725,0.8884228187919463,0.013926174496644295,Medium
Kia K9 Four Wheel Drive 1961,Kia,K9,Manual,"Octane, LPG",1450000,1961,1800.0,42000,65,646.1538461538462,0.0008389261744966443,0.00016778523489932885,Low
Toyota Land Cruiser V8 VXR WALD RIMS 2015,Toyota,Land Cruiser,Automatic,Diesel,18500000,2015,4500.0,44068,11,4006.181818181818,0.8884228187919463,0.008557046979865772,Luxury
Toyota Premio Fex Package Win 2018,Toyota,Premio,Automatic,Octane,3750000,2018,1500.0,29000,8,3625.0,0.8884228187919463,0.05285234899328859,High
Mazda MX-5 Roadster Convertible 2016,Mazda,MX-5,Manual,Octane,2950000,2016,1500.0,26512,10,2651.2,0.0025167785234899327,0.0008389261744966443,Medium
Toyota Premio Green Selection G 2006,Toyota,Premio,Automatic,"Petrol, CNG, Octane",1550000,2006,1500.0,86000,20,4300.0,0.8884228187919463,0.05285234899328859,Low
Toyota Noah S GRADE SKY BLUE 2003,Toyota,Noah,Automatic,"Petrol, CNG, Octane",1050000,2003,2000.0,82000,23,3565.217391304348,0.8884228187919463,0.10671140939597315,Low
Toyota Premio FEX PACKAGE 2015,Toyota,Premio,Automatic,"Petrol, Octane",2550000,2015,1500.0,52000,11,4727.272727272727,0.8884228187919463,0.05285234899328859,Medium
Proton X50 TGDI PANAROMIC 2022,Proton,Other Model,Automatic,"Petrol, Octane",2550000,2022,1500.0,18000,4,4500.0,0.0016778523489932886,0.005369127516778523,Medium
Toyota Noah X SMART MULTI VALVE 2013,Toyota,Noah,Automatic,"Petrol, CNG, Octane",2350000,2013,2000.0,67200,13,5169.2307692307695,0.8884228187919463,0.10671140939597315,Medium
Toyota Carina Ti My Road Pkg 1999,Toyota,Carina,Automatic,"Petrol, CNG, Octane",850000,1999,1498.0,87000,27,3222.222222222222,0.8884228187919463,0.0008389261744966443,Low
Toyota Corolla X LIMITED 2004,Toyota,Corolla,Automatic,"Petrol, CNG, Octane",1080000,2004,1500.0,82000,22,3727.2727272727275,0.8884228187919463,0.04848993288590604,Low
Toyota Corolla X SILVER 2004,Toyota,Corolla,Automatic,"Petrol, CNG, Octane",920000,2004,1500.0,86000,22,3909.090909090909,0.8884228187919463,0.04848993288590604,Low
Toyota RAV4 NEW SHAPE 2.4L 2005,Toyota,RAV4,Automatic,Octane,1350000,2005,2362.0,72000,21,3428.5714285714284,0.8884228187919463,0.009731543624161074,Low
Proton Preve 1.6L TURBO 2015,Proton,Preve,Automatic,"Petrol, Octane",850000,2015,1600.0,52000,11,4727.272727272727,0.0016778523489932886,0.00016778523489932885,Low
Toyota Corolla G LIMITED SILVER 2001,Toyota,Corolla,Automatic,"Petrol, CNG, Octane",980000,2001,1500.0,85000,25,3400.0,0.8884228187919463,0.04848993288590604,Low
Toyota Prado Tx-L Limited 2017,Toyota,Prado,Automatic,Octane,10800000,2017,2700.0,29402,9,3266.8888888888887,0.8884228187919463,0.013926174496644295,Luxury
Toyota Hiace SUPER GL BLACK 2008,Toyota,Hiace,Automatic,"Petrol, CNG, Octane",1820000,2008,2000.0,85000,18,4722.222222222223,0.8884228187919463,0.09429530201342282,Low
Toyota Noah GL Kr42 White 2007,Toyota,Noah,Automatic,"Petrol, CNG, Octane",1150000,2007,1800.0,82000,19,4315.789473684211,0.8884228187919463,0.10671140939597315,Low
Toyota Axio X HID WHITE 2007,Toyota,Axio,Automatic,"Petrol, CNG, Octane",1230000,2007,1500.0,68209,19,3589.9473684210525,0.8884228187919463,0.10939597315436242,Low
Toyota Prado TXL AUTO WING LTD 2023,Toyota,Prado,Automatic,"Petrol, Octane",18000000,2023,2700.0,6780,3,2260.0,0.8884228187919463,0.013926174496644295,Luxury
Toyota Axio EX PACKAGE PUSH 2020,Toyota,Axio,Automatic,"Petrol, Hybrid, Octane",2575000,2020,1500.0,69604,6,11600.666666666666,0.8884228187919463,0.10939597315436242,Medium
Nissan Bluebird Sylphy Beige Room G 2006,Nissan,Bluebird,Automatic,"Octane, LPG",1050000,2006,1500.0,72000,20,3600.0,0.02365771812080537,0.002181208053691275,Low
Toyota Fielder G AERO TOURER PUSH 2012,Toyota,Fielder,Automatic,Octane,1800000,2012,1500.0,67200,14,4800.0,0.8884228187919463,0.057885906040268456,Low
Toyota Land Cruiser ZX 4.6L V8 PATROL 2021,Toyota,Land Cruiser,Automatic,"Petrol, Octane",34500000,2021,4600.0,9000,5,1800.0,0.8884228187919463,0.008557046979865772,Luxury
Toyota Prado Tx-L Ltd Auto Wing 2023,Toyota,Prado,Automatic,"Petrol, Octane",17800000,2023,2700.0,7000,3,2333.3333333333335,0.8884228187919463,0.013926174496644295,Luxury
Toyota Prado Tx-L 7Seat Sunroof 2002,Toyota,Prado,Automatic,"Petrol, Octane",2350000,2002,2700.0,72000,24,3000.0,0.8884228187919463,0.013926174496644295,Medium
Mercedes-Benz E-Class E300E AMG NIGHT PKG 2019,Mercedes-Benz,E-Class,Automatic,"Petrol, Hybrid, Octane",10100000,2019,2000.0,6000,7,857.1428571428571,0.0026845637583892616,0.0008389261744966443,Luxury
Suzuki Wagon R ZX Zxi 2012,Suzuki,Wagon R ZX,Automatic,"Petrol, Octane",530000,2012,1000.0,42000,14,3000.0,0.002348993288590604,0.00016778523489932885,Low
Toyota Hiace Super Gl Silver 2013,Toyota,Hiace,Automatic,"Petrol, CNG, Octane",2650000,2013,2000.0,68200,13,5246.153846153846,0.8884228187919463,0.09429530201342282,Medium
Toyota Axio G HID SELECTION 2011,Toyota,Axio,Automatic,"Petrol, CNG, Octane",1500000,2011,1500.0,64200,15,4280.0,0.8884228187919463,0.10939597315436242,Low
Toyota Premio FEX PACKAGE 2017,Toyota,Premio,Automatic,"Petrol, Octane",3450000,2017,1500.0,26000,9,2888.8888888888887,0.8884228187919463,0.05285234899328859,High
Toyota Allion G LED OVER FRESH 2012,Toyota,Allion,Automatic,"Octane, LPG",2300000,2012,1500.0,53000,14,3785.714285714286,0.8884228187919463,0.03120805369127517,Low
Toyota Corolla G 40Th Anniversary 2006,Toyota,Corolla,Automatic,"Petrol, CNG, Octane",1300000,2006,1500.0,82000,20,4100.0,0.8884228187919463,0.04848993288590604,Low
Toyota Premio G PACKAGE LTD 2003,Toyota,Premio,Automatic,"Petrol, CNG, Octane",1250000,2003,1500.0,83000,23,3608.695652173913,0.8884228187919463,0.05285234899328859,Low
Toyota Fielder X.G EDITION WHITE 2012,Toyota,Fielder,Automatic,"Petrol, CNG, LPG",1670000,2012,1500.0,63000,14,4500.0,0.8884228187919463,0.057885906040268456,Low
Toyota Allion G EXTREMELY FRESH 2009,Toyota,Allion,Automatic,"Petrol, CNG, Octane",2000000,2009,1500.0,50000,17,2941.176470588235,0.8884228187919463,0.03120805369127517,Low
Toyota Harrier PREMIUM ELIGANGE 2014,Toyota,Harrier,Automatic,"Petrol, Octane",3850000,2014,2000.0,53000,12,4416.666666666667,0.8884228187919463,0.03976510067114094,High
Toyota Avanza G 7SEATER DUAL AC 2013,Toyota,Avanza,Automatic,"CNG, Octane",1420000,2013,1300.0,62000,13,4769.2307692307695,0.8884228187919463,0.0015100671140939597,Low
Toyota Premio FL PACKAGE WIN 2017,Toyota,Premio,Automatic,"Petrol, Octane",3150000,2017,1500.0,46200,9,5133.333333333333,0.8884228187919463,0.05285234899328859,Medium
Lexus ES 300H JDM S CLASS 2019,Lexus,ES,Automatic,"Petrol, Hybrid, Octane",8000000,2019,2500.0,42000,7,6000.0,0.0068791946308724835,0.0015100671140939597,Luxury
Toyota Premio Fex Package Mica 2019,Toyota,Premio,Automatic,"Petrol, Octane",3750000,2019,1500.0,28200,7,4028.5714285714284,0.8884228187919463,0.05285234899328859,High
Toyota Hiace Super GL Black 2011,Toyota,Hiace,Automatic,"Petrol, CNG, Octane",2500000,2011,2000.0,82000,15,5466.666666666667,0.8884228187919463,0.09429530201342282,Medium
Toyota Premio FL Package Gold 2003,Toyota,Premio,Automatic,"Petrol, CNG, Octane",1380000,2003,1500.0,86000,23,3739.1304347826085,0.8884228187919463,0.05285234899328859,Low
Toyota Hiace Super Gl Pkg 2020,Toyota,Hiace,Automatic,"Petrol, Octane",3930000,2020,2000.0,105000,6,17500.0,0.8884228187919463,0.09429530201342282,High
Toyota Prado Auto Foot Step TX-L 2014,Toyota,Prado,Automatic,"Petrol, Octane",8100000,2014,2700.0,60146,12,5012.166666666667,0.8884228187919463,0.013926174496644295,Luxury
Toyota Axio X Extremely Fresh 2014,Toyota,Axio,Automatic,"Petrol, CNG, Octane",1850000,2014,1500.0,62000,12,5166.666666666667,0.8884228187919463,0.10939597315436242,Low
Toyota Land Cruiser VX Lc250 1st Edition 2024,Toyota,Land Cruiser,Automatic,"Petrol, Octane",27200000,2024,2700.0,9529,2,4764.5,0.8884228187919463,0.008557046979865772,Luxury
Toyota Hiace SUPER GL SILVER 2007,Toyota,Hiace,Automatic,"CNG, Octane",1700000,2007,2000.0,72000,19,3789.4736842105262,0.8884228187919463,0.09429530201342282,Low
Mercedes-Benz GLS-Class GLS450 NIGHT PACKAGE 2021,Mercedes-Benz,GLS-Class,Automatic,"Petrol, Octane",25000000,2021,3000.0,19000,5,3800.0,0.0026845637583892616,0.0005033557046979866,Luxury
Range Rover 400 Sport Autobiography 2021,Range Rover,400,Automatic,"Petrol, Octane",18000000,2021,2000.0,11000,5,2200.0,0.002181208053691275,0.00016778523489932885,Luxury
Toyota Noah VOXY SZ PACKAGE 2023,Toyota,Noah,Automatic,"Hybrid, Octane",5140000,2023,1800.0,17326,3,5775.333333333333,0.8884228187919463,0.10671140939597315,Luxury
Mercedes-Benz GLS-Class GLS450 AMG PREMIUM 2021,Mercedes-Benz,GLS-Class,Automatic,"Petrol, Octane",23000000,2021,3000.0,25334,5,5066.8,0.0026845637583892616,0.0005033557046979866,Luxury
Toyota Allion G LIMITED EDITION 2006,Toyota,Allion,Automatic,"Petrol, CNG, Octane",1550000,2006,1500.0,87000,20,4350.0,0.8884228187919463,0.03120805369127517,Low
Toyota Premio Win Superior Pkg 2009,Toyota,Premio,Automatic,"Octane, LPG",1890000,2009,1500.0,68000,17,4000.0,0.8884228187919463,0.05285234899328859,Low
Mitsubishi X-Pander 7Seat JAPAN Variant 2021,Mitsubishi,X-Pander,Automatic,"Petrol, Octane",2950000,2021,1500.0,26000,5,5200.0,0.012583892617449664,0.0015100671140939597,Medium
Nissan X-Trail XTT LEATHER-4X4 PKG 2010,Nissan,X-Trail,Automatic,"Petrol, Octane",1750000,2010,2000.0,63000,16,3937.5,0.02365771812080537,0.015436241610738255,Low
Toyota Corolla Cross JDM VERSION OCTANE 2022,Toyota,Corolla Cross,Automatic,Octane,3750000,2022,1800.0,14456,4,3614.0,0.8884228187919463,0.07097315436241611,High
Toyota Premio FEX PACKAGE 2018,Toyota,Premio,Automatic,"Petrol, Octane",3600000,2018,1500.0,52313,8,6539.125,0.8884228187919463,0.05285234899328859,High
Toyota Vitz G PUSH SILVER 2010,Toyota,Vitz,Automatic,"Petrol, Octane",1040000,2010,1331.0,57200,16,3575.0,0.8884228187919463,0.0041946308724832215,Low
Toyota Axio G PUSH GOLD 2013,Toyota,Axio,Automatic,"Petrol, Octane",1780000,2013,1500.0,42313,13,3254.846153846154,0.8884228187919463,0.10939597315436242,Low
Toyota Premio G PACKAGE PUSH 2010,Toyota,Premio,Automatic,"Petrol, Octane",2150000,2010,2000.0,68000,16,4250.0,0.8884228187919463,0.05285234899328859,Low
Toyota C-HR 2020,Toyota,C-HR,Automatic,"Hybrid, Octane",3350000,2020,1800.0,45000,6,7500.0,0.8884228187919463,0.027181208053691275,Medium
Toyota C-HR Hybrid 2020,Toyota,C-HR,Automatic,"Hybrid, Octane",3350000,2020,1800.0,52000,6,8666.666666666666,0.8884228187919463,0.027181208053691275,Medium
Toyota Corolla Cross 2021 Hybrid,Toyota,Corolla Cross,Automatic,"Hybrid, Octane",4240000,2021,1800.0,65236,5,13047.2,0.8884228187919463,0.07097315436241611,High
Toyota Hiace DX 2020,Toyota,Hiace,Automatic,"Petrol, Octane",3050000,2020,2000.0,96520,6,16086.666666666666,0.8884228187919463,0.09429530201342282,Medium
Toyota Hiace Super GL 2020,Toyota,Hiace,Automatic,"Petrol, Octane",4130000,2020,2000.0,106000,6,17666.666666666668,0.8884228187919463,0.09429530201342282,High
Toyota Hiace Super GL 2020,Toyota,Hiace,Automatic,"Petrol, Octane",4050000,2020,2000.0,105000,6,17500.0,0.8884228187919463,0.09429530201342282,High
Toyota Axio Hybrid 2020,Toyota,Axio,Automatic,"Hybrid, Octane",2220000,2020,1500.0,74500,6,12416.666666666666,0.8884228187919463,0.10939597315436242,Low
Toyota Corolla Cross 2021 Hybrid,Toyota,Corolla Cross,Automatic,"Hybrid, Octane",4260000,2021,1800.0,50632,5,10126.4,0.8884228187919463,0.07097315436241611,High
Toyota Noah WXB 2020 Non Hybrid,Toyota,Noah,Automatic,Octane,4150000,2020,2000.0,70000,6,11666.666666666666,0.8884228187919463,0.10671140939597315,High
Toyota Noah WXB 2020 Hybrid,Toyota,Noah,Automatic,"Hybrid, Octane",3480000,2020,1800.0,89000,6,14833.333333333334,0.8884228187919463,0.10671140939597315,High
Toyota C-HR Hybrid 2020,Toyota,C-HR,Automatic,"Hybrid, Octane",3380000,2020,1500.0,53620,6,8936.666666666666,0.8884228187919463,0.027181208053691275,Medium
Toyota Esquire OO 2021,Toyota,Esquire,Automatic,"Petrol, Hybrid, Octane",4420000,2021,1800.0,51000,5,10200.0,0.8884228187919463,0.05855704697986577,Luxury
Toyota Aqua Hybrid L 2020,Toyota,Aqua,Automatic,"Petrol, Hybrid, Octane",1700000,2020,1500.0,49679,6,8279.833333333334,0.8884228187919463,0.015771812080536914,Low
Toyota Axio Hybrid EX 2020,Toyota,Axio,Automatic,"Petrol, Hybrid, Octane",2150000,2020,1500.0,60213,6,10035.5,0.8884228187919463,0.10939597315436242,Low
Toyota Axio Hybrid EX-READY 2020,Toyota,Axio,Automatic,"Petrol, Hybrid, Octane",2150000,2020,1500.0,62451,6,10408.5,0.8884228187919463,0.10939597315436242,Low
Toyota Esquire hybrid 2020,Toyota,Esquire,Automatic,"Petrol, Hybrid, Octane",3300000,2020,1800.0,56384,6,9397.333333333334,0.8884228187919463,0.05855704697986577,Medium
Toyota Corolla Cross hybrid 2020,Toyota,Corolla Cross,Automatic,"Petrol, Hybrid, Octane",2350000,2020,1800.0,56847,6,9474.5,0.8884228187919463,0.07097315436241611,Medium
Toyota Crown RS Advance CrossOver 2022,Toyota,Crown,Automatic,Hybrid,11600000,2022,2500.0,20277,4,5069.25,0.8884228187919463,0.00587248322147651,Luxury
Toyota Esquire Gi Premium Pearl 2020,Toyota,Esquire,Automatic,"Petrol, Hybrid, Octane",4000000,2020,1800.0,52212,6,8702.0,0.8884228187919463,0.05855704697986577,High
Toyota Corolla Cross Z-PKG 2022,Toyota,Corolla Cross,Automatic,"Hybrid, Octane",4700000,2022,1790.0,42710,4,10677.5,0.8884228187919463,0.07097315436241611,Luxury
Toyota Aqua HYBRID X 2020,Toyota,Aqua,Automatic,Hybrid,1700000,2020,1500.0,59645,6,9940.833333333334,0.8884228187919463,0.015771812080536914,Low
Toyota Noah SZ READY Showroom 2022,Toyota,Noah,Automatic,"Petrol, Hybrid, Octane",5180000,2022,1800.0,20000,4,5000.0,0.8884228187919463,0.10671140939597315,Luxury
Toyota Esquire hybrid xi 2020,Toyota,Esquire,Automatic,Hybrid,3300000,2020,1800.0,59654,6,9942.333333333334,0.8884228187919463,0.05855704697986577,Medium
Toyota Corolla Cross Hybrid Z Leather 4.5 2022,Toyota,Corolla Cross,Automatic,"Petrol, Hybrid, Octane",4850000,2022,1800.0,50,4,12.5,0.8884228187919463,0.07097315436241611,Luxury
Honda Insight Ex Pkg hybrid Gp-4 2020,Honda,Insight,Automatic,"Petrol, Hybrid, Octane",4100000,2020,1500.0,56000,6,9333.333333333334,0.0424496644295302,0.015100671140939598,High
Toyota Probox GL Cc1500 Vvti 2008,Toyota,Probox,Automatic,"Petrol, CNG, Octane",850000,2008,1500.0,68200,18,3788.8888888888887,0.8884228187919463,0.00436241610738255,Low
Mitsubishi Lancer Ex M Sports Pkg 2016,Mitsubishi,Lancer,Automatic,"Petrol, Octane",1900000,2016,1500.0,29000,10,2900.0,0.012583892617449664,0.002181208053691275,Low
Toyota Noah Esquire Octane LPG 2018,Toyota,Noah,Automatic,"Octane, LPG",3550000,2018,1996.0,64000,8,8000.0,0.8884228187919463,0.10671140939597315,High
Toyota Premio FL PACKAGE 2005,Toyota,Premio,Automatic,"CNG, Octane",1580000,2005,1500.0,88200,21,4200.0,0.8884228187919463,0.05285234899328859,Low
Toyota Prado Tx-L limited 2015,Toyota,Prado,Automatic,"Petrol, Octane",8500000,2015,2700.0,42401,11,3854.6363636363635,0.8884228187919463,0.013926174496644295,Luxury
Toyota Allion G OVER FRESH 2012,Toyota,Allion,Automatic,"Petrol, CNG, Octane",2250000,2012,1500.0,51000,14,3642.8571428571427,0.8884228187919463,0.03120805369127517,Low
Toyota Premio G PKG OVER FRESH 2012,Toyota,Premio,Automatic,"Petrol, CNG, Octane",2350000,2012,1500.0,67200,14,4800.0,0.8884228187919463,0.05285234899328859,Medium
Toyota Land Cruiser V8 VXR LIMITED 2018,Toyota,Land Cruiser,Automatic,Diesel,24000000,2018,4500.0,34172,8,4271.5,0.8884228187919463,0.008557046979865772,Luxury
Toyota Axio X BLUE NZE121 2009,Toyota,Axio,Automatic,"Petrol, CNG, Octane",1350000,2009,1500.0,71000,17,4176.470588235294,0.8884228187919463,0.10939597315436242,Low
Toyota Premio G BEIGE ROOM 2009,Toyota,Premio,Automatic,"Petrol, CNG, Octane",1950000,2009,1500.0,72000,17,4235.294117647059,0.8884228187919463,0.05285234899328859,Low
Mitsubishi X-Pander 7Seater GLX 1.5L 2019,Mitsubishi,X-Pander,Automatic,"Petrol, Octane",2650000,2019,1500.0,23161,7,3308.714285714286,0.012583892617449664,0.0015100671140939597,Medium
Toyota Premio FL Package White 2003,Toyota,Premio,Automatic,"Petrol, CNG, Octane",1300000,2003,1500.0,82200,23,3573.913043478261,0.8884228187919463,0.05285234899328859,Low
Toyota Noah X Silver KEY MPV 2012,Toyota,Noah,Automatic,"Petrol, CNG, Octane",1950000,2012,2000.0,63000,14,4500.0,0.8884228187919463,0.10671140939597315,Low
Toyota Premio F Win Red G Pkg 2004,Toyota,Premio,Automatic,"Petrol, CNG, Octane",1300000,2004,1500.0,82000,22,3727.2727272727275,0.8884228187919463,0.05285234899328859,Low
Toyota Noah Gr SUNROOF MOONROOF 2005,Toyota,Noah,Automatic,"Petrol, Octane, LPG",1230000,2005,2000.0,83200,21,3961.904761904762,0.8884228187919463,0.10671140939597315,Low
Range Rover Evoque R Dynamic PHEV 2021,Range Rover,Evoque,Automatic,"Petrol, Octane",9000000,2021,1500.0,9500,5,1900.0,0.002181208053691275,0.0005033557046979866,Luxury
Toyota Premio G SUPERIOR WIN 2018,Toyota,Premio,Automatic,Octane,3650000,2018,1500.0,38000,8,4750.0,0.8884228187919463,0.05285234899328859,High
Toyota Allion G PLUS WIN 2015,Toyota,Allion,Automatic,"Petrol, Octane, LPG",2500000,2015,1500.0,53123,11,4829.363636363636,0.8884228187919463,0.03120805369127517,Medium
Toyota Corolla G 35Th Anniversary 2006,Toyota,Corolla,Automatic,"Petrol, CNG, Octane",1350000,2006,1500.0,85000,20,4250.0,0.8884228187919463,0.04848993288590604,Low
Toyota Allion G STYLISH WIN 2007,Toyota,Allion,Automatic,"Petrol, CNG, Octane",1700000,2007,1500.0,68000,19,3578.9473684210525,0.8884228187919463,0.03120805369127517,Low
Toyota Allion G PACKAGE PRO 2015,Toyota,Allion,Automatic,"Petrol, Octane",2550000,2015,1500.0,57200,11,5200.0,0.8884228187919463,0.03120805369127517,Medium
Toyota Corolla X EXTREMELY FRESH 2006,Toyota,Corolla,Automatic,"CNG, Octane",1270000,2006,1500.0,86000,20,4300.0,0.8884228187919463,0.04848993288590604,Low
Toyota Corolla Cross Z PEARL FULL OPTION 2022,Toyota,Corolla Cross,Automatic,"Petrol, Hybrid, Octane",4730000,2022,1800.0,58000,4,14500.0,0.8884228187919463,0.07097315436241611,Luxury
Toyota Allion G PRO EDITION 2013,Toyota,Allion,Automatic,"Petrol, CNG, Octane",2350000,2013,1500.0,53200,13,4092.3076923076924,0.8884228187919463,0.03120805369127517,Medium
Toyota Corolla X WHITE 121NZE 2006,Toyota,Corolla,Automatic,"Petrol, CNG, Octane",1250000,2006,1500.0,82000,20,4100.0,0.8884228187919463,0.04848993288590604,Low
Toyota Highlander 7SEATER LUXURY SUV 2023,Toyota,Highlander,Automatic,"Petrol, Hybrid, Octane",12300000,2023,2500.0,3000,3,1000.0,0.8884228187919463,0.0003355704697986577,Luxury
Lexus RX300 L VERSION 2.0L 2020,Lexus,RX300,Automatic,"Petrol, Octane",11300000,2020,2000.0,38000,6,6333.333333333333,0.0068791946308724835,0.001174496644295302,Luxury
Toyota Premio FL PACKAGE 2018,Toyota,Premio,Automatic,"Petrol, CNG, Octane",3250000,2018,1500.0,43000,8,5375.0,0.8884228187919463,0.05285234899328859,Medium
Toyota Land Cruiser Prado Tx-L Limited 2021,Toyota,Land Cruiser,Automatic,"Petrol, Octane",14500000,2021,2700.0,51000,5,10200.0,0.8884228187919463,0.008557046979865772,Luxury
Toyota Hiace SUPER GL REGUIS AC 2018,Toyota,Hiace,Automatic,"Octane, LPG",3450000,2018,2000.0,68200,8,8525.0,0.8884228187919463,0.09429530201342282,High
Toyota Vitz G PUSH OCTANE 2009,Toyota,Vitz,Automatic,"Petrol, Octane",990000,2009,1300.0,52000,17,3058.823529411765,0.8884228187919463,0.0041946308724832215,Low
Toyota Corolla G BEIGE NZE121 2002,Toyota,Corolla,Automatic,"Petrol, CNG, Octane",1020000,2002,1500.0,86000,24,3583.3333333333335,0.8884228187919463,0.04848993288590604,Low
Toyota C-HR G LED MODELISSTA 2017,Toyota,C-HR,Automatic,"Hybrid, Octane",2650000,2017,1800.0,58200,9,6466.666666666667,0.8884228187919463,0.027181208053691275,Medium
Toyota Premio FEX PACKAGE BLACK 2014,Toyota,Premio,Automatic,"Petrol, Octane",2550000,2014,1500.0,67000,12,5583.333333333333,0.8884228187919463,0.05285234899328859,Medium
Toyota Premio G SUPERIOR PKG 2011,Toyota,Premio,Automatic,"Petrol, CNG, Octane",2170000,2011,1500.0,72000,15,4800.0,0.8884228187919463,0.05285234899328859,Low
Honda Grace Ex No Hybrid 2017,Honda,Grace,Automatic,"Petrol, Octane",2400000,2017,1500.0,22000,9,2444.4444444444443,0.0424496644295302,0.0038590604026845637,Medium
Toyota Rush G SMART PUSH 2007,Toyota,Rush,Automatic,"Petrol, Octane, LPG",1200000,2007,1500.0,67200,19,3536.842105263158,0.8884228187919463,0.0025167785234899327,Low
Toyota Allion G PKG PUSH WIN 2010,Toyota,Allion,Automatic,"Petrol, Octane",2050000,2010,1500.0,72000,16,4500.0,0.8884228187919463,0.03120805369127517,Low
Toyota Axio X Hid Selection 2011,Toyota,Axio,Automatic,"Petrol, CNG, Octane",1550000,2011,1500.0,64200,15,4280.0,0.8884228187919463,0.10939597315436242,Low
Toyota Premio G LIMITED PACKAGE 2015,Toyota,Premio,Automatic,"Petrol, Octane",2650000,2015,1500.0,63000,11,5727.272727272727,0.8884228187919463,0.05285234899328859,Medium
Mitsubishi Outlandar 7Seater Sunroof 2018,Mitsubishi,Outlandar,Automatic,"Petrol, Octane",3600000,2018,2000.0,36000,8,4500.0,0.012583892617449664,0.0016778523489932886,High
Toyota Land Cruiser V8 VXR SAHARA SPEK 2019,Toyota,Land Cruiser,Automatic,Diesel,25500000,2019,4500.0,43432,7,6204.571428571428,0.8884228187919463,0.008557046979865772,Luxury
Toyota Harrier Z LEATHER PKG 2020,Toyota,Harrier,Automatic,"Hybrid, Octane",7250000,2020,2500.0,39557,6,6592.833333333333,0.8884228187919463,0.03976510067114094,Luxury
Toyota Hiace Super GL Black 2011,Toyota,Hiace,Automatic,"CNG, Octane",2450000,2011,2000.0,82000,15,5466.666666666667,0.8884228187919463,0.09429530201342282,Medium
Toyota Noah SI PUSH HYBRID 2014,Toyota,Noah,Automatic,"Hybrid, Octane",2150000,2014,1800.0,63000,12,5250.0,0.8884228187919463,0.10671140939597315,Low
Toyota Noah WXB MICA BLUE 2018,Toyota,Noah,Automatic,"Petrol, Hybrid, Octane",3000000,2018,2000.0,52000,8,6500.0,0.8884228187919463,0.10671140939597315,Medium
Toyota Noah Octane.4Point.Ready 2020,Toyota,Noah,Automatic,Octane,3480000,2020,2000.0,126000,6,21000.0,0.8884228187919463,0.10671140939597315,High
Nissan X-Trail 2.0Xtt Package 2011,Nissan,X-Trail,Automatic,"Petrol, Octane",1800000,2011,2000.0,58000,15,3866.6666666666665,0.02365771812080537,0.015436241610738255,Low
Nissan X-Trail 2.0XI PANAROMIC 2016,Nissan,X-Trail,Automatic,"Petrol, Octane",3050000,2016,2000.0,50200,10,5020.0,0.02365771812080537,0.015436241610738255,Medium
Toyota Probox DX OVER FRESH 2004,Toyota,Probox,Automatic,"Petrol, CNG, Octane",665000,2004,1500.0,73000,22,3318.181818181818,0.8884228187919463,0.00436241610738255,Low
Toyota Axio X HID SELECTION 2008,Toyota,Axio,Automatic,"Petrol, CNG, Octane",1300000,2008,1500.0,72000,18,4000.0,0.8884228187919463,0.10939597315436242,Low
Proton X70 TGDI FLAGSHIP 2021,Proton,Other Model,Automatic,"Petrol, Octane",2750000,2021,1500.0,18000,5,3600.0,0.0016778523489932886,0.005369127516778523,Medium
Toyota Aqua GS VERSION GREY 2014,Toyota,Aqua,Automatic,"Petrol, Hybrid, Octane",1450000,2014,1500.0,42200,12,3516.6666666666665,0.8884228187919463,0.015771812080536914,Low
Toyota Land Cruiser Prado Tx-L Limited 2013,Toyota,Land Cruiser,Automatic,"Petrol, Octane",6300000,2013,2700.0,48339,13,3718.3846153846152,0.8884228187919463,0.008557046979865772,Luxury
Toyota Axio X HID SELECTION 2007,Toyota,Axio,Automatic,"Petrol, CNG, Octane",1170000,2007,1500.0,71600,19,3768.4210526315787,0.8884228187919463,0.10939597315436242,Low
Nissan Bluebird SYLPHY GOLDEN G 2006,Nissan,Bluebird,Automatic,"Petrol, Octane",1150000,2006,1500.0,67000,20,3350.0,0.02365771812080537,0.002181208053691275,Low
Honda CR-V G LEATHER PKG 2012,Honda,CR-V,Automatic,"Petrol, Octane",2850000,2012,2000.0,53000,14,3785.714285714286,0.0424496644295302,0.011241610738255034,Medium
Honda Vezel S GRADE STYLE 2014,Honda,Vezel,Automatic,"Petrol, Octane",2050000,2014,1500.0,53639,12,4469.916666666667,0.0424496644295302,0.006711409395973154,Low
Toyota Harrier ADVANCE PREMIUM PKG 2015,Toyota,Harrier,Automatic,"Petrol, Octane",4500000,2015,2000.0,48000,11,4363.636363636364,0.8884228187919463,0.03976510067114094,Luxury
Toyota Axio G LIMITED BEIGE 2014,Toyota,Axio,Automatic,"Petrol, Octane",1780000,2014,1500.0,48339,12,4028.25,0.8884228187919463,0.10939597315436242,Low
Toyota Harrier ADVANCE PREMIUM PKG 2021,Toyota,Harrier,Automatic,Octane,8200000,2021,2000.0,32000,5,6400.0,0.8884228187919463,0.03976510067114094,Luxury
Toyota Premio FEX Package 2017,Toyota,Premio,Automatic,"Petrol, Octane",3350000,2017,1500.0,57000,9,6333.333333333333,0.8884228187919463,0.05285234899328859,Medium
Toyota Axio LUX OCTANE RUNS 2014,Toyota,Axio,Automatic,Octane,1780000,2014,1500.0,52000,12,4333.333333333333,0.8884228187919463,0.10939597315436242,Low
Toyota Auris G MODELISSTA PKG 2013,Toyota,Auris,Automatic,"Petrol, Octane",1800000,2013,1500.0,53000,13,4076.923076923077,0.8884228187919463,0.0006711409395973154,Low
Toyota Premio FEX PKG WIN RED 2015,Toyota,Premio,Automatic,"Petrol, Octane",2750000,2015,1500.0,59200,11,5381.818181818182,0.8884228187919463,0.05285234899328859,Medium
Toyota Premio Ex Package 2017,Toyota,Premio,Automatic,"Petrol, Octane",3400000,2017,1500.0,42000,9,4666.666666666667,0.8884228187919463,0.05285234899328859,High
Toyota Premio Ex Package 2017,Toyota,Premio,Automatic,"Petrol, Octane",3400000,2017,1500.0,44000,9,4888.888888888889,0.8884228187919463,0.05285234899328859,High
Toyota Premio FL PACKAGE SILVER 2004,Toyota,Premio,Automatic,"Petrol, CNG, Octane",1320000,2004,1500.0,72000,22,3272.7272727272725,0.8884228187919463,0.05285234899328859,Low
Toyota Allion G PACKAGE WIN 2015,Toyota,Allion,Automatic,"Petrol, Octane",2480000,2015,1500.0,51000,11,4636.363636363636,0.8884228187919463,0.03120805369127517,Medium
Toyota Noah Kr42 GL SILVER 2006,Toyota,Noah,Automatic,"Petrol, CNG, Octane",1350000,2006,1800.0,86000,20,4300.0,0.8884228187919463,0.10671140939597315,Low
Toyota Premio G GREEN SELECTION 2011,Toyota,Premio,Automatic,"Petrol, Octane",2250000,2011,1500.0,63000,15,4200.0,0.8884228187919463,0.05285234899328859,Low
Toyota Noah GL SUPER LITEACE 2006,Toyota,Noah,Automatic,"Petrol, CNG, Octane",1050000,2006,1800.0,85000,20,4250.0,0.8884228187919463,0.10671140939597315,Low
Toyota Auris GUNDAM EDITION 2013,Toyota,Auris,Automatic,"Petrol, Octane",1780000,2013,1500.0,43000,13,3307.6923076923076,0.8884228187919463,0.0006711409395973154,Low
Toyota Premio F GREEN PKG 2005,Toyota,Premio,Automatic,"Petrol, CNG, Octane",1500000,2005,1500.0,69200,21,3295.2380952380954,0.8884228187919463,0.05285234899328859,Low
Toyota Passo RACY G 1.3L SPORTS 2009,Toyota,Passo,Automatic,"Petrol, Octane",930000,2009,1300.0,38369,17,2257.0,0.8884228187919463,0.0038590604026845637,Low
Toyota Probox 1DOOR AUTO GL 2003,Toyota,Probox,Automatic,"CNG, Octane",680000,2003,1331.0,83000,23,3608.695652173913,0.8884228187919463,0.00436241610738255,Low
Toyota Corolla X EXTREMELY FRESH 2004,Toyota,Corolla,Automatic,"Petrol, CNG, Octane",1180000,2004,1500.0,83200,22,3781.818181818182,0.8884228187919463,0.04848993288590604,Low
Toyota Premio G PACKAGE 2008,Toyota,Premio,Automatic,"Petrol, CNG, Octane",1850000,2008,1500.0,78000,18,4333.333333333333,0.8884228187919463,0.05285234899328859,Low
Toyota Axio X Hid New Edition 2012,Toyota,Axio,Automatic,Octane,1650000,2012,1500.0,62000,14,4428.571428571428,0.8884228187919463,0.10939597315436242,Low
Toyota Premio FEX PACKAGE 2018,Toyota,Premio,Automatic,"Petrol, Octane",3650000,2018,1500.0,26915,8,3364.375,0.8884228187919463,0.05285234899328859,High
Toyota Probox GL ALL POWER 2004,Toyota,Probox,Automatic,"Octane, LPG",750000,2004,1500.0,72000,22,3272.7272727272725,0.8884228187919463,0.00436241610738255,Low
Toyota Premio G SUPERIOR PKG 2007,Toyota,Premio,Automatic,"Petrol, CNG, Octane",1800000,2007,1500.0,72000,19,3789.4736842105262,0.8884228187919463,0.05285234899328859,Low
Toyota Axio X NEW EDITION 2012,Toyota,Axio,Automatic,"Petrol, CNG, Octane",1600000,2012,1500.0,68200,14,4871.428571428572,0.8884228187919463,0.10939597315436242,Low
Toyota Allion G STYLISH OCTANE 2009,Toyota,Allion,Automatic,Octane,1860000,2009,1500.0,63000,17,3705.8823529411766,0.8884228187919463,0.03120805369127517,Low
Toyota Prado Tx-L Limited 2018,Toyota,Prado,Automatic,"Petrol, Octane",11800000,2018,2700.0,42000,8,5250.0,0.8884228187919463,0.013926174496644295,Luxury
Toyota Rush G PUSH OCTANE 2007,Toyota,Rush,Automatic,"Petrol, Octane",1250000,2007,1500.0,72000,19,3789.4736842105262,0.8884228187919463,0.0025167785234899327,Low
Toyota Premio FL PACKAGE 2014,Toyota,Premio,Automatic,"Petrol, Octane",2650000,2014,1500.0,63000,12,5250.0,0.8884228187919463,0.05285234899328859,Medium
Toyota Allion G PACKAGE PUSH 2014,Toyota,Allion,Automatic,"Petrol, Octane",2450000,2014,1500.0,67239,12,5603.25,0.8884228187919463,0.03120805369127517,Medium
Toyota Allion G LIMITED PACKAGE 2006,Toyota,Allion,Automatic,"Petrol, CNG, Octane",1560000,2006,1500.0,78000,20,3900.0,0.8884228187919463,0.03120805369127517,Low
Toyota Fielder G PUSH BLACK 2013,Toyota,Fielder,Automatic,"Petrol, Octane",1780000,2013,1500.0,69369,13,5336.076923076923,0.8884228187919463,0.057885906040268456,Low
Toyota Noah X OVER FRESH 2005,Toyota,Noah,Automatic,"Petrol, CNG, Octane",1350000,2005,2000.0,82000,21,3904.7619047619046,0.8884228187919463,0.10671140939597315,Low
Toyota Allion G 60Th Anniversary 2006,Toyota,Allion,Automatic,"Petrol, CNG, Octane",1580000,2006,1500.0,82000,20,4100.0,0.8884228187919463,0.03120805369127517,Low
Toyota Crown ATHLATE S SUNROOF 2017,Toyota,Crown,Automatic,"Petrol, Hybrid, Octane",4750000,2017,2500.0,32360,9,3595.5555555555557,0.8884228187919463,0.00587248322147651,Luxury
Toyota Allion G PACKAGE BLACK 2010,Toyota,Allion,Automatic,"Petrol, Octane",2050000,2010,1500.0,68000,16,4250.0,0.8884228187919463,0.03120805369127517,Low
Toyota Axio G NEW EDITION 2018,Toyota,Axio,Automatic,"Petrol, Octane",2300000,2018,1500.0,27000,8,3375.0,0.8884228187919463,0.10939597315436242,Low
Mitsubishi X-Pander 7seater New Shape 2023,Mitsubishi,X-Pander,Automatic,"Petrol, Octane",3150000,2023,1500.0,21000,3,7000.0,0.012583892617449664,0.0015100671140939597,Medium
Toyota Noah Si OCTANE LPG 2015,Toyota,Noah,Automatic,"Petrol, Octane, LPG",2900000,2015,1800.0,63369,11,5760.818181818182,0.8884228187919463,0.10671140939597315,Medium
Mercedes-Benz G-Class G63 4.0L BITURBO 2023,Mercedes-Benz,G-Class,Automatic,Petrol,85000000,2023,4000.0,1000,3,333.3333333333333,0.0026845637583892616,0.0003355704697986577,Luxury
Toyota Fielder X.G Edition Black 2010,Toyota,Fielder,Automatic,"Petrol, Octane, LPG",1550000,2010,1500.0,71590,16,4474.375,0.8884228187919463,0.057885906040268456,Low
Toyota Allion G LIMITED EDITION 2012,Toyota,Allion,Automatic,"Petrol, Octane",2350000,2012,1500.0,68000,14,4857.142857142857,0.8884228187919463,0.03120805369127517,Medium
Toyota Fielder X NEW SHAPE 2012,Toyota,Fielder,Automatic,"Petrol, CNG, Octane",1650000,2012,1500.0,67000,14,4785.714285714285,0.8884228187919463,0.057885906040268456,Low
Toyota Premio GREEN SELECTION EX 2014,Toyota,Premio,Automatic,"Petrol, CNG, Octane",2450000,2014,1500.0,52200,12,4350.0,0.8884228187919463,0.05285234899328859,Medium
Toyota Prado Tx-L Facelifted Ltd 2014,Toyota,Prado,Automatic,"Petrol, Octane",7900000,2014,2700.0,53563,12,4463.583333333333,0.8884228187919463,0.013926174496644295,Luxury
Toyota Probox GL 1500Cc Vvti 2003,Toyota,Probox,Automatic,"Petrol, CNG, Octane",720000,2003,1500.0,72000,23,3130.4347826086955,0.8884228187919463,0.00436241610738255,Low
Toyota Esquire Non Hybrid 2021,Toyota,Esquire,Automatic,"Petrol, Octane",4350000,2021,2000.0,54876,5,10975.2,0.8884228187919463,0.05855704697986577,High
Toyota Yaris Cross Z Package 2020,Toyota,Yaris Cross,Automatic,"Petrol, Hybrid, Octane",3400000,2020,1500.0,62000,6,10333.333333333334,0.8884228187919463,0.02097315436241611,High
Toyota Fielder hybrid 2021,Toyota,Fielder,Automatic,"Petrol, Hybrid, Octane",2200000,2021,1500.0,56847,5,11369.4,0.8884228187919463,0.057885906040268456,Low
Toyota Fielder X.G BLACK 2010,Toyota,Fielder,Automatic,"Petrol, CNG, Octane",1530000,2010,1500.0,68369,16,4273.0625,0.8884228187919463,0.057885906040268456,Low
Toyota Noah X HYBRID PUSH START 2020,Toyota,Noah,Automatic,"Hybrid, Octane",3100000,2020,1800.0,78374,6,13062.333333333334,0.8884228187919463,0.10671140939597315,Medium
Honda Civic EX FULL LEATHER 2020,Honda,Civic,Automatic,Octane,3850000,2020,1500.0,63491,6,10581.833333333334,0.0424496644295302,0.003355704697986577,High
Toyota Corolla G 2005,Toyota,Corolla,Automatic,"CNG, Octane",1290000,2005,1500.0,87000,21,4142.857142857143,0.8884228187919463,0.04848993288590604,Low
Toyota Fielder X Hid Hybrid 2017,Toyota,Fielder,Automatic,"Petrol, Hybrid, Octane",1850000,2017,1500.0,60606,9,6734.0,0.8884228187919463,0.057885906040268456,Low
Toyota Fielder EX 2020,Toyota,Fielder,Automatic,"Hybrid, Octane",2500000,2020,1500.0,89000,6,14833.333333333334,0.8884228187919463,0.057885906040268456,Medium
Toyota Sienta G DICE 7SEATER 2012,Toyota,Sienta,Automatic,"Petrol, Octane",1550000,2012,1500.0,67000,14,4785.714285714285,0.8884228187919463,0.009228187919463088,Low
Toyota Yaris Cross Z Leather Pkg 2020,Toyota,Yaris Cross,Automatic,"Hybrid, Octane",3400000,2020,1500.0,62478,6,10413.0,0.8884228187919463,0.02097315436241611,High
Toyota Axio EX Ready Stock 2020,Toyota,Axio,Automatic,Hybrid,2499999,2020,1500.0,25457,6,4242.833333333333,0.8884228187919463,0.10939597315436242,Medium
Toyota Axio EX 2021,Toyota,Axio,Automatic,Hybrid,2830000,2021,1500.0,51000,5,10200.0,0.8884228187919463,0.10939597315436242,Medium
Toyota Corolla WXB 2021,Toyota,Corolla,Automatic,Hybrid,3450000,2021,1800.0,49000,5,9800.0,0.8884228187919463,0.04848993288590604,High
Toyota Corolla Cross Z Leather Pkg 2022,Toyota,Corolla Cross,Automatic,"Petrol, Hybrid, Octane",4180000,2022,1800.0,29074,4,7268.5,0.8884228187919463,0.07097315436241611,High
Toyota Prado Tx-L 7seat Sunroof 2012,Toyota,Prado,Automatic,"Petrol, Octane",6850000,2012,2700.0,67000,14,4785.714285714285,0.8884228187919463,0.013926174496644295,Luxury
Range Rover Vogue Autobiography P400E 2020,Range Rover,Vogue,Automatic,"Petrol, Octane",23000000,2020,2000.0,16000,6,2666.6666666666665,0.002181208053691275,0.0015100671140939597,Luxury
Volkswagen Polo 1.2L.GERMANY 2013,Volkswagen,Polo,Automatic,"Petrol, Octane",850000,2013,1200.0,20100,13,1546.1538461538462,0.00016778523489932885,0.00016778523489932885,Low
Toyota Hiace SUPER GL KEY LED TRD 2021,Toyota,Hiace,Automatic,Hybrid,4199999,2021,2000.0,68000,5,13600.0,0.8884228187919463,0.09429530201342282,High
Toyota Aqua S STYLE PUSH 2014,Toyota,Aqua,Automatic,"Petrol, Hybrid, Octane",1350000,2014,1500.0,45639,12,3803.25,0.8884228187919463,0.015771812080536914,Low
Mitsubishi Outlander 7Seater Suv 2012,Mitsubishi,Outlander,Automatic,"Petrol, Octane",2650000,2012,2000.0,39000,14,2785.714285714286,0.012583892617449664,0.0008389261744966443,Medium
Toyota Hiace GL SINGLE AC 65000KM 2020,Toyota,Hiace,Automatic,Octane,3399998,2020,2000.0,65000,6,10833.333333333334,0.8884228187919463,0.09429530201342282,High
Toyota Noah Si PUSH HYBRID 2014,Toyota,Noah,Automatic,"Hybrid, Octane",2550000,2014,1800.0,68000,12,5666.666666666667,0.8884228187919463,0.10671140939597315,Medium
Toyota Avanza G 7SEATER BLACK 2010,Toyota,Avanza,Automatic,"Petrol, Octane, LPG",1370000,2010,1500.0,69000,16,4312.5,0.8884228187919463,0.0015100671140939597,Low
Toyota Fielder X Hid Selection 2011,Toyota,Fielder,Automatic,Octane,1650000,2011,1500.0,60256,15,4017.0666666666666,0.8884228187919463,0.057885906040268456,Low
Toyota Allion G PACKAGE BLUE 2004,Toyota,Allion,Automatic,"Petrol, CNG, Octane",1380000,2004,1500.0,83600,22,3800.0,0.8884228187919463,0.03120805369127517,Low
Toyota Fielder G EDITION PUSH 2011,Toyota,Fielder,Automatic,"Petrol, Octane, LPG",1750000,2011,1500.0,68000,15,4533.333333333333,0.8884228187919463,0.057885906040268456,Low
Toyota Allion G PACKAGE LTD 2004,Toyota,Allion,Automatic,"Petrol, CNG, Octane",1350000,2004,1500.0,82000,22,3727.2727272727275,0.8884228187919463,0.03120805369127517,Low
Toyota Premio FEX PACKAGE 2020,Toyota,Premio,Automatic,"Petrol, Octane",3950000,2020,1500.0,32000,6,5333.333333333333,0.8884228187919463,0.05285234899328859,High
Toyota Corolla X Hid Selection 2006,Toyota,Corolla,Automatic,"Petrol, CNG, Octane",1350000,2006,1500.0,89300,20,4465.0,0.8884228187919463,0.04848993288590604,Low
Toyota Sienta G Dice 7Seater 2013,Toyota,Sienta,Automatic,"Petrol, Octane",1550000,2013,1500.0,67000,13,5153.846153846154,0.8884228187919463,0.009228187919463088,Low
Toyota Premio FL PACKAGE 2015,Toyota,Premio,Automatic,"Petrol, Octane, LPG",2750000,2015,1500.0,62000,11,5636.363636363636,0.8884228187919463,0.05285234899328859,Medium
Honda Grace Premium Package 2018,Honda,Grace,Automatic,"Hybrid, Octane",1850000,2018,1500.0,48000,8,6000.0,0.0424496644295302,0.0038590604026845637,Low
Nissan X-Trail Xtt Leather Push 2012,Nissan,X-Trail,Automatic,"Petrol, Octane",1750000,2012,2000.0,58000,14,4142.857142857143,0.02365771812080537,0.015436241610738255,Low
Toyota Fielder X G Edition 2012,Toyota,Fielder,Automatic,"Petrol, CNG, Octane",1630000,2012,1500.0,78000,14,5571.428571428572,0.8884228187919463,0.057885906040268456,Low
Toyota Allion G LIMITED WIN 2006,Toyota,Allion,Automatic,"Petrol, CNG, Octane",1580000,2006,1500.0,85000,20,4250.0,0.8884228187919463,0.03120805369127517,Low
Toyota Axio X SILVER 2006,Toyota,Axio,Automatic,"Petrol, CNG, Octane",1250000,2006,1500.0,72000,20,3600.0,0.8884228187919463,0.10939597315436242,Low
Nissan Patrol Y61 With Sunroof 2004,Nissan,Patrol,Automatic,"Petrol, Octane",3800000,2004,4800.0,42000,22,1909.090909090909,0.02365771812080537,0.0003355704697986577,High
Toyota Passo G OCTANE RUNS 2005,Toyota,Passo,Automatic,"Petrol, Octane",650000,2005,1000.0,62000,21,2952.3809523809523,0.8884228187919463,0.0038590604026845637,Low
Toyota Fielder Wxb Push Leather 2017,Toyota,Fielder,Automatic,"Petrol, Hybrid, Octane",1950000,2017,1500.0,67000,9,7444.444444444444,0.8884228187919463,0.057885906040268456,Low
Mitsubishi X-Pander Gls 7seat Japanese 2021,Mitsubishi,X-Pander,Automatic,"Petrol, Octane",2850000,2021,1500.0,21000,5,4200.0,0.012583892617449664,0.0015100671140939597,Medium
Toyota Fielder X 40Th Anniversary 2005,Toyota,Fielder,Automatic,"Petrol, Octane",1260000,2005,1500.0,72000,21,3428.5714285714284,0.8884228187919463,0.057885906040268456,Low
Toyota Premio FL LED PACKAGE 2018,Toyota,Premio,Automatic,"Petrol, Octane",3600000,2018,2700.0,33000,8,4125.0,0.8884228187919463,0.05285234899328859,High
Toyota Vitz X SMART EDITION 2010,Toyota,Vitz,Automatic,"Petrol, Octane",1000000,2010,1300.0,68000,16,4250.0,0.8884228187919463,0.0041946308724832215,Low
Toyota Prado TxL Mica Blue 2020,Toyota,Prado,Automatic,"Petrol, Octane",14500000,2020,2700.0,39000,6,6500.0,0.8884228187919463,0.013926174496644295,Luxury
Toyota RAV4 J PACKAGE 2003,Toyota,RAV4,Automatic,"Petrol, Octane",1150000,2003,1800.0,69200,23,3008.695652173913,0.8884228187919463,0.009731543624161074,Low
Toyota Axio X Extremely Fresh 2011,Toyota,Axio,Automatic,"Petrol, CNG, Octane",1520000,2011,1500.0,67000,15,4466.666666666667,0.8884228187919463,0.10939597315436242,Low
Toyota Premio F Green Selection 2006,Toyota,Premio,Automatic,"Petrol, CNG, Octane",1600000,2006,1500.0,88000,20,4400.0,0.8884228187919463,0.05285234899328859,Low
Toyota Wish 7Seat Sunroof S 2010,Toyota,Wish,Automatic,"Petrol, Octane",2400000,2010,1800.0,52000,16,3250.0,0.8884228187919463,0.00016778523489932885,Medium
Toyota Fielder X Extremely Fresh 2012,Toyota,Fielder,Automatic,"Petrol, CNG, Octane",1680000,2012,1500.0,68000,14,4857.142857142857,0.8884228187919463,0.057885906040268456,Low
Toyota Alphard Executive Lounge S 2022,Toyota,Alphard,Automatic,"Petrol, Hybrid, Octane",11500000,2022,2500.0,20000,4,5000.0,0.8884228187919463,0.0050335570469798654,Luxury
Toyota Premio EX PACKAGE 2015,Toyota,Premio,Automatic,Octane,2750000,2015,1500.0,53000,11,4818.181818181818,0.8884228187919463,0.05285234899328859,Medium
Toyota Corolla X Hid Selection 2005,Toyota,Corolla,Automatic,"Petrol, CNG, Octane",1250000,2005,1500.0,89000,21,4238.0952380952385,0.8884228187919463,0.04848993288590604,Low
Toyota Premio G PACKAGE 2012,Toyota,Premio,Automatic,"Petrol, Octane",2400000,2012,1500.0,62000,14,4428.571428571428,0.8884228187919463,0.05285234899328859,Medium
Toyota Corolla X OVER FRESH 2006,Toyota,Corolla,Automatic,"Petrol, CNG, Octane",1280000,2006,1500.0,86000,20,4300.0,0.8884228187919463,0.04848993288590604,Low
Toyota Kluger V PACKAGE 2.4L 2005,Toyota,Kluger,Automatic,"Petrol, CNG, Octane",1450000,2005,2362.0,68200,21,3247.6190476190477,0.8884228187919463,0.0008389261744966443,Low
Toyota Premio G Pkg Geen FL 2005,Toyota,Premio,Automatic,"Petrol, CNG, Octane",1590000,2005,1500.0,82000,21,3904.7619047619046,0.8884228187919463,0.05285234899328859,Low
Toyota Axio X Hid Cvt Gear 2008,Toyota,Axio,Automatic,"Petrol, CNG, Octane",1350000,2008,1500.0,73000,18,4055.5555555555557,0.8884228187919463,0.10939597315436242,Low
Toyota Land Cruiser Prado Tx-L Limited 2017,Toyota,Land Cruiser,Automatic,"Petrol, Octane",11000000,2017,2700.0,37000,9,4111.111111111111,0.8884228187919463,0.008557046979865772,Luxury
Toyota Fielder X OCTANE SILVER 2015,Toyota,Fielder,Automatic,"Petrol, Octane",1950000,2015,1500.0,51000,11,4636.363636363636,0.8884228187919463,0.057885906040268456,Low
Toyota Avanza S 7SEATER OCTANE 2010,Toyota,Avanza,Automatic,"Petrol, Octane",1300000,2010,1500.0,63000,16,3937.5,0.8884228187919463,0.0015100671140939597,Low
Toyota Premio G SUPERIOR BLACK 2011,Toyota,Premio,Automatic,"Petrol, Octane",2250000,2011,1500.0,66000,15,4400.0,0.8884228187919463,0.05285234899328859,Low
Toyota Prado Tx-L Bronze Ltd 2016,Toyota,Prado,Automatic,"Petrol, Octane",9450000,2016,2700.0,39800,10,3980.0,0.8884228187919463,0.013926174496644295,Luxury
Toyota Prado Tx-L Facelifted 2014,Toyota,Prado,Automatic,"Petrol, Octane",7800000,2014,2700.0,53611,12,4467.583333333333,0.8884228187919463,0.013926174496644295,Luxury
Toyota Premio G SUPERIOR BLACK 2012,Toyota,Premio,Automatic,"Petrol, Octane",2400000,2012,1500.0,56000,14,4000.0,0.8884228187919463,0.05285234899328859,Medium
Honda CR-V PANAROMIC SUNROOF 2019,Honda,CR-V,Automatic,"Petrol, Octane",4900000,2019,1500.0,32000,7,4571.428571428572,0.0424496644295302,0.011241610738255034,Luxury
Mitsubishi Outlander 7Seats Rockford 2013,Mitsubishi,Outlander,Automatic,"Petrol, Octane",2650000,2013,2000.0,48000,13,3692.3076923076924,0.012583892617449664,0.0008389261744966443,Medium
Toyota Hiace SUPER GL LWB 2006,Toyota,Hiace,Automatic,"CNG, Octane",1500000,2006,2000.0,73000,20,3650.0,0.8884228187919463,0.09429530201342282,Low
Toyota Premio F type Selection 2005,Toyota,Premio,Automatic,"Petrol, CNG, Octane",1530000,2005,1500.0,82000,21,3904.7619047619046,0.8884228187919463,0.05285234899328859,Low
Toyota Vitz G PUSH OCTANE 2010,Toyota,Vitz,Automatic,"Petrol, Octane",1070000,2010,1331.0,53000,16,3312.5,0.8884228187919463,0.0041946308724832215,Low
Mitsubishi Outlandar Sunroof 7seater 2022,Mitsubishi,Outlandar,Automatic,"Petrol, Octane",4300000,2022,2000.0,31000,4,7750.0,0.012583892617449664,0.0016778523489932886,High
Toyota Allion G 60Th Anniversary 2003,Toyota,Allion,Automatic,"Petrol, CNG, Octane",1380000,2003,1500.0,78000,23,3391.304347826087,0.8884228187919463,0.03120805369127517,Low
Toyota Axio . 2012,Toyota,Axio,Automatic,"Petrol, CNG",1510000,2012,1500.0,91000,14,6500.0,0.8884228187919463,0.10939597315436242,Low
Toyota Premio G SUPERIOR 2012,Toyota,Premio,Automatic,"Petrol, CNG, Octane",2300000,2012,1500.0,63000,14,4500.0,0.8884228187919463,0.05285234899328859,Low
Toyota Noah Esquire Gi Octane 2019,Toyota,Noah,Automatic,"Petrol, Octane",3750000,2019,2000.0,63000,7,9000.0,0.8884228187919463,0.10671140939597315,High
Toyota Allion G SPECIAL EDITION 2005,Toyota,Allion,Automatic,"Petrol, Octane",1520000,2005,1500.0,78000,21,3714.285714285714,0.8884228187919463,0.03120805369127517,Low
Toyota Noah Si Grade Push 2013,Toyota,Noah,Automatic,"Petrol, Octane",2250000,2013,2000.0,63000,13,4846.153846153846,0.8884228187919463,0.10671140939597315,Low
Toyota Allion G PACKAGE PUSH 2008,Toyota,Allion,Automatic,"Petrol, Octane",1780000,2008,1500.0,63208,18,3511.5555555555557,0.8884228187919463,0.03120805369127517,Low
BMW 7 Series 740Le LWB Luxury 2018,BMW,7 Series,Automatic,Petrol,16800000,2018,2000.0,15000,8,1875.0,0.0038590604026845637,0.0003355704697986577,Luxury
Audi Q7 7Seats PANAROMIC 2008,Audi,Q7,Automatic,Diesel,3500000,2008,3000.0,67000,18,3722.222222222222,0.0010067114093959733,0.0006711409395973154,High
BMW Z4 Convertible HradRoof 2010,BMW,Z4,Automatic,Petrol,6200000,2010,3000.0,26500,16,1656.25,0.0038590604026845637,0.00016778523489932885,Luxury
Suzuki Vitara Grand Hrad Jeep 2011,Suzuki,Vitara,Automatic,"Petrol, Octane, LPG",1100000,2011,2000.0,64000,15,4266.666666666667,0.002348993288590604,0.0003355704697986577,Low
Toyota Rush G PUSH OCTANE 2011,Toyota,Rush,Automatic,Petrol,1750000,2011,1500.0,68000,15,4533.333333333333,0.8884228187919463,0.0025167785234899327,Low
Mazda Axela Sky Active Lounge 2011,Mazda,Axela,Automatic,"Petrol, Octane",1300000,2011,1500.0,58200,15,3880.0,0.0025167785234899327,0.001174496644295302,Low
Toyota Harrier PROGRESS METAL ADV 2017,Toyota,Harrier,Automatic,Octane,5850000,2017,2000.0,48000,9,5333.333333333333,0.8884228187919463,0.03976510067114094,Luxury
Toyota Corolla G NZE121 SILVER 2003,Toyota,Corolla,Automatic,"Petrol, CNG, Octane",1050000,2003,1500.0,82000,23,3565.217391304348,0.8884228187919463,0.04848993288590604,Low
Range Rover Vogue Autobiography Turbo 2017,Range Rover,Vogue,Automatic,Diesel,17000000,2017,3000.0,18185,9,2020.5555555555557,0.002181208053691275,0.0015100671140939597,Luxury
Lexus ES 300H MOONBEAM L 2020,Lexus,ES,Automatic,"Petrol, Hybrid, Octane",9400000,2020,2500.0,33200,6,5533.333333333333,0.0068791946308724835,0.0015100671140939597,Luxury
Toyota Harrier Z Leather Pkg 2021,Toyota,Harrier,Automatic,Petrol,8250000,2021,2000.0,34000,5,6800.0,0.8884228187919463,0.03976510067114094,Luxury
Mercedes-Benz E-Class E300E PANAROMIC 2019,Mercedes-Benz,E-Class,Automatic,"Petrol, Hybrid, Octane",10100000,2019,2000.0,8000,7,1142.857142857143,0.0026845637583892616,0.0008389261744966443,Luxury
Toyota Prado Tx-L 7Seat Sunroof 2014,Toyota,Prado,Automatic,"Petrol, Octane",7800000,2014,2700.0,53000,12,4416.666666666667,0.8884228187919463,0.013926174496644295,Luxury
Toyota Fielder WXB PUSH LEATHER 2017,Toyota,Fielder,Automatic,"Petrol, Hybrid, Octane",1950000,2017,1331.0,51200,9,5688.888888888889,0.8884228187919463,0.057885906040268456,Low
BMW X6 Xdrive40i M Sport 2023,BMW,X6,Automatic,Petrol,26500000,2023,3000.0,2500,3,833.3333333333334,0.0038590604026845637,0.00016778523489932885,Luxury
Toyota Premio FEX PACKAGE WIN 2019,Toyota,Premio,Automatic,"Petrol, Octane",3900000,2019,1500.0,28112,7,4016.0,0.8884228187919463,0.05285234899328859,High
Nissan X-Trail 2.0Xi Over Fresh 2011,Nissan,X-Trail,Automatic,"Petrol, Octane",1700000,2011,2000.0,54200,15,3613.3333333333335,0.02365771812080537,0.015436241610738255,Low
Toyota Allion G PACKAGE LTD 2012,Toyota,Allion,Automatic,"CNG, Octane",2250000,2012,1500.0,56200,14,4014.285714285714,0.8884228187919463,0.03120805369127517,Low
Toyota Land Cruiser V8 ZX PATROL 2017,Toyota,Land Cruiser,Automatic,Octane,24500000,2017,4600.0,33000,9,3666.6666666666665,0.8884228187919463,0.008557046979865772,Luxury
Toyota Passo Sette 7Seat Octane 2009,Toyota,Passo,Automatic,"Petrol, Octane",1250000,2009,1500.0,67000,17,3941.176470588235,0.8884228187919463,0.0038590604026845637,Low
Toyota Premio FEX PKG FACELIFT 2016,Toyota,Premio,Automatic,"Petrol, Octane",2750000,2016,1500.0,53000,10,5300.0,0.8884228187919463,0.05285234899328859,Medium
Toyota Harrier PROGRESS METAL ADV 2019,Toyota,Harrier,Automatic,Petrol,6500000,2019,2000.0,32000,7,4571.428571428572,0.8884228187919463,0.03976510067114094,Luxury
Toyota Prado BLACK EDITION TX-L 2021,Toyota,Prado,Automatic,"Petrol, Octane",14800000,2021,2700.0,13000,5,2600.0,0.8884228187919463,0.013926174496644295,Luxury
Toyota Prado TX-L LIMITED 2.7L 2015,Toyota,Prado,Automatic,"Petrol, Octane",9200000,2015,2700.0,57421,11,5220.090909090909,0.8884228187919463,0.013926174496644295,Luxury
Proton X70 TGDI SUNROOF 2021,Proton,Other Model,Automatic,"Petrol, Octane",2650000,2021,1500.0,21200,5,4240.0,0.0016778523489932886,0.005369127516778523,Medium
BMW X1 M Sport PANAROMIC 2022,BMW,X1,Automatic,Octane,9200000,2022,1500.0,5000,4,1250.0,0.0038590604026845637,0.00016778523489932885,Luxury
Toyota Alphard Executive Lounge 2019,Toyota,Alphard,Automatic,"Petrol, Hybrid, Octane",9600000,2019,2500.0,37200,7,5314.285714285715,0.8884228187919463,0.0050335570469798654,Luxury
Toyota Crown ROYAL SALOON SUNROOF 2016,Toyota,Crown,Automatic,"Petrol, Hybrid, Octane",4750000,2016,2500.0,58000,10,5800.0,0.8884228187919463,0.00587248322147651,Luxury
Nissan Teana 2.0XL Ultra LUXURY 2014,Nissan,Teana,Automatic,"Petrol, Octane",1950000,2014,2000.0,77000,12,6416.666666666667,0.02365771812080537,0.0003355704697986577,Low
Toyota Land Cruiser V8 ZX PATROL 2020,Toyota,Land Cruiser,Automatic,"Petrol, Octane",29000000,2020,4600.0,34000,6,5666.666666666667,0.8884228187919463,0.008557046979865772,Luxury
Toyota Land Cruiser V8 VXR LIMITED 2020,Toyota,Land Cruiser,Automatic,Diesel,26000000,2020,4500.0,38000,6,6333.333333333333,0.8884228187919463,0.008557046979865772,Luxury
Range Rover Vogue Autobiography LWB 2021,Range Rover,Vogue,Automatic,"Petrol, Octane",26500000,2021,2000.0,9000,5,1800.0,0.002181208053691275,0.0015100671140939597,Luxury
Mercedes-Benz S-Class S350d LWB AMG LINE 2015,Mercedes-Benz,S-Class,Automatic,Diesel,15500000,2015,3000.0,9000,11,818.1818181818181,0.0026845637583892616,0.0005033557046979866,Luxury
Mercedes-Benz S-Class S500 TURBO LWB 2021,Mercedes-Benz,S-Class,Automatic,"Petrol, Octane",33000000,2021,3000.0,6000,5,1200.0,0.0026845637583892616,0.0005033557046979866,Luxury
Toyota Land Cruiser Prado Tx-L limited 2015,Toyota,Land Cruiser,Automatic,"Petrol, Octane",9100000,2015,2700.0,46000,11,4181.818181818182,0.8884228187919463,0.008557046979865772,Luxury
Toyota Land Cruiser LC300 Zx 3.5L Octane 2022,Toyota,Land Cruiser,Automatic,"Petrol, Octane",45000000,2022,3500.0,16000,4,4000.0,0.8884228187919463,0.008557046979865772,Luxury
Mercedes-Benz GLE-Class GLE53 AMG 3.0L.TURBO 2021,Mercedes-Benz,GLE-Class,Automatic,Octane,18500000,2021,3000.0,12000,5,2400.0,0.0026845637583892616,0.00016778523489932885,Luxury
Toyota Land Cruiser V8 VX MINT CONDITION 2013,Toyota,Land Cruiser,Automatic,Diesel,14500000,2013,4500.0,42000,13,3230.769230769231,0.8884228187919463,0.008557046979865772,Luxury
Toyota Land Cruiser V8 ZX PATROL 4.6L 2020,Toyota,Land Cruiser,Automatic,"Petrol, Octane",33500000,2020,4600.0,16500,6,2750.0,0.8884228187919463,0.008557046979865772,Luxury
BMW 5 Series 520i M Aerodynamic 2017,BMW,5 Series,Automatic,"Petrol, Octane",8000000,2017,2000.0,15000,9,1666.6666666666667,0.0038590604026845637,0.0008389261744966443,Luxury
Audi Q7 QUATTRO 45 TFSI 2018,Audi,Q7,Automatic,"Petrol, Octane",12000000,2018,2000.0,16600,8,2075.0,0.0010067114093959733,0.0006711409395973154,Luxury
Audi A8 L 55.TFSI 3.0L LWB 2021,Audi,A8,Automatic,"Petrol, Octane",22500000,2021,3000.0,8500,5,1700.0,0.0010067114093959733,0.00016778523489932885,Luxury
BMW 5 Series 520D BRONZE 2011,BMW,5 Series,Automatic,Diesel,4400000,2011,2000.0,63000,15,4200.0,0.0038590604026845637,0.0008389261744966443,High
Nissan Patrol Y61 EXTREMELY FRESH 2004,Nissan,Patrol,Automatic,"Petrol, Octane",4000000,2004,4800.0,75000,22,3409.090909090909,0.02365771812080537,0.0003355704697986577,High
Toyota Land Cruiser V8 ZX PATROL 4.2L 2015,Toyota,Land Cruiser,Automatic,"Petrol, Octane",14500000,2015,4200.0,42598,11,3872.5454545454545,0.8884228187919463,0.008557046979865772,Luxury
Honda CR-V A PERFECT SUV 2012,Honda,CR-V,Automatic,"Petrol, Octane",2650000,2012,2000.0,61000,14,4357.142857142857,0.0424496644295302,0.011241610738255034,Medium
Nissan Juke PUSH RED INTERIOR 2011,Nissan,Juke,Automatic,"Petrol, Octane",1220000,2011,1500.0,56000,15,3733.3333333333335,0.02365771812080537,0.0008389261744966443,Low
Mitsubishi X-Pander 7Seater Dual AC 2022,Mitsubishi,X-Pander,Automatic,"Petrol, Octane",2950000,2022,1500.0,18155,4,4538.75,0.012583892617449664,0.0015100671140939597,Medium
Lexus NX 300H L PACKAGE 2016,Lexus,NX,Automatic,"Petrol, Hybrid, Octane",5500000,2016,2500.0,28400,10,2840.0,0.0068791946308724835,0.0010067114093959733,Luxury
Haval H6 A PROPER SUV 1.5XTT 2022,Haval,H6,Automatic,"Petrol, Octane",4200000,2022,1500.0,5000,4,1250.0,0.001174496644295302,0.0003355704697986577,High
Honda CR-V G LEATHER SUNROOF 2018,Honda,CR-V,Automatic,"Petrol, Octane",4250000,2018,1500.0,39256,8,4907.0,0.0424496644295302,0.011241610738255034,High
Honda CR-V EX MASTER TURBO 2022,Honda,CR-V,Automatic,"Petrol, Octane",5700000,2022,1500.0,26000,4,6500.0,0.0424496644295302,0.011241610738255034,Luxury
Toyota Noah KR42 GL STANDARD 2007,Toyota,Noah,Automatic,"Petrol, Octane",1350000,2007,1800.0,87000,19,4578.9473684210525,0.8884228187919463,0.10671140939597315,Low
Mercedes-Benz CLA-Class CLA35 AMG TURBO 2023,Mercedes-Benz,CLA-Class,Automatic,"Petrol, Octane",21500000,2023,2000.0,1100,3,366.6666666666667,0.0026845637583892616,0.00016778523489932885,Luxury
Proton X70 PREMIUM TGDI 2021,Proton,Other Model,Automatic,"Petrol, Octane",2750000,2021,1500.0,16200,5,3240.0,0.0016778523489932886,0.005369127516778523,Medium
Toyota Noah ESQUIRE GI PREMIUM 2018,Toyota,Noah,Automatic,"Petrol, Octane, LPG",3580000,2018,2000.0,32000,8,4000.0,0.8884228187919463,0.10671140939597315,High
Toyota Alphard EXECUTIVE LOUNGE SV 2021,Toyota,Alphard,Automatic,"Petrol, Hybrid, Octane",10500000,2021,2500.0,22000,5,4400.0,0.8884228187919463,0.0050335570469798654,Luxury
Lexus RX 300 Wald Kit Petrol 2021,Lexus,RX,Automatic,Petrol,12600000,2021,2000.0,41000,5,8200.0,0.0068791946308724835,0.0028523489932885905,Luxury
Honda Insight Ex Leather Package 2020,Honda,Insight,Automatic,"Petrol, Hybrid, Octane",4050000,2020,1500.0,28222,6,4703.666666666667,0.0424496644295302,0.015100671140939598,High
Toyota Premio F 2004,Toyota,Premio,Automatic,"Octane, LPG",1450000,2004,1500.0,116000,22,5272.727272727273,0.8884228187919463,0.05285234899328859,Low
Toyota Land Cruiser V8 EXTREMELY FRESH 2016,Toyota,Land Cruiser,Automatic,Diesel,21500000,2016,4500.0,44000,10,4400.0,0.8884228187919463,0.008557046979865772,Luxury
Mitsubishi Pajero V73 2.0L SUNROOF 2005,Mitsubishi,Pajero,Automatic,"Petrol, Octane",2150000,2005,2000.0,68000,21,3238.095238095238,0.012583892617449664,0.0041946308724832215,Low
Range Rover Vogue P400E Autobiography 2019,Range Rover,Vogue,Automatic,"Petrol, Octane",24500000,2019,2000.0,13000,7,1857.142857142857,0.002181208053691275,0.0015100671140939597,Luxury
Toyota Land Cruiser V8 VXR DIESEL 2011,Toyota,Land Cruiser,Automatic,Diesel,13200000,2011,5700.0,47430,15,3162.0,0.8884228187919463,0.008557046979865772,Luxury
Toyota Alphard EXECUTIVE LOUNGE L 2021,Toyota,Alphard,Automatic,"Petrol, Hybrid, Octane",9850000,2021,2500.0,66000,5,13200.0,0.8884228187919463,0.0050335570469798654,Luxury
Toyota Prado Land.Cruiser.Tx-L 2018,Toyota,Prado,Automatic,"Petrol, Octane",11800000,2018,1500.0,36200,8,4525.0,0.8884228187919463,0.013926174496644295,Luxury
Nissan X-Trail Mode Premier Sunroof 2018,Nissan,X-Trail,Automatic,"Petrol, Hybrid, Octane",3250000,2018,2000.0,67000,8,8375.0,0.02365771812080537,0.015436241610738255,Medium
Mitsubishi Pajero V73 WITH SUNROOF 2002,Mitsubishi,Pajero,Automatic,"Petrol, CNG, Octane",1800000,2002,3000.0,74000,24,3083.3333333333335,0.012583892617449664,0.0041946308724832215,Low
Toyota Land Cruiser V8.VX.LIMITED 2014,Toyota,Land Cruiser,Automatic,Diesel,16200000,2014,4500.0,33000,12,2750.0,0.8884228187919463,0.008557046979865772,Luxury
Toyota Prado Tx-L.Auto.Wing.Ltd 2020,Toyota,Prado,Automatic,"Petrol, Octane",13800000,2020,2700.0,19000,6,3166.6666666666665,0.8884228187919463,0.013926174496644295,Luxury
Toyota Land Cruiser V8 70TH ANNIVERSARY 2018,Toyota,Land Cruiser,Automatic,Diesel,24400000,2018,4500.0,26000,8,3250.0,0.8884228187919463,0.008557046979865772,Luxury
Toyota Allion G PACKAGE PUSH 2008,Toyota,Allion,Automatic,Octane,1930000,2008,1498.0,72000,18,4000.0,0.8884228187919463,0.03120805369127517,Low
BMW 7 Series 740Le M Package 2017,BMW,7 Series,Automatic,Octane,12000000,2017,2000.0,18000,9,2000.0,0.0038590604026845637,0.0003355704697986577,Luxury
Toyota Land Cruiser V8 VXR ORIGIN 4.5L 2014,Toyota,Land Cruiser,Automatic,Diesel,14500000,2014,4500.0,32000,12,2666.6666666666665,0.8884228187919463,0.008557046979865772,Luxury
Toyota Premio G LIMITED PACKAGE 2006,Toyota,Premio,Automatic,"Petrol, CNG, Octane",1600000,2006,1500.0,85200,20,4260.0,0.8884228187919463,0.05285234899328859,Low
Audi Q7 7Seat Sunroof TDi 2008,Audi,Q7,Automatic,Diesel,3300000,2008,3000.0,62000,18,3444.4444444444443,0.0010067114093959733,0.0006711409395973154,Medium
Mercedes-Benz G-Class G63.FRESH.IMPORT 2023,Mercedes-Benz,G-Class,Automatic,"Petrol, Octane",85000000,2023,4000.0,2000,3,666.6666666666666,0.0026845637583892616,0.0003355704697986577,Luxury
Range Rover Vogue Autobiography 3.0L 2021,Range Rover,Vogue,Automatic,"Petrol, Octane",45000000,2021,3000.0,7000,5,1400.0,0.002181208053691275,0.0015100671140939597,Luxury
Toyota Alphard G.Executive.Lounge 2019,Toyota,Alphard,Automatic,"Hybrid, Octane",9400000,2019,2500.0,32000,7,4571.428571428572,0.8884228187919463,0.0050335570469798654,Luxury
Toyota Land Cruiser V8.VX.SAHARA 2018,Toyota,Land Cruiser,Automatic,Diesel,24500000,2018,4500.0,6000,8,750.0,0.8884228187919463,0.008557046979865772,Luxury
Toyota Land Cruiser V8.VX.SAHARA 2016,Toyota,Land Cruiser,Automatic,Diesel,22000000,2016,4500.0,25000,10,2500.0,0.8884228187919463,0.008557046979865772,Luxury
Honda Insight Lx 4.Point Hybrid 2020,Honda,Insight,Automatic,"Petrol, Hybrid, Octane",3550000,2020,1500.0,62000,6,10333.333333333334,0.0424496644295302,0.015100671140939598,High
Toyota Alphard Executive Lounge Hev 2024,Toyota,Alphard,Automatic,"Petrol, Hybrid, Octane",17500000,2024,2500.0,500,2,250.0,0.8884228187919463,0.0050335570469798654,Luxury
Toyota Alphard EXECUTIVE LOUNGE SL 2021,Toyota,Alphard,Automatic,"Petrol, Hybrid, Octane",9850000,2021,2500.0,62000,5,12400.0,0.8884228187919463,0.0050335570469798654,Luxury
MG HS G.Lux.Trophy.1.5T 2021,MG,HS,Automatic,"Petrol, Octane",3350000,2021,1500.0,18200,5,3640.0,0.001174496644295302,0.0005033557046979866,Medium
Toyota Land Cruiser V8.VXR.LIMITED 2020,Toyota,Land Cruiser,Automatic,Diesel,24000000,2020,4500.0,39313,6,6552.166666666667,0.8884228187919463,0.008557046979865772,Luxury
Lexus LX 470.Cygnus.V8 2000,Lexus,LX,Automatic,"Petrol, Octane",3500000,2000,4700.0,136000,26,5230.7692307692305,0.0068791946308724835,0.0003355704697986577,High
Mercedes-Benz C-Class C180.BERMESTER.SOUND 2015,Mercedes-Benz,C-Class,Automatic,"Petrol, Octane",5700000,2015,1600.0,38073,11,3461.181818181818,0.0026845637583892616,0.00016778523489932885,Luxury
Range Rover Vogue Autobiography.3.0L 2014,Range Rover,Vogue,Automatic,Diesel,18000000,2014,3000.0,20500,12,1708.3333333333333,0.002181208053691275,0.0015100671140939597,Luxury
Nissan X-Trail Xtt Leather Sunroof 2011,Nissan,X-Trail,Automatic,"Petrol, Octane",1950000,2011,2000.0,42000,15,2800.0,0.02365771812080537,0.015436241610738255,Low
Mercedes-Benz S-Class S500 Legendary Sedan 2022,Mercedes-Benz,S-Class,Automatic,"Petrol, Octane",39000000,2022,3000.0,2000,4,500.0,0.0026845637583892616,0.0005033557046979866,Luxury
Toyota Harrier Adv Premium Pkg 2015,Toyota,Harrier,Automatic,"Petrol, Octane",4550000,2015,2000.0,52200,11,4745.454545454545,0.8884228187919463,0.03976510067114094,Luxury
Toyota Alphard EXECUTIVE LOUNGE 2020,Toyota,Alphard,Automatic,"Petrol, Hybrid, Octane",9800000,2020,2500.0,19000,6,3166.6666666666665,0.8884228187919463,0.0050335570469798654,Luxury
Toyota Alphard EXECUTIVE LOUNGE 2020,Toyota,Alphard,Automatic,Diesel,9800000,2020,2500.0,27000,6,4500.0,0.8884228187919463,0.0050335570469798654,Luxury
Toyota Premio Fex Package 2018,Toyota,Premio,Automatic,Octane,3750000,2018,2000.0,31000,8,3875.0,0.8884228187919463,0.05285234899328859,High
Toyota Premio G super 2015,Toyota,Premio,Automatic,Octane,2680000,2015,1500.0,75102,11,6827.454545454545,0.8884228187919463,0.05285234899328859,Medium
Nissan X-Trail 360 Camera 2012,Nissan,X-Trail,Automatic,Octane,2380000,2012,2000.0,71245,14,5088.928571428572,0.02365771812080537,0.015436241610738255,Medium
Nissan X-Trail aaaa2 asaaaaaa 2012,Nissan,X-Trail,Automatic,Octane,2380000,2012,2000.0,71254,14,5089.571428571428,0.02365771812080537,0.015436241610738255,Medium
BMW X5 aaaaaRaa2a aaaaa1aa 2001,BMW,X5,Manual,Octane,2500000,2001,3000.0,85985,25,3439.4,0.0038590604026845637,0.0016778523489932886,Medium
Toyota Vitz a.aaaaaRaa2a aaaaa1aaaa 2009,Toyota,Vitz,Automatic,Octane,880000,2009,1000.0,86592,17,5093.64705882353,0.8884228187919463,0.0041946308724832215,Low
Toyota Premio aaaaaRaa2a aaaaa1aaaa 2007,Toyota,Premio,Automatic,Octane,1795000,2007,1500.0,65856,19,3466.1052631578946,0.8884228187919463,0.05285234899328859,Low
Toyota Corolla aaaaaRaa2a aaaaa1afa 2003,Toyota,Corolla,Automatic,Octane,1095000,2003,1500.0,86598,23,3765.1304347826085,0.8884228187919463,0.04848993288590604,Low
Toyota Allion aaaaaRaa2a aaaaa1afa 2004,Toyota,Allion,Automatic,"CNG, Octane",1395000,2004,1500.0,65856,22,2993.4545454545455,0.8884228187919463,0.03120805369127517,Low
Nissan Lafesta  aaaaaRaa2a aaaaa1aa 2007,Nissan,Lafesta,Automatic,Octane,1158000,2007,2000.0,86599,19,4557.8421052631575,0.02365771812080537,0.0015100671140939597,Low
Toyota Corolla aaaaaRaa2a aaaaa1afa 1996,Toyota,Corolla,Automatic,"CNG, Octane",495000,1996,1331.0,86598,30,2886.6,0.8884228187919463,0.04848993288590604,Low
Toyota Starlet aaaaaRaa2a aaaaa1aaaa 1999,Toyota,Starlet,Automatic,"CNG, Octane",550000,1999,1331.0,86585,27,3206.8518518518517,0.8884228187919463,0.0050335570469798654,Low
Toyota aaaaaRaa2a aaaaa1aa 2004,Toyota,Other Model,Automatic,Octane,795000,2004,1331.0,86598,22,3936.2727272727275,0.8884228187919463,0.005369127516778523,Low
Toyota Allion aaaaaRaa2a aaaaa1aa 2004,Toyota,Allion,Automatic,"Octane, LPG",1395000,2004,1500.0,75865,22,3448.409090909091,0.8884228187919463,0.03120805369127517,Low
Toyota Prado aRaa2aa. aaaaaYaR 2015,Toyota,Prado,Manual,Diesel,6850000,2015,3000.0,56895,11,5172.272727272727,0.8884228187919463,0.013926174496644295,Luxury
Honda CR-V ACaaaaaRaa2a aaaaa1afa 2005,Honda,CR-V,Automatic,"Octane, LPG",1450000,2005,2000.0,65852,21,3135.809523809524,0.0424496644295302,0.011241610738255034,Low
Toyota Axio aaaaaRaa2a aaaaa1aaaa 2014,Toyota,Axio,Automatic,"Octane, LPG",1760000,2014,1500.0,95686,12,7973.833333333333,0.8884228187919463,0.10939597315436242,Low
"Mitsubishi Pajero aaaaaa,aaaa2 aaaaa1afa 2007",Mitsubishi,Pajero,Automatic,Octane,2750000,2007,3000.0,125481,19,6604.263157894737,0.012583892617449664,0.0041946308724832215,Medium
Toyota Starlet aaaaaRaa2a aaaaa1afa 1991,Toyota,Starlet,Automatic,Octane,490000,1991,1331.0,84575,35,2416.4285714285716,0.8884228187919463,0.0050335570469798654,Low
"Toyota Passo aaaaaRaa2a aaaaa,aaYa 2011",Toyota,Passo,Automatic,Octane,1395000,2011,1500.0,79686,15,5312.4,0.8884228187919463,0.0038590604026845637,Low
Toyota Starlet aaaaaRaa2a aaaaa1afa 1991,Toyota,Starlet,Automatic,"CNG, Octane",495000,1991,1331.0,86591,35,2474.0285714285715,0.8884228187919463,0.0050335570469798654,Low
Toyota Premio aaaaaYaR aRaa2aa. 2007,Toyota,Premio,Automatic,Octane,1795000,2007,1500.0,59686,19,3141.3684210526317,0.8884228187919463,0.05285234899328859,Low
Toyota Corolla aaaaaYaR aRaa2aa. 2003,Toyota,Corolla,Automatic,Octane,1095000,2003,1500.0,88658,23,3854.695652173913,0.8884228187919463,0.04848993288590604,Low
Nissan Lafesta aaaaaYaR aRaa2aa. 2007,Nissan,Lafesta,Automatic,Octane,1150000,2007,2000.0,85856,19,4518.736842105263,0.02365771812080537,0.0015100671140939597,Low
Toyota Allion aaaaaYaR aRaa2aa. 2004,Toyota,Allion,Automatic,"CNG, Octane",1395000,2004,1500.0,65856,22,2993.4545454545455,0.8884228187919463,0.03120805369127517,Low
Toyota Corolla aaY aRaa2aa. 1996,Toyota,Corolla,Automatic,"CNG, Octane",499999,1996,1331.0,86585,30,2886.1666666666665,0.8884228187919463,0.04848993288590604,Low
Toyota aaaaaYaR aRaa2aa. FANCERGO 2004,Toyota,Other Model,Automatic,Octane,795000,2004,1331.0,65856,22,2993.4545454545455,0.8884228187919463,0.005369127516778523,Low
Toyota Prado aaaaaYaR aRaa2aa. 2015,Toyota,Prado,Manual,Diesel,6850000,2015,3000.0,59685,11,5425.909090909091,0.8884228187919463,0.013926174496644295,Luxury
Toyota Allion aaaaaYaR aRaa2aa. 2004,Toyota,Allion,Automatic,"Octane, LPG",1395000,2004,1500.0,75865,22,3448.409090909091,0.8884228187919463,0.03120805369127517,Low
Toyota Vitz  aaY aRaa2aa. 2009,Toyota,Vitz,Automatic,Octane,880000,2009,1000.0,86591,17,5093.588235294118,0.8884228187919463,0.0041946308724832215,Low
Toyota Axio aaaaaYaR aRaa2aa. 2014,Toyota,Axio,Automatic,"Octane, LPG",1750000,2014,1500.0,95865,12,7988.75,0.8884228187919463,0.10939597315436242,Low
Honda CR-V aaY aRaa2aa. 2005,Honda,CR-V,Automatic,"Octane, LPG",1450000,2005,2000.0,65856,21,3136.0,0.0424496644295302,0.011241610738255034,Low
BMW X5  aaaaaYaR aRaa2aa. 2001,BMW,X5,Manual,Octane,2500000,2001,3000.0,86581,25,3463.24,0.0038590604026845637,0.0016778523489932886,Medium
Mitsubishi Pajero aaaaaYaR aRaa2aa. 2007,Mitsubishi,Pajero,Automatic,Octane,2750000,2007,3000.0,125685,19,6615.0,0.012583892617449664,0.0041946308724832215,Medium
Toyota Passo aaaaaYaR aRaa2aa. 2010,Toyota,Passo,Automatic,Octane,1395000,2010,1500.0,79865,16,4991.5625,0.8884228187919463,0.0038590604026845637,Low
Toyota Starlet aaaaaYaR aRaa2aa. asaa2aa 1991,Toyota,Starlet,Automatic,Octane,480000,1991,1331.0,86585,35,2473.8571428571427,0.8884228187919463,0.0050335570469798654,Low
Toyota Starlet aRaa2aa. aaaaaYaR 1991,Toyota,Starlet,Automatic,"CNG, Octane",495000,1991,1331.0,95866,35,2739.0285714285715,0.8884228187919463,0.0050335570469798654,Low
Honda CR-V  aa2aaaaoaa.a.aYaa 2005,Honda,CR-V,Automatic,"Octane, LPG",1450000,2005,2000.0,65851,21,3135.7619047619046,0.0424496644295302,0.011241610738255034,Low
"Toyota Corolla a,aaaaoaa.a.aYaa 1996",Toyota,Corolla,Automatic,"CNG, Octane",550000,1996,1331.0,86585,30,2886.1666666666665,0.8884228187919463,0.04848993288590604,Low
"BMW X5 , a,aaa aaa2a asaa2aa 2001",BMW,X5,Manual,Octane,2500000,2001,3000.0,86592,25,3463.68,0.0038590604026845637,0.0016778523489932886,Medium
"Toyota Passo a--a,aaYaa 2010",Toyota,Passo,Automatic,Octane,1395000,2010,1500.0,79689,16,4980.5625,0.8884228187919463,0.0038590604026845637,Low
"Toyota Vitz a,aaa a.a.aYaa asaa2aa 2009",Toyota,Vitz,Automatic,Octane,880000,2009,1000.0,86585,17,5093.235294117647,0.8884228187919463,0.0041946308724832215,Low
Mitsubishi Pajero AA PACKAGE SUOGIN 2007,Mitsubishi,Pajero,Automatic,Octane,2750000,2007,3000.0,125482,19,6604.315789473684,0.012583892617449664,0.0041946308724832215,Medium
"Toyota Starlet a,aaaaoaa.a.aYaa 1991",Toyota,Starlet,Automatic,"CNG, Octane",495000,1991,1331.0,86585,35,2473.8571428571427,0.8884228187919463,0.0050335570469798654,Low
"Toyota Starlet a,aaa a.a.aYaa asaa2aa 1991",Toyota,Starlet,Automatic,Octane,495000,1991,1331.0,86598,35,2474.2285714285713,0.8884228187919463,0.0050335570469798654,Low
Toyota  PUNCERGO 2004,Toyota,Other Model,Automatic,Octane,795000,2004,1331.0,65851,22,2993.2272727272725,0.8884228187919463,0.005369127516778523,Low
"Toyota Prado a,aaa aaa2a asaa2aa 2015",Toyota,Prado,Manual,Diesel,6850000,2015,3000.0,59686,11,5426.0,0.8884228187919463,0.013926174496644295,Luxury
"Toyota Allion a,aaaaoaa.a.aYaa 2004",Toyota,Allion,Automatic,"CNG, Octane",1395000,2004,1500.0,65895,22,2995.2272727272725,0.8884228187919463,0.03120805369127517,Low
Toyota Allion aa2aaaaoaa.a.aYaa 2004,Toyota,Allion,Automatic,"Octane, LPG",1395000,2004,1500.0,75685,22,3440.2272727272725,0.8884228187919463,0.03120805369127517,Low
Toyota Axio aa2aaaaoaa.a.aYaa 2014,Toyota,Axio,Automatic,"Octane, LPG",1760000,2014,1500.0,95666,12,7972.166666666667,0.8884228187919463,0.10939597315436242,Low
"Toyota Premio a,aaa aaa2a asaa2aa 2007",Toyota,Premio,Automatic,Octane,1795000,2007,1500.0,59866,19,3150.842105263158,0.8884228187919463,0.05285234899328859,Low
"Toyota Corolla a,aaa aaa2a asaa2aa 2003",Toyota,Corolla,Automatic,Octane,1095000,2003,1500.0,88658,23,3854.695652173913,0.8884228187919463,0.04848993288590604,Low
Nissan Lafesta SITTEE-7 2007,Nissan,Lafesta,Automatic,Octane,1150000,2007,2000.0,86598,19,4557.789473684211,0.02365771812080537,0.0015100671140939597,Low
Nissan Lafesta DRIVE OCTANE 2007,Nissan,Lafesta,Automatic,Octane,1150000,2007,2000.0,125458,19,6603.0526315789475,0.02365771812080537,0.0015100671140939597,Low
Toyota Vitz AA DRIVE OCTANE 2009,Toyota,Vitz,Automatic,Octane,880000,2009,1000.0,86593,17,5093.705882352941,0.8884228187919463,0.0041946308724832215,Low
Toyota Starlet DRIVE OCTANE 1991,Toyota,Starlet,Automatic,Octane,490000,1991,1331.0,86585,35,2473.8571428571427,0.8884228187919463,0.0050335570469798654,Low
Toyota Starlet CNGOCTANE 1991,Toyota,Starlet,Automatic,"CNG, Octane",495000,1991,1331.0,88698,35,2534.2285714285713,0.8884228187919463,0.0050335570469798654,Low
Honda CR-V a.a.aYaa  aa2aaaaoa 2005,Honda,CR-V,Automatic,Octane,1450000,2005,2000.0,75856,21,3612.190476190476,0.0424496644295302,0.011241610738255034,Low
Honda Vezel PACKAGE Z 2014,Honda,Vezel,Automatic,"Hybrid, Octane",1750000,2014,1500.0,76585,12,6382.083333333333,0.0424496644295302,0.006711409395973154,Low
Toyota Corolla DRIVE OCTANE 2003,Toyota,Corolla,Automatic,Octane,1095000,2003,1500.0,88568,23,3850.782608695652,0.8884228187919463,0.04848993288590604,Low
Mitsubishi Pajero DRIVE OCTANE 2007,Mitsubishi,Pajero,Automatic,Octane,2750000,2007,3000.0,154658,19,8139.894736842105,0.012583892617449664,0.0041946308724832215,Medium
Toyota Corolla CNGOCTANE 1996,Toyota,Corolla,Automatic,"CNG, Octane",550000,1996,1331.0,86598,30,2886.6,0.8884228187919463,0.04848993288590604,Low
Toyota Allion CNGOCTANE 2004,Toyota,Allion,Automatic,"CNG, Octane",1395000,2004,1500.0,65856,22,2993.4545454545455,0.8884228187919463,0.03120805369127517,Low
BMW X5 DRIVE OCTANE 2001,BMW,X5,Automatic,Octane,2500000,2001,3000.0,86598,25,3463.92,0.0038590604026845637,0.0016778523489932886,Medium
Toyota Passo SITTER-7 2010,Toyota,Passo,Automatic,Octane,1450000,2010,1500.0,79685,16,4980.3125,0.8884228187919463,0.0038590604026845637,Low
Toyota Premio .DRIVE OCTANE 2007,Toyota,Premio,Automatic,Octane,1795000,2007,1500.0,59681,19,3141.1052631578946,0.8884228187919463,0.05285234899328859,Low
Toyota Axio LPGOCTANE 2014,Toyota,Axio,Automatic,"Octane, LPG",1780000,2014,1500.0,95862,12,7988.5,0.8884228187919463,0.10939597315436242,Low
Toyota Allion LPGOCTANE 2004,Toyota,Allion,Automatic,"Octane, LPG",1395000,2004,1500.0,75685,22,3440.2272727272725,0.8884228187919463,0.03120805369127517,Low
Toyota Prado engine diesel 2015,Toyota,Prado,Manual,Diesel,6850000,2015,3000.0,58682,11,5334.727272727273,0.8884228187919463,0.013926174496644295,Luxury
"Toyota  aaaa,a.aaa-a 2004",Toyota,Other Model,Automatic,Octane,790000,2004,1331.0,65258,22,2966.2727272727275,0.8884228187919463,0.005369127516778523,Low
Toyota Starlet COLOR GREEN 1991,Toyota,Starlet,Automatic,Octane,495000,1991,1331.0,86580,35,2473.714285714286,0.8884228187919463,0.0050335570469798654,Low
Toyota Starlet  SILVER COLOR 1999,Toyota,Starlet,Automatic,"CNG, Octane",580000,1999,1331.0,86591,27,3207.074074074074,0.8884228187919463,0.0050335570469798654,Low
BMW X5 COLOR GREEN 2001,BMW,X5,Manual,Octane,2500000,2001,3000.0,86598,25,3463.92,0.0038590604026845637,0.0016778523489932886,Medium
Mitsubishi Pajero a3a3 COLOR BLACK 2007,Mitsubishi,Pajero,Automatic,Octane,2750000,2007,3000.0,125488,19,6604.631578947368,0.012583892617449664,0.0041946308724832215,Medium
Toyota Premio  COLOR PEARL 2007,Toyota,Premio,Automatic,Octane,1795000,2007,1500.0,59681,19,3141.1052631578946,0.8884228187919463,0.05285234899328859,Low
Toyota Vitz COLOR BLUE 2009,Toyota,Vitz,Automatic,Octane,870000,2009,1000.0,86598,17,5094.0,0.8884228187919463,0.0041946308724832215,Low
Toyota Starlet COLOR TWIN 1991,Toyota,Starlet,Automatic,"CNG, Octane",495000,1991,1331.0,86598,35,2474.2285714285713,0.8884228187919463,0.0050335570469798654,Low
Toyota Passo COLOR WINE 2010,Toyota,Passo,Automatic,Octane,1395000,2010,1500.0,79685,16,4980.3125,0.8884228187919463,0.0038590604026845637,Low
Toyota Corolla Cross COLOR SILVER 2003,Toyota,Corolla Cross,Automatic,Octane,1095000,2003,1500.0,88658,23,3854.695652173913,0.8884228187919463,0.07097315436241611,Low
Nissan Lafesta COLOR PEARL 2007,Nissan,Lafesta,Automatic,Octane,1150000,2007,2000.0,65856,19,3466.1052631578946,0.02365771812080537,0.0015100671140939597,Low
Toyota Corolla  COLOR WHITE 1996,Toyota,Corolla,Automatic,"CNG, Octane",550000,1996,1331.0,86593,30,2886.4333333333334,0.8884228187919463,0.04848993288590604,Low
Toyota  FANCERGO 2004,Toyota,Other Model,Automatic,Octane,780000,2004,1331.0,65856,22,2993.4545454545455,0.8884228187919463,0.005369127516778523,Low
Toyota Allion COLOR WHITE 2004,Toyota,Allion,Automatic,"CNG, Octane",1395000,2004,1500.0,65865,22,2993.8636363636365,0.8884228187919463,0.03120805369127517,Low
Toyota Noah . 2019,Toyota,Noah,Automatic,Octane,3500000,2019,2000.0,69500,7,9928.57142857143,0.8884228187919463,0.10671140939597315,High
Toyota Allion COLOR PEARL 2004,Toyota,Allion,Automatic,"Octane, LPG",1395000,2004,1500.0,75685,22,3440.2272727272725,0.8884228187919463,0.03120805369127517,Low
Toyota Prado COLOR PEARL 2015,Toyota,Prado,Manual,Diesel,6850000,2015,3000.0,59686,11,5426.0,0.8884228187919463,0.013926174496644295,Luxury
Honda CR-V family used 2005,Honda,CR-V,Automatic,"Octane, LPG",1460000,2005,2000.0,65851,21,3135.7619047619046,0.0424496644295302,0.011241610738255034,Low
Toyota Axio COLOR PEARL 2014,Toyota,Axio,Automatic,"Octane, LPG",1750000,2014,1500.0,95686,12,7973.833333333333,0.8884228187919463,0.10939597315436242,Low
Nissan  NOHA 2013,Nissan,Other Model,Automatic,"Octane, LPG",1150000,2013,1500.0,86585,13,6660.384615384615,0.02365771812080537,0.005369127516778523,Low
BMW X5  a.a.aYaa asaa2aa 2001,BMW,X5,Manual,Octane,2500000,2001,3000.0,86598,25,3463.92,0.0038590604026845637,0.0016778523489932886,Medium
Toyota Starlet CNGOCTANE 1991,Toyota,Starlet,Automatic,"CNG, Octane",495000,1991,1331.0,86598,35,2474.2285714285713,0.8884228187919463,0.0050335570469798654,Low
Toyota Premio aaaa.aao aoa 2007,Toyota,Premio,Automatic,Octane,1795000,2007,1500.0,58659,19,3087.315789473684,0.8884228187919463,0.05285234899328859,Low
Toyota Passo  SITTER 2010,Toyota,Passo,Automatic,Octane,1450000,2010,1500.0,79682,16,4980.125,0.8884228187919463,0.0038590604026845637,Low
Toyota Axio G 2014,Toyota,Axio,Automatic,"Octane, LPG",1750000,2014,1500.0,95865,12,7988.75,0.8884228187919463,0.10939597315436242,Low
Toyota Vitz aaaa.aao aoa 2009,Toyota,Vitz,Automatic,Octane,880000,2009,1000.0,86598,17,5094.0,0.8884228187919463,0.0041946308724832215,Low
Toyota Axio PACKAGE G 2017,Toyota,Axio,Automatic,Octane,2550000,2017,1500.0,43568,9,4840.888888888889,0.8884228187919463,0.10939597315436242,Medium
"Toyota Corolla aaaa.aao aa.aa, 2003",Toyota,Corolla,Automatic,Octane,1130000,2003,1500.0,88658,23,3854.695652173913,0.8884228187919463,0.04848993288590604,Low
"Toyota Corolla aaaa.aao aa.aa, 2003",Toyota,Corolla,Automatic,"CNG, Octane",1080000,2003,1500.0,65856,23,2863.304347826087,0.8884228187919463,0.04848993288590604,Low
Nissan Lafesta PACKAGE G 2007,Nissan,Lafesta,Automatic,Octane,1150000,2007,2000.0,86585,19,4557.105263157895,0.02365771812080537,0.0015100671140939597,Low
Toyota Corolla  CONDITIONS GOOD 1997,Toyota,Corolla,Automatic,"CNG, Octane",550000,1997,1331.0,86597,29,2986.103448275862,0.8884228187919463,0.04848993288590604,Low
Toyota Allion aaaa.aao aoa 2004,Toyota,Allion,Automatic,"Octane, LPG",1399999,2004,1500.0,65856,22,2993.4545454545455,0.8884228187919463,0.03120805369127517,Low
Toyota Prado - SUNROOF 2015,Toyota,Prado,Manual,Diesel,6850000,2015,3000.0,53256,11,4841.454545454545,0.8884228187919463,0.013926174496644295,Luxury
Toyota Allion  PACKAGE G 2004,Toyota,Allion,Automatic,"CNG, Octane",1395000,2004,1500.0,65852,22,2993.2727272727275,0.8884228187919463,0.03120805369127517,Low
Mitsubishi Pajero asaaaaaa 2007,Mitsubishi,Pajero,Automatic,Octane,2750000,2007,3000.0,125465,19,6603.421052631579,0.012583892617449664,0.0041946308724832215,Medium
Toyota  PANCERGO 2004,Toyota,Other Model,Automatic,Octane,1980000,2004,1331.0,65856,22,2993.4545454545455,0.8884228187919463,0.005369127516778523,Low
Toyota Probox GL PKG SUPER FRESH 2012,Toyota,Probox,Automatic,"Petrol, CNG, Octane",1085000,2012,1500.0,80000,14,5714.285714285715,0.8884228187919463,0.00436241610738255,Low
Honda Insight EX LEATHER PACKAGE 2020,Honda,Insight,Automatic,"Hybrid, Octane",4100000,2020,1500.0,28224,6,4704.0,0.0424496644295302,0.015100671140939598,High
Toyota Fielder X LTD Octane 2012,Toyota,Fielder,Automatic,Octane,1730000,2012,1500.0,72353,14,5168.071428571428,0.8884228187919463,0.057885906040268456,Low
Toyota Starlet PACKAGE G 1991,Toyota,Starlet,Automatic,Octane,495000,1991,1331.0,86598,35,2474.2285714285713,0.8884228187919463,0.0050335570469798654,Low
Honda CR-V VERY GOOD 2005,Honda,CR-V,Automatic,"Octane, LPG",1450000,2005,2000.0,65853,21,3135.8571428571427,0.0424496644295302,0.011241610738255034,Low
Toyota Vitz  PACKAGE G 2009,Toyota,Vitz,Automatic,Octane,880000,2009,1000.0,86581,17,5093.0,0.8884228187919463,0.0041946308724832215,Low
Toyota Vitz a-aa a.aaaaaa 2009,Toyota,Vitz,Automatic,Octane,880000,2009,1000.0,86598,17,5094.0,0.8884228187919463,0.0041946308724832215,Low
Toyota Passo . 2010,Toyota,Passo,Automatic,Octane,1450000,2010,1500.0,79689,16,4980.5625,0.8884228187919463,0.0038590604026845637,Low
Toyota Starlet a-aa a.aaaaaa 1991,Toyota,Starlet,Automatic,"CNG, Octane",495000,1991,1331.0,85985,35,2456.714285714286,0.8884228187919463,0.0050335570469798654,Low
Honda CR-V . 2005,Honda,CR-V,Automatic,"Octane, LPG",1450000,2005,2000.0,65856,21,3136.0,0.0424496644295302,0.011241610738255034,Low
BMW X5 a-aa a.aaaaaa 2001,BMW,X5,Automatic,Octane,2500000,2001,3000.0,86598,25,3463.92,0.0038590604026845637,0.0016778523489932886,Medium
Toyota Axio a-aa a.aaaaaa 2014,Toyota,Axio,Automatic,"Octane, LPG",1750000,2014,1500.0,95856,12,7988.0,0.8884228187919463,0.10939597315436242,Low
Toyota Fielder a-aa a.aaaaaa 2017,Toyota,Fielder,Automatic,Octane,2580000,2017,1500.0,53658,9,5962.0,0.8884228187919463,0.057885906040268456,Medium
Mitsubishi Pajero a-aa a.aaaaaa 2007,Mitsubishi,Pajero,Automatic,Octane,2750000,2007,3000.0,125485,19,6604.473684210527,0.012583892617449664,0.0041946308724832215,Medium
Toyota Prado a-aa a.aaaaaa 2015,Toyota,Prado,Manual,Diesel,6850000,2015,3000.0,56895,11,5172.272727272727,0.8884228187919463,0.013926174496644295,Luxury
Toyota Starlet a-aa a.aaaaaa 1991,Toyota,Starlet,Automatic,Octane,495000,1991,1331.0,86598,35,2474.2285714285713,0.8884228187919463,0.0050335570469798654,Low
Toyota a-aa a.aaaaaa 2004,Toyota,Other Model,Automatic,Octane,795000,2004,1331.0,65856,22,2993.4545454545455,0.8884228187919463,0.005369127516778523,Low
Toyota Corolla a-aa a.aaaaaa 1996,Toyota,Corolla,Automatic,"CNG, Octane",550000,1996,1331.0,86585,30,2886.1666666666665,0.8884228187919463,0.04848993288590604,Low
Toyota Allion a-aa a.aaaaaa 2004,Toyota,Allion,Automatic,"CNG, Octane",1395000,2004,1500.0,65861,22,2993.681818181818,0.8884228187919463,0.03120805369127517,Low
Toyota Allion a-aa a.aaaaaa 2004,Toyota,Allion,Automatic,"Octane, LPG",1395000,2004,1500.0,75685,22,3440.2272727272725,0.8884228187919463,0.03120805369127517,Low
Toyota Corolla a-aa a.aaaaaa 2003,Toyota,Corolla,Automatic,"CNG, Octane",1080000,2003,1500.0,65856,23,2863.304347826087,0.8884228187919463,0.04848993288590604,Low
Toyota Corolla a-aa a.aaaaaa 2003,Toyota,Corolla,Automatic,Octane,1130000,2003,1500.0,88658,23,3854.695652173913,0.8884228187919463,0.04848993288590604,Low
Toyota Starlet a-aa a.aaaaaa 1999,Toyota,Starlet,Automatic,"CNG, Octane",580000,1999,1331.0,95865,27,3550.5555555555557,0.8884228187919463,0.0050335570469798654,Low
Toyota Premio a-aa a.aaaaaa 2007,Toyota,Premio,Automatic,Octane,1850000,2007,1500.0,56595,19,2978.684210526316,0.8884228187919463,0.05285234899328859,Low
Mitsubishi Pajero V73 2007,Mitsubishi,Pajero,Automatic,Octane,2750000,2007,3000.0,125585,19,6609.736842105263,0.012583892617449664,0.0041946308724832215,Medium
Toyota Verossa G PACKAGE 2003,Toyota,Verossa,Automatic,Octane,1580000,2003,2000.0,86598,23,3765.1304347826085,0.8884228187919463,0.00016778523489932885,Low
Toyota VERY GOOD CONDITIONS 2004,Toyota,Other Model,Manual,"CNG, Octane",990000,2004,2000.0,124855,22,5675.227272727273,0.8884228187919463,0.005369127516778523,Low
Toyota Prius S SAFETY PACKAGE 2022,Toyota,Prius,Automatic,"Hybrid, Octane",3460000,2022,1500.0,44834,4,11208.5,0.8884228187919463,0.029865771812080538,High
Toyota Corolla Cross Z LEATHER TOP TRIM 2023,Toyota,Corolla Cross,Automatic,"Hybrid, Octane",5250000,2023,1800.0,13234,3,4411.333333333333,0.8884228187919463,0.07097315436241611,Luxury
Nissan X-Trail 4X4 Premium 2014,Nissan,X-Trail,Automatic,Octane,2790000,2014,2000.0,52843,12,4403.583333333333,0.02365771812080537,0.015436241610738255,Medium
Toyota Premio . 2016,Toyota,Premio,Automatic,Octane,2700000,2016,1500.0,90000,10,9000.0,0.8884228187919463,0.05285234899328859,Medium
Toyota Noah hybrid 2022,Toyota,Noah,Automatic,"Petrol, Hybrid, Octane",3850000,2022,1800.0,35687,4,8921.75,0.8884228187919463,0.10671140939597315,High
Toyota Corolla Cross Z LETHER SUNROOF 360 2025,Toyota,Corolla Cross,Automatic,"Hybrid, Octane",5770000,2025,1800.0,1000,1,1000.0,0.8884228187919463,0.07097315436241611,Luxury
Toyota Noah hybrid 2020,Toyota,Noah,Automatic,"Petrol, Hybrid, Octane",2900000,2020,1800.0,56321,6,9386.833333333334,0.8884228187919463,0.10671140939597315,Medium
Toyota Voxy hybrid 2020,Toyota,Voxy,Automatic,"Petrol, Hybrid, Octane",2800000,2020,1800.0,52476,6,8746.0,0.8884228187919463,0.027348993288590605,Medium
Toyota Harrier PREMIUM NOIR SUNROOF 2020,Toyota,Harrier,Automatic,Octane,6950000,2020,2000.0,27884,6,4647.333333333333,0.8884228187919463,0.03976510067114094,Luxury
Toyota Allion G PACKAGE WITH LED 2020,Toyota,Allion,Automatic,Octane,4120000,2020,1500.0,33799,6,5633.166666666667,0.8884228187919463,0.03120805369127517,High
Toyota Yaris Cross hybrid 2021,Toyota,Yaris Cross,Automatic,"Petrol, Hybrid, Octane",2800000,2021,1500.0,56284,5,11256.8,0.8884228187919463,0.02097315436241611,Medium
Toyota C-HR HYBRID G NERO MODE 2020,Toyota,C-HR,Automatic,"Petrol, Hybrid, Octane",3500000,2020,1800.0,65000,6,10833.333333333334,0.8884228187919463,0.027181208053691275,High
Toyota Voxy hybrid 2022,Toyota,Voxy,Automatic,"Petrol, Hybrid, Octane",4650000,2022,1800.0,32614,4,8153.5,0.8884228187919463,0.027348993288590605,Luxury
Toyota Axio EX 2021,Toyota,Axio,Automatic,Hybrid,2820000,2021,1500.0,41000,5,8200.0,0.8884228187919463,0.10939597315436242,Medium
Toyota Harrier Z Leather 2020,Toyota,Harrier,Automatic,"CNG, Octane",8200000,2020,2000.0,44000,6,7333.333333333333,0.8884228187919463,0.03976510067114094,Luxury
Toyota Corolla Cross Z LETHER SUNROOF 360 2022,Toyota,Corolla Cross,Automatic,"Hybrid, Octane",4780000,2022,1800.0,40000,4,10000.0,0.8884228187919463,0.07097315436241611,Luxury
Toyota Corolla Cross Z LEATHER 360 2021,Toyota,Corolla Cross,Automatic,"Hybrid, Octane",4430000,2021,1800.0,18000,5,3600.0,0.8884228187919463,0.07097315436241611,Luxury
Toyota Axio G 2011,Toyota,Axio,Automatic,"CNG, Octane",1470000,2011,1500.0,86000,15,5733.333333333333,0.8884228187919463,0.10939597315436242,Low
Toyota Noah HYBRID X 4 GRADE 2020,Toyota,Noah,Automatic,"Petrol, Hybrid, Octane",3270000,2020,1800.0,86000,6,14333.333333333334,0.8884228187919463,0.10671140939597315,Medium
Toyota Fielder EX OCTANE PUSH START 2020,Toyota,Fielder,Automatic,Octane,2830000,2020,1500.0,19194,6,3199.0,0.8884228187919463,0.057885906040268456,Medium
Range Rover Evoque Sun roof 2015,Range Rover,Evoque,Automatic,Octane,5500000,2015,2000.0,26000,11,2363.6363636363635,0.002181208053691275,0.0005033557046979866,Luxury
"Suzuki Hustler X,HYBRID, 4.5 POINT 2020",Suzuki,Hustler,Automatic,Hybrid,2130000,2020,660.0,95000,6,15833.333333333334,0.002348993288590604,0.00016778523489932885,Low
Toyota Raum G pkg 2006,Toyota,Raum,Automatic,"Octane, LPG",1150000,2006,1500.0,65000,20,3250.0,0.8884228187919463,0.0015100671140939597,Low
Toyota Premio FEX pkg 2017,Toyota,Premio,Automatic,Octane,3350000,2017,1500.0,65000,9,7222.222222222223,0.8884228187919463,0.05285234899328859,Medium
Toyota Prius A PACKAGE 2020,Toyota,Prius,Automatic,"Hybrid, Octane",3150000,2020,1800.0,46234,6,7705.666666666667,0.8884228187919463,0.029865771812080538,Medium
Toyota Esquire GI PREMIUM HYBRID 2020,Toyota,Esquire,Automatic,Octane,4299999,2020,2000.0,39853,6,6642.166666666667,0.8884228187919463,0.05855704697986577,High
Toyota Avanza G 2011,Toyota,Avanza,Automatic,Octane,1335000,2011,1300.0,72000,15,4800.0,0.8884228187919463,0.0015100671140939597,Low
Toyota Corolla 110 1999,Toyota,Corolla,Automatic,"CNG, Octane",750000,1999,1500.0,85000,27,3148.1481481481483,0.8884228187919463,0.04848993288590604,Low
Toyota Esquire hybrid 2020,Toyota,Esquire,Automatic,"Petrol, Hybrid, Octane",3500000,2020,1800.0,53247,6,8874.5,0.8884228187919463,0.05855704697986577,High
Toyota Esquire HYBRID GI WINE RED 2020,Toyota,Esquire,Automatic,"Petrol, Hybrid, Octane",3570000,2020,1800.0,43000,6,7166.666666666667,0.8884228187919463,0.05855704697986577,High
Toyota Probox Full Fresh 2004,Toyota,Probox,Automatic,"CNG, Octane",725000,2004,1300.0,83959,22,3816.318181818182,0.8884228187919463,0.00436241610738255,Low
Toyota Corolla 111 ALL AUTO 1997,Toyota,Corolla,Automatic,Octane,650000,1997,1300.0,83617,29,2883.344827586207,0.8884228187919463,0.04848993288590604,Low
Toyota Yaris Cross hybrid 2021,Toyota,Yaris Cross,Automatic,"Petrol, Hybrid, Octane",2800000,2021,1500.0,52847,5,10569.4,0.8884228187919463,0.02097315436241611,Medium
Toyota Corolla hybrid 2020,Toyota,Corolla,Automatic,"Petrol, Hybrid, Octane",2350000,2020,1800.0,58746,6,9791.0,0.8884228187919463,0.04848993288590604,Medium
Toyota Noah Non Hybrid 2021,Toyota,Noah,Automatic,"Petrol, Octane",3400000,2021,2000.0,52647,5,10529.4,0.8884228187919463,0.10671140939597315,High
Toyota Fielder X G addition 2009,Toyota,Fielder,Automatic,"CNG, Octane",1450000,2009,1500.0,86000,17,5058.823529411765,0.8884228187919463,0.057885906040268456,Low
Toyota Axio Hybrid EX 4 AP 2020,Toyota,Axio,Automatic,"Petrol, Octane",2680000,2020,1500.0,81000,6,13500.0,0.8884228187919463,0.10939597315436242,Medium
Toyota Fielder EX 2020,Toyota,Fielder,Automatic,Hybrid,2150000,2020,1500.0,88000,6,14666.666666666666,0.8884228187919463,0.057885906040268456,Low
Toyota Noah hybrid 2021,Toyota,Noah,Automatic,"Petrol, Hybrid, Octane",2950000,2021,1800.0,52461,5,10492.2,0.8884228187919463,0.10671140939597315,Medium
"Toyota Corolla Cross Z LEATHER,GRADE 4.5 2021",Toyota,Corolla Cross,Automatic,Hybrid,4670000,2021,1800.0,48049,5,9609.8,0.8884228187919463,0.07097315436241611,Luxury
Nissan X-Trail E.B.P 2020,Nissan,X-Trail,Automatic,"Petrol, Hybrid, Octane",3850000,2020,2000.0,45212,6,7535.333333333333,0.02365771812080537,0.015436241610738255,High
Toyota Premio F KEY START 2020,Toyota,Premio,Automatic,Octane,3720000,2020,1500.0,38238,6,6373.0,0.8884228187919463,0.05285234899328859,High
Honda Vezel S Non Hybrid 2014,Honda,Vezel,Automatic,Octane,2080000,2014,1500.0,83873,12,6989.416666666667,0.0424496644295302,0.006711409395973154,Low
Toyota Axio NON HYBRID 4 GRADE 2020,Toyota,Axio,Automatic,"Petrol, Octane",2670000,2020,1500.0,85000,6,14166.666666666666,0.8884228187919463,0.10939597315436242,Medium
Toyota C-HR S-GR SPORTS 2020,Toyota,C-HR,Automatic,Hybrid,3630000,2020,1800.0,52000,6,8666.666666666666,0.8884228187919463,0.027181208053691275,High
Toyota Hiace DX 2020,Toyota,Hiace,Automatic,"Petrol, Octane",3050000,2020,2000.0,76238,6,12706.333333333334,0.8884228187919463,0.09429530201342282,Medium
Toyota Axio EX HYBRID PEARL 2021,Toyota,Axio,Automatic,"Hybrid, Octane",2250000,2021,1500.0,55271,5,11054.2,0.8884228187919463,0.10939597315436242,Low
Toyota Hiace SUPER GL DARK PRIME 2021,Toyota,Hiace,Automatic,Octane,4400000,2021,2000.0,116197,5,23239.4,0.8884228187919463,0.09429530201342282,High
Toyota Yaris Cross z ready stock 2020,Toyota,Yaris Cross,Automatic,"Petrol, Hybrid, Octane",3500000,2020,1500.0,56894,6,9482.333333333334,0.8884228187919463,0.02097315436241611,High
Toyota Axio HYBRID EX PUSH 4-AP 2020,Toyota,Axio,Automatic,"Petrol, Hybrid, Octane",2280000,2020,1500.0,75000,6,12500.0,0.8884228187919463,0.10939597315436242,Low
Toyota Axio X Non Hybrid 2017,Toyota,Axio,Automatic,Octane,2180000,2017,1500.0,58586,9,6509.555555555556,0.8884228187919463,0.10939597315436242,Low
Toyota Corolla Cross hybrid 2021,Toyota,Corolla Cross,Automatic,"Petrol, Hybrid, Octane",3850000,2021,1800.0,53247,5,10649.4,0.8884228187919463,0.07097315436241611,High
Toyota Corolla Cross HY Z LEATHER 360 CM 2021,Toyota,Corolla Cross,Automatic,"Petrol, Hybrid, Octane",4450000,2021,1800.0,60000,5,12000.0,0.8884228187919463,0.07097315436241611,Luxury
Toyota Axio Hybrid EX Push 2020,Toyota,Axio,Automatic,"Petrol, Hybrid, Octane",2450000,2020,1500.0,77000,6,12833.333333333334,0.8884228187919463,0.10939597315436242,Medium
Toyota Axio Hybrid EX 4 Grade 2020,Toyota,Axio,Automatic,"Petrol, Hybrid, Octane",2280000,2020,1500.0,85000,6,14166.666666666666,0.8884228187919463,0.10939597315436242,Low
Toyota Fielder HYBRID EX 4-AP 2020,Toyota,Fielder,Automatic,"Petrol, Hybrid, Octane",2300000,2020,1500.0,85000,6,14166.666666666666,0.8884228187919463,0.057885906040268456,Low
Toyota Corolla AE111 1996,Toyota,Corolla,Automatic,"Octane, LPG",470000,1996,1331.0,45000,30,1500.0,0.8884228187919463,0.04848993288590604,Low
Toyota Corolla X 2005,Toyota,Corolla,Automatic,"Octane, LPG",820000,2005,1500.0,78500,21,3738.095238095238,0.8884228187919463,0.04848993288590604,Low
Honda Vezel 2014,Honda,Vezel,Automatic,Octane,2050000,2015,1490.0,99000,11,9000.0,0.0424496644295302,0.006711409395973154,Low
Toyota Noah X WXB 2020,Toyota,Noah,Automatic,Octane,3890000,2020,2000.0,45000,6,7500.0,0.8884228187919463,0.10671140939597315,High
Toyota Corolla Touring G-X White 2020,Toyota,Corolla,Automatic,Hybrid,2550000,2020,1800.0,65000,6,10833.333333333334,0.8884228187919463,0.04848993288590604,Medium
Toyota Premio Manual 1996,Toyota,Premio,Automatic,Octane,550000,1996,1500.0,77000,30,2566.6666666666665,0.8884228187919463,0.05285234899328859,Low
Toyota Premio G Superior 2010,Toyota,Premio,Automatic,"Octane, LPG",2050000,2010,1500.0,119900,16,7493.75,0.8884228187919463,0.05285234899328859,Low
Toyota Axio Non Hybrid 2020,Toyota,Axio,Automatic,"Petrol, Octane",2450000,2020,1500.0,57486,6,9581.0,0.8884228187919463,0.10939597315436242,Medium
Toyota Fielder EX 4 GRADE 2020,Toyota,Fielder,Automatic,"Petrol, Hybrid, Octane",2450000,2020,1500.0,75000,6,12500.0,0.8884228187919463,0.057885906040268456,Medium
Lexus RX300 F SPORT 2023,Lexus,RX300,Automatic,"Petrol, Hybrid, Octane",20500000,2023,2400.0,1300,3,433.3333333333333,0.0068791946308724835,0.001174496644295302,Luxury
Honda Insight EX-PRIME STYLE 2021,Honda,Insight,Automatic,"Petrol, Hybrid, Octane",4300000,2021,1500.0,55000,5,11000.0,0.0424496644295302,0.015100671140939598,High
Toyota Corolla Cross hybrid 2021,Toyota,Corolla Cross,Automatic,"Petrol, Hybrid, Octane",3950000,2021,1800.0,47568,5,9513.6,0.8884228187919463,0.07097315436241611,High
Toyota Prado tx 2003,Toyota,Prado,Automatic,Octane,2500000,2003,2700.0,75000,23,3260.8695652173915,0.8884228187919463,0.013926174496644295,Medium
Toyota Corolla Touring WXB 4.5 2020,Toyota,Corolla,Automatic,"Petrol, Hybrid, Octane",3100000,2020,1800.0,70000,6,11666.666666666666,0.8884228187919463,0.04848993288590604,Medium
Toyota Corolla X 2004,Toyota,Corolla,Automatic,"Octane, LPG",1150000,2004,1500.0,120000,22,5454.545454545455,0.8884228187919463,0.04848993288590604,Low
Toyota Corolla Cross Z LEATHER BLACK 2021,Toyota,Corolla Cross,Automatic,Hybrid,4280000,2021,1800.0,67000,5,13400.0,0.8884228187919463,0.07097315436241611,High
Toyota Noah X Si greet 2013,Toyota,Noah,Automatic,"CNG, Octane",2195000,2013,2000.0,98000,13,7538.461538461538,0.8884228187919463,0.10671140939597315,Low
MG MG5 2023,MG,Other Model,Automatic,Octane,2650000,2023,1500.0,23500,3,7833.333333333333,0.001174496644295302,0.005369127516778523,Medium
Mitsubishi Lancer EX 2015,Mitsubishi,Lancer,Automatic,Octane,1880000,2015,1500.0,76500,11,6954.545454545455,0.012583892617449664,0.002181208053691275,Low
Toyota Axio Hybrid 2020,Toyota,Axio,Automatic,"Petrol, Hybrid, Octane",2150000,2020,1500.0,57126,6,9521.0,0.8884228187919463,0.10939597315436242,Low
Mazda Axela active 2016,Mazda,Axela,Automatic,Octane,1950000,2016,1500.0,61500,10,6150.0,0.0025167785234899327,0.001174496644295302,Low
Toyota Axio car 2007,Toyota,Axio,Automatic,"CNG, Octane",1170000,2007,1500.0,98000,19,5157.894736842105,0.8884228187919463,0.10939597315436242,Low
Toyota Axio Hybrid EX Push 2020,Toyota,Axio,Automatic,"Petrol, Hybrid, Octane",2420000,2020,1500.0,80000,6,13333.333333333334,0.8884228187919463,0.10939597315436242,Medium
Toyota Hiace GL HEATER BOX 2020,Toyota,Hiace,Automatic,"Petrol, Octane",3600000,2020,2000.0,65000,6,10833.333333333334,0.8884228187919463,0.09429530201342282,High
"Toyota Noah X, NON-HYBRID 2019",Toyota,Noah,Automatic,Octane,3475000,2019,2000.0,55000,7,7857.142857142857,0.8884228187919463,0.10671140939597315,High
Toyota Crown RS Advance 2022,Toyota,Crown,Automatic,"Petrol, Hybrid, Octane",12500000,2022,2400.0,18000,4,4500.0,0.8884228187919463,0.00587248322147651,Luxury
Toyota Noah SI W-XB -2 CELING TV 2020,Toyota,Noah,Automatic,Octane,4275000,2020,1800.0,76000,6,12666.666666666666,0.8884228187919463,0.10671140939597315,High
Toyota Land Cruiser TX limited Prado 2015,Toyota,Land Cruiser,Automatic,Octane,8580000,2015,2700.0,58000,11,5272.727272727273,0.8884228187919463,0.008557046979865772,Luxury
Toyota Land Cruiser zx V8. invader 2014,Toyota,Land Cruiser,Automatic,Octane,1850000,2014,4600.0,28500,12,2375.0,0.8884228187919463,0.008557046979865772,Low
Toyota Noah X Sunroof 2005,Toyota,Noah,Automatic,"CNG, Octane",1250000,2005,2000.0,98000,21,4666.666666666667,0.8884228187919463,0.10671140939597315,Low
Toyota Hiace HIGH ROOF AMBULANCE 2020,Toyota,Hiace,Automatic,"Petrol, Octane",3150000,2020,2000.0,60000,6,10000.0,0.8884228187919463,0.09429530201342282,Medium
Toyota Allion G Octane Drive Only 2014,Toyota,Allion,Automatic,Octane,2395000,2014,1500.0,69000,12,5750.0,0.8884228187919463,0.03120805369127517,Medium
Toyota Voxy S-Z Brand New 2025,Toyota,Voxy,Automatic,"Hybrid, Octane",6580000,2025,1800.0,8,1,8.0,0.8884228187919463,0.027348993288590605,Luxury
Toyota Axio X Non HV Dhaka Ready 2020,Toyota,Axio,Automatic,Octane,2750000,2020,1500.0,47528,6,7921.333333333333,0.8884228187919463,0.10939597315436242,Medium
Toyota Noah S-Z PKG BLACK 2022,Toyota,Noah,Automatic,Hybrid,4510000,2022,1800.0,127,4,31.75,0.8884228187919463,0.10671140939597315,Luxury
Toyota Passo Sette 2009,Toyota,Passo,Automatic,"CNG, Octane",1350000,2009,1500.0,150000,17,8823.529411764706,0.8884228187919463,0.0038590604026845637,Low
Toyota Noah gray 2011,Toyota,Noah,Automatic,"CNG, Octane",1950000,2011,2000.0,65000,15,4333.333333333333,0.8884228187919463,0.10671140939597315,Low
Toyota Axio car Hybrid 2015,Toyota,Axio,Automatic,"Hybrid, Octane",1570000,2015,1500.0,67000,11,6090.909090909091,0.8884228187919463,0.10939597315436242,Low
Toyota RAV4 ADVENTURE 2022,Toyota,RAV4,Automatic,"Petrol, Hybrid, Octane",8500000,2022,2500.0,20000,4,5000.0,0.8884228187919463,0.009731543624161074,Luxury
Honda Insight LX DHAKA READY 2021,Honda,Insight,Automatic,"Petrol, Hybrid, Octane",3750000,2021,1500.0,35000,5,7000.0,0.0424496644295302,0.015100671140939598,High
Toyota Corolla X 2004,Toyota,Corolla,Automatic,"CNG, Octane",1080000,2004,1500.0,95000,22,4318.181818181818,0.8884228187919463,0.04848993288590604,Low
Toyota Corolla Cross hybrid 2021,Toyota,Corolla Cross,Automatic,"Petrol, Hybrid, Octane",3950000,2021,1800.0,48672,5,9734.4,0.8884228187919463,0.07097315436241611,High
Toyota Premio car 2004,Toyota,Premio,Automatic,"CNG, Octane",1295000,2004,1500.0,88000,22,4000.0,0.8884228187919463,0.05285234899328859,Low
Nissan Sunny golden 2004,Nissan,Sunny,Automatic,"CNG, Octane",650000,2004,1500.0,89000,22,4045.4545454545455,0.02365771812080537,0.002181208053691275,Low
Toyota Noah kr42 2 door pawer 2006,Toyota,Noah,Automatic,"CNG, Octane",890000,2006,1800.0,98000,20,4900.0,0.8884228187919463,0.10671140939597315,Low
Toyota Noah Non Hybrid X 2020,Toyota,Noah,Automatic,"Petrol, Octane",3650000,2020,2000.0,65000,6,10833.333333333334,0.8884228187919463,0.10671140939597315,High
Nissan X-Trail 20-Xi Non Hybrid 2020,Nissan,X-Trail,Automatic,"Petrol, Octane",5530000,2020,2000.0,77000,6,12833.333333333334,0.02365771812080537,0.015436241610738255,Luxury
Toyota Allion silver 2003,Toyota,Allion,Automatic,"CNG, Octane",1190000,2003,1500.0,95000,23,4130.434782608696,0.8884228187919463,0.03120805369127517,Low
Toyota Corolla Cross Z-LEATHER 4.5 a-aaaa 2022,Toyota,Corolla Cross,Automatic,"Petrol, Hybrid, Octane",4600000,2022,1800.0,10000,4,2500.0,0.8884228187919463,0.07097315436241611,Luxury
Toyota Corolla Cross hybrid 2021,Toyota,Corolla Cross,Automatic,"Petrol, Hybrid, Octane",3850000,2021,1800.0,47813,5,9562.6,0.8884228187919463,0.07097315436241611,High
Toyota Noah HYBRID X 4 GRADE 2020,Toyota,Noah,Automatic,"Petrol, Hybrid, Octane",3230000,2020,1800.0,70000,6,11666.666666666666,0.8884228187919463,0.10671140939597315,Medium
Toyota Noah Non Hybrid X 4.5 AP 2020,Toyota,Noah,Automatic,"Petrol, Octane",3850000,2020,2000.0,72000,6,12000.0,0.8884228187919463,0.10671140939597315,High
Toyota Crown G-Ready 2020,Toyota,Crown,Automatic,"Petrol, Hybrid, Octane",7400000,2020,2500.0,82000,6,13666.666666666666,0.8884228187919463,0.00587248322147651,Luxury
Toyota Noah Si Wxb-lll Body Kit 2020,Toyota,Noah,Automatic,Hybrid,3740000,2020,1800.0,71000,6,11833.333333333334,0.8884228187919463,0.10671140939597315,High
Toyota Aqua hybrid 2014,Toyota,Aqua,Automatic,Octane,1370000,2014,1500.0,42000,12,3500.0,0.8884228187919463,0.015771812080536914,Low
Toyota Prado octen drive 2007,Toyota,Prado,Automatic,Octane,3150000,2007,2700.0,59000,19,3105.2631578947367,0.8884228187919463,0.013926174496644295,Medium
Toyota Sienta push start 2015,Toyota,Sienta,Automatic,Octane,1950000,2015,1500.0,38000,11,3454.5454545454545,0.8884228187919463,0.009228187919463088,Low
Toyota Harrier Non Hybrid Sunroof 4 2020,Toyota,Harrier,Automatic,"Petrol, Octane",7100000,2020,2000.0,65000,6,10833.333333333334,0.8884228187919463,0.03976510067114094,Luxury
Toyota Probox GL 2004,Toyota,Probox,Automatic,"CNG, Octane",880000,2004,1500.0,54946,22,2497.5454545454545,0.8884228187919463,0.00436241610738255,Low
Toyota Corolla X Full Fresh 2004,Toyota,Corolla,Automatic,"CNG, Octane",1250000,2004,1500.0,86482,22,3931.0,0.8884228187919463,0.04848993288590604,Low
Toyota Corolla x 2005,Toyota,Corolla,Automatic,"CNG, Octane",1099999,2005,1500.0,95000,21,4523.809523809524,0.8884228187919463,0.04848993288590604,Low
Mitsubishi X-Pander gray 2020,Mitsubishi,X-Pander,Automatic,Octane,2990000,2020,1500.0,32000,6,5333.333333333333,0.012583892617449664,0.0015100671140939597,Medium
Toyota Hiace Super Gl 2004,Toyota,Hiace,Automatic,"CNG, Octane",980000,2004,2000.0,87000,22,3954.5454545454545,0.8884228187919463,0.09429530201342282,Low
Toyota Corolla 2002,Toyota,Corolla,Automatic,"Octane, LPG",930000,2006,1500.0,67000,20,3350.0,0.8884228187919463,0.04848993288590604,Low
Toyota C-HR G Led with 360Camera 2020,Toyota,C-HR,Automatic,Hybrid,3470000,2020,1800.0,61000,6,10166.666666666666,0.8884228187919463,0.027181208053691275,High
Toyota Hiace Super Gl Key Start 2021,Toyota,Hiace,Automatic,"Petrol, Octane",3790000,2021,2000.0,117000,5,23400.0,0.8884228187919463,0.09429530201342282,High
Toyota Corolla 111 1997,Toyota,Corolla,Automatic,"CNG, Octane",630000,1997,1500.0,87000,29,3000.0,0.8884228187919463,0.04848993288590604,Low
Toyota Prius S Silver 4.5 Point 2020,Toyota,Prius,Automatic,Hybrid,2950000,2020,1800.0,47000,6,7833.333333333333,0.8884228187919463,0.029865771812080538,Medium
Toyota C-HR Hybrid-GR-Sports 4AP 2020,Toyota,C-HR,Automatic,"Petrol, Hybrid, Octane",3700000,2020,1800.0,60000,6,10000.0,0.8884228187919463,0.027181208053691275,High
Toyota Noah ESQUIRE gi premium 2018,Toyota,Noah,Automatic,"Octane, LPG",3590008,2018,2000.0,32000,8,4000.0,0.8884228187919463,0.10671140939597315,High
Toyota Premio Fex Black Color 2021,Toyota,Premio,Automatic,Octane,4770000,2021,1500.0,44000,5,8800.0,0.8884228187919463,0.05285234899328859,Luxury
Toyota Corolla x 2005,Toyota,Corolla,Automatic,"CNG, Octane",1200000,2005,1500.0,86000,21,4095.2380952380954,0.8884228187919463,0.04848993288590604,Low
Honda Insight hybrid 2019,Honda,Insight,Automatic,"Hybrid, Octane",3030000,2019,1500.0,62000,7,8857.142857142857,0.0424496644295302,0.015100671140939598,Medium
Toyota Corolla Hybrid 2020,Toyota,Corolla,Automatic,"Petrol, Hybrid, Octane",2450000,2020,1800.0,54823,6,9137.166666666666,0.8884228187919463,0.04848993288590604,Medium
Toyota Axio white 2006,Toyota,Axio,Automatic,"CNG, Octane",1120000,2006,1500.0,98000,20,4900.0,0.8884228187919463,0.10939597315436242,Low
Toyota Premio F-Ex Beige Interior 2021,Toyota,Premio,Automatic,"Petrol, Octane",4720000,2021,1500.0,9400,5,1880.0,0.8884228187919463,0.05285234899328859,Luxury
Toyota Corolla X 2004,Toyota,Corolla,Automatic,"CNG, Octane",1150000,2004,1500.0,98000,22,4454.545454545455,0.8884228187919463,0.04848993288590604,Low
Proton Saga VVTI 2019,Proton,Saga,Automatic,Octane,790000,2019,1300.0,35000,7,5000.0,0.0016778523489932886,0.0005033557046979866,Low
Toyota Prius S Touring 4 Grade 2021,Toyota,Prius,Automatic,"Petrol, Hybrid, Octane",3700000,2021,1800.0,49000,5,9800.0,0.8884228187919463,0.029865771812080538,High
Toyota Noah X si greet 2014,Toyota,Noah,Automatic,"CNG, Octane",2600000,2014,2000.0,68000,12,5666.666666666667,0.8884228187919463,0.10671140939597315,Medium
Honda Insight Hybrid EX PKG 2020,Honda,Insight,Automatic,"Petrol, Hybrid, Octane",3750000,2020,1500.0,68000,6,11333.333333333334,0.0424496644295302,0.015100671140939598,High
Toyota Prius S Push 4 Grade 2021,Toyota,Prius,Automatic,"Petrol, Hybrid, Octane",3400000,2021,1800.0,58000,5,11600.0,0.8884228187919463,0.029865771812080538,High
Toyota Axio Non-Hybrid Push Oil 2020,Toyota,Axio,Automatic,"Petrol, Octane",2750000,2020,1500.0,73000,6,12166.666666666666,0.8884228187919463,0.10939597315436242,Medium
Toyota Hiace GRAND CABIN TRH224 2021,Toyota,Hiace,Automatic,Octane,5700000,2021,2700.0,88888,5,17777.6,0.8884228187919463,0.09429530201342282,Luxury
Honda Grace hybrid 2018,Honda,Grace,Automatic,"Hybrid, Octane",1920000,2018,1500.0,48000,8,6000.0,0.0424496644295302,0.0038590604026845637,Low
Toyota RAV4 hybrid 2020,Toyota,RAV4,Automatic,"Petrol, Hybrid, Octane",5150000,2020,2500.0,52847,6,8807.833333333334,0.8884228187919463,0.009731543624161074,Luxury
Toyota Allion A15 2006,Toyota,Allion,Automatic,"CNG, Octane",1580000,2006,1500.0,79000,20,3950.0,0.8884228187919463,0.03120805369127517,Low
Nissan X-Trail sun roof 2010,Nissan,X-Trail,Automatic,Octane,1880000,2010,2000.0,70000,16,4375.0,0.02365771812080537,0.015436241610738255,Low
Toyota Axio key start 2015,Toyota,Axio,Automatic,"CNG, Octane",1750000,2015,1500.0,56000,11,5090.909090909091,0.8884228187919463,0.10939597315436242,Low
Toyota Axio Non Hybrid EX Push 2020,Toyota,Axio,Automatic,"Petrol, Octane",2650000,2020,1500.0,85000,6,14166.666666666666,0.8884228187919463,0.10939597315436242,Medium
Toyota Harrier NON-HY-SUNROOF. 2020,Toyota,Harrier,Automatic,"Petrol, Octane",6650000,2020,2000.0,55000,6,9166.666666666666,0.8884228187919463,0.03976510067114094,Luxury
Toyota RAV4 Non Hybrid G-Z 4.5 2020,Toyota,RAV4,Automatic,"Petrol, Octane",7200000,2020,2000.0,50000,6,8333.333333333334,0.8884228187919463,0.009731543624161074,Luxury
"Toyota Noah X, NON-HYBRID 2021",Toyota,Noah,Automatic,Octane,3650000,2021,2000.0,117000,5,23400.0,0.8884228187919463,0.10671140939597315,High
Toyota Axio G 2008,Toyota,Axio,Automatic,"CNG, Octane",1270000,2008,1500.0,75000,18,4166.666666666667,0.8884228187919463,0.10939597315436242,Low
Toyota Prius Hybrid 2017,Toyota,Prius,Automatic,"Hybrid, Octane",2250000,2017,1800.0,68000,9,7555.555555555556,0.8884228187919463,0.029865771812080538,Low
Toyota Axio Octane 4 point Push 2020,Toyota,Axio,Automatic,Octane,2750000,2020,1500.0,57000,6,9500.0,0.8884228187919463,0.10939597315436242,Medium
Toyota Axio X Limited 2010,Toyota,Axio,Automatic,"CNG, LPG",1510000,2010,1500.0,78000,16,4875.0,0.8884228187919463,0.10939597315436242,Low
Toyota Camry silver 1995,Toyota,Camry,Automatic,Octane,350000,1995,1830.0,75000,31,2419.3548387096776,0.8884228187919463,0.0005033557046979866,Low
Toyota Noah PUSH START X PACKAGE 2020,Toyota,Noah,Automatic,Octane,3930000,2020,2000.0,51560,6,8593.333333333334,0.8884228187919463,0.10671140939597315,High
Toyota Corolla x asesta 2004,Toyota,Corolla,Automatic,"CNG, Octane",1030000,2004,1331.0,98000,22,4454.545454545455,0.8884228187919463,0.04848993288590604,Low
Toyota Fielder Hybrid-EX 4Grade 2020,Toyota,Fielder,Automatic,"Petrol, Hybrid, Octane",2450000,2020,1500.0,80000,6,13333.333333333334,0.8884228187919463,0.057885906040268456,Medium
Toyota Axio Hybrid EX 4 AP 2020,Toyota,Axio,Automatic,"Petrol, Hybrid, Octane",2400000,2020,1500.0,80000,6,13333.333333333334,0.8884228187919463,0.10939597315436242,Medium
Toyota Raum special edition 2006,Toyota,Raum,Automatic,"Petrol, CNG, Octane",850000,2006,1500.0,80000,20,4000.0,0.8884228187919463,0.0015100671140939597,Low
Toyota Aqua Push - Super Fresh 2013,Toyota,Aqua,Automatic,"Hybrid, Octane",1230000,2013,1500.0,101000,13,7769.2307692307695,0.8884228187919463,0.015771812080536914,Low
Toyota Passo silver 2005,Toyota,Passo,Automatic,Octane,595000,2005,1000.0,65000,21,3095.2380952380954,0.8884228187919463,0.0038590604026845637,Low
Toyota Noah sr40 2000,Toyota,Noah,Automatic,"CNG, Octane",490000,2000,2000.0,87000,26,3346.153846153846,0.8884228187919463,0.10671140939597315,Low
Toyota RAV4 Hybrid G Sunroof 4.5 2020,Toyota,RAV4,Automatic,"Petrol, Hybrid, Octane",6650000,2020,2500.0,41000,6,6833.333333333333,0.8884228187919463,0.009731543624161074,Luxury
Toyota Axio Non hybrid 2020,Toyota,Axio,Automatic,"Petrol, Octane",2450000,2020,1500.0,54762,6,9127.0,0.8884228187919463,0.10939597315436242,Medium
Toyota Noah x 2003,Toyota,Noah,Automatic,"CNG, Octane",1080000,2003,2000.0,98000,23,4260.869565217391,0.8884228187919463,0.10671140939597315,Low
Toyota Corolla X Edition 2005,Toyota,Corolla,Automatic,"CNG, Octane",1275000,2005,1500.0,140000,21,6666.666666666667,0.8884228187919463,0.04848993288590604,Low
Toyota Yaris Cross hybrid 2021,Toyota,Yaris Cross,Automatic,"Hybrid, Octane",2850000,2021,1500.0,56000,5,11200.0,0.8884228187919463,0.02097315436241611,Medium
Toyota C-HR S-LED 2020,Toyota,C-HR,Automatic,Hybrid,3400000,2020,1800.0,89000,6,14833.333333333334,0.8884228187919463,0.027181208053691275,High
Toyota Esquire hybrid 2020,Toyota,Esquire,Automatic,"Petrol, Hybrid, Octane",3300000,2020,1800.0,52864,6,8810.666666666666,0.8884228187919463,0.05855704697986577,Medium
Toyota Axio hybrid Ready 2020,Toyota,Axio,Automatic,"Petrol, Hybrid, Octane",2150000,2020,1500.0,52684,6,8780.666666666666,0.8884228187919463,0.10939597315436242,Low
Toyota Noah x 2004,Toyota,Noah,Automatic,"CNG, Octane",1180000,2004,1500.0,87000,22,3954.5454545454545,0.8884228187919463,0.10671140939597315,Low
Ford vvti engine bosano 2013,Ford,Other Model,Automatic,"CNG, Octane",790000,2013,1500.0,75000,13,5769.2307692307695,0.0003355704697986577,0.005369127516778523,Low
Toyota Premio car 2004,Toyota,Premio,Automatic,"CNG, Octane",1350000,2004,1500.0,96000,22,4363.636363636364,0.8884228187919463,0.05285234899328859,Low
Toyota Premio Push state F EX 2015,Toyota,Premio,Automatic,Octane,2650000,2015,1500.0,65000,11,5909.090909090909,0.8884228187919463,0.05285234899328859,Medium
Toyota C-HR G LED 2017,Toyota,C-HR,Automatic,"Hybrid, Octane",2580000,2017,1800.0,73919,9,8213.222222222223,0.8884228187919463,0.027181208053691275,Medium
Toyota Harrier HY Z LEATHER 5 GRADE 2021,Toyota,Harrier,Automatic,"Petrol, Hybrid, Octane",7950000,2021,2500.0,36000,5,7200.0,0.8884228187919463,0.03976510067114094,Luxury
Toyota Noah Octane 2 Door Power 2020,Toyota,Noah,Automatic,"Petrol, Octane",3620000,2020,2000.0,66000,6,11000.0,0.8884228187919463,0.10671140939597315,High
"Toyota Premio FEX,5.12220 k.M 2020",Toyota,Premio,Automatic,Octane,4150000,2020,1500.0,12220,6,2036.6666666666667,0.8884228187919463,0.05285234899328859,High
"Toyota Avanza 2014 LPG, 7 Sit",Toyota,Avanza,Automatic,"Octane, LPG",1455000,2014,1331.0,62350,12,5195.833333333333,0.8884228187919463,0.0015100671140939597,Low
Toyota Axio HYBRID PUSH 2020,Toyota,Axio,Automatic,Hybrid,2300000,2020,1500.0,114500,6,19083.333333333332,0.8884228187919463,0.10939597315436242,Low
Nissan Juke push start 2012,Nissan,Juke,Automatic,Octane,1290000,2012,1500.0,59000,14,4214.285714285715,0.02365771812080537,0.0008389261744966443,Low
Honda Vezel octen drive 2014,Honda,Vezel,Automatic,Octane,1920000,2014,1500.0,68000,12,5666.666666666667,0.0424496644295302,0.006711409395973154,Low
Toyota Allion car 2004,Toyota,Allion,Automatic,"CNG, Octane",1230000,2004,1500.0,98000,22,4454.545454545455,0.8884228187919463,0.03120805369127517,Low
Toyota Noah X push state 2dor pa 2010,Toyota,Noah,Automatic,"CNG, Octane",1895000,2010,2000.0,98000,16,6125.0,0.8884228187919463,0.10671140939597315,Low
Toyota Esquire GI premium 2020,Toyota,Esquire,Automatic,Hybrid,3900000,2020,2000.0,77000,6,12833.333333333334,0.8884228187919463,0.05855704697986577,High
Toyota Noah X push state 2014,Toyota,Noah,Automatic,"CNG, Octane",2690000,2014,2000.0,85000,12,7083.333333333333,0.8884228187919463,0.10671140939597315,Medium
Toyota Raum pull press 2004,Toyota,Raum,Automatic,"CNG, Octane",950000,2004,1500.0,89000,22,4045.4545454545455,0.8884228187919463,0.0015100671140939597,Low
Toyota Fielder Non Hybrid EX 4 AP 2020,Toyota,Fielder,Automatic,"Petrol, Octane",2800000,2020,1500.0,85000,6,14166.666666666666,0.8884228187919463,0.057885906040268456,Medium
Honda Vezel Z Non Hybrid 2014,Honda,Vezel,Automatic,Octane,2130000,2014,1500.0,57456,12,4788.0,0.0424496644295302,0.006711409395973154,Low
Toyota C-HR G LED PACKAGE 2019,Toyota,C-HR,Automatic,Hybrid,3380000,2019,1800.0,31764,7,4537.714285714285,0.8884228187919463,0.027181208053691275,Medium
Toyota Esquire hybrid 2020,Toyota,Esquire,Automatic,"Petrol, Hybrid, Octane",3300000,2020,1800.0,52647,6,8774.5,0.8884228187919463,0.05855704697986577,Medium
Toyota Esquire hybrid 2020,Toyota,Esquire,Automatic,"Petrol, Hybrid, Octane",3250000,2020,1800.0,54762,6,9127.0,0.8884228187919463,0.05855704697986577,Medium
Toyota Probox gl 2017,Toyota,Probox,Automatic,Octane,1550000,2017,1500.0,52000,9,5777.777777777777,0.8884228187919463,0.00436241610738255,Low
Toyota Allion push state 2013,Toyota,Allion,Automatic,"CNG, Octane",2380000,2013,1500.0,85000,13,6538.461538461538,0.8884228187919463,0.03120805369127517,Medium
Toyota Probox dx 2004,Toyota,Probox,Automatic,"CNG, Octane",620000,2004,1300.0,95000,22,4318.181818181818,0.8884228187919463,0.00436241610738255,Low
Toyota Corolla G 2004,Toyota,Corolla,Automatic,"CNG, Octane",1070000,2004,1500.0,87000,22,3954.5454545454545,0.8884228187919463,0.04848993288590604,Low
Toyota Noah push start 2018,Toyota,Noah,Automatic,Octane,3250000,2018,2000.0,59000,8,7375.0,0.8884228187919463,0.10671140939597315,Medium
Toyota Harrier Non HY Z-Leather 4.5 2020,Toyota,Harrier,Automatic,"Petrol, Octane",7900000,2020,2000.0,27000,6,4500.0,0.8884228187919463,0.03976510067114094,Luxury
Toyota Raum S 2009,Toyota,Raum,Automatic,"CNG, Octane",1280000,2009,1500.0,89083,17,5240.176470588235,0.8884228187919463,0.0015100671140939597,Low
Toyota Fielder X 2004,Toyota,Fielder,Automatic,"CNG, Octane",1190000,2004,2000.0,98000,22,4454.545454545455,0.8884228187919463,0.057885906040268456,Low
Toyota Allion A15 2004,Toyota,Allion,Automatic,"CNG, Octane",1350000,2004,1500.0,83000,22,3772.7272727272725,0.8884228187919463,0.03120805369127517,Low
Toyota Premio push state F Ex 2017,Toyota,Premio,Automatic,Octane,3350000,2017,1500.0,58000,9,6444.444444444444,0.8884228187919463,0.05285234899328859,Medium
Toyota Probox dx 2004,Toyota,Probox,Automatic,"CNG, Octane",590000,2004,1300.0,85000,22,3863.6363636363635,0.8884228187919463,0.00436241610738255,Low
Toyota Voxy S-G Package Pearl 2022,Toyota,Voxy,Automatic,Hybrid,4770000,2022,1800.0,86000,4,21500.0,0.8884228187919463,0.027348993288590605,Luxury
Mitsubishi Outlander Roadest 2012,Mitsubishi,Outlander,Automatic,Octane,2390000,2012,2000.0,52000,14,3714.285714285714,0.012583892617449664,0.0008389261744966443,Medium
Toyota Fielder Hybrid EX 4.5 Grade 2020,Toyota,Fielder,Automatic,"Petrol, Hybrid, Octane",2550000,2020,1500.0,80000,6,13333.333333333334,0.8884228187919463,0.057885906040268456,Medium
Toyota Allion G Push Start 2015,Toyota,Allion,Automatic,Octane,2450000,2015,1500.0,73324,11,6665.818181818182,0.8884228187919463,0.03120805369127517,Medium
Toyota Corolla A100 1993,Toyota,Corolla,Automatic,"Octane, LPG",420000,1993,1500.0,85000,33,2575.757575757576,0.8884228187919463,0.04848993288590604,Low
Mahindra Bolero gray 2019,Mahindra,Bolero,Manual,Octane,990000,2019,1500.0,59000,7,8428.57142857143,0.0003355704697986577,0.00016778523489932885,Low
Toyota Premio Push state 2011,Toyota,Premio,Automatic,"CNG, Octane",2150000,2011,1500.0,85000,15,5666.666666666667,0.8884228187919463,0.05285234899328859,Low
Toyota Axio Black 2009,Toyota,Axio,Automatic,"CNG, Octane",1390000,2009,1500.0,75000,17,4411.764705882353,0.8884228187919463,0.10939597315436242,Low
Toyota Esquire hybrid 2020,Toyota,Esquire,Automatic,"Petrol, Hybrid, Octane",3650000,2020,1800.0,53264,6,8877.333333333334,0.8884228187919463,0.05855704697986577,High
Toyota Esquire hybrid 2020,Toyota,Esquire,Automatic,"Petrol, Hybrid, Octane",3250000,2020,1800.0,52647,6,8774.5,0.8884228187919463,0.05855704697986577,Medium
Toyota Harrier hybrid 2020,Toyota,Harrier,Automatic,"Petrol, Hybrid, Octane",6200000,2020,2500.0,52647,6,8774.5,0.8884228187919463,0.03976510067114094,Luxury
Toyota Allion push start 2012,Toyota,Allion,Automatic,"CNG, Octane",2150000,2012,1500.0,65000,14,4642.857142857143,0.8884228187919463,0.03120805369127517,Low
Toyota Passo wine 2008,Toyota,Passo,Automatic,Octane,750000,2008,1000.0,52000,18,2888.8888888888887,0.8884228187919463,0.0038590604026845637,Low
Mitsubishi Lancer Ex 2010,Mitsubishi,Lancer,Automatic,Octane,1290000,2010,1500.0,52000,16,3250.0,0.012583892617449664,0.002181208053691275,Low
Toyota Allion Push state 2007,Toyota,Allion,Automatic,"CNG, Octane",1595000,2007,1500.0,98000,19,5157.894736842105,0.8884228187919463,0.03120805369127517,Low
Toyota Premio push state F ex pack 2019,Toyota,Premio,Automatic,Octane,3995000,2019,1500.0,38000,7,5428.571428571428,0.8884228187919463,0.05285234899328859,High
Toyota Harrier Non Hybrid 4 Grade 2020,Toyota,Harrier,Automatic,"Petrol, Octane",6800000,2020,2000.0,67000,6,11166.666666666666,0.8884228187919463,0.03976510067114094,Luxury
Toyota Aqua S PUSH 4 GRADE 2020,Toyota,Aqua,Automatic,"Petrol, Hybrid, Octane",1960000,2020,1500.0,69000,6,11500.0,0.8884228187919463,0.015771812080536914,Low
Toyota Axio X LTD 2016,Toyota,Axio,Automatic,Octane,2150000,2016,1500.0,65727,10,6572.7,0.8884228187919463,0.10939597315436242,Low
Toyota Allion G plus 2016,Toyota,Allion,Automatic,Octane,2970000,2016,1500.0,42000,10,4200.0,0.8884228187919463,0.03120805369127517,Medium
Glory 2021,Other brand,Other model,Automatic,Octane,2390000,2021,1500.0,28000,5,5600.0,0.0005033557046979866,0.0005033557046979866,Medium
Toyota Premio push start 2012,Toyota,Premio,Automatic,"CNG, Octane",2320000,2012,1500.0,79000,14,5642.857142857143,0.8884228187919463,0.05285234899328859,Low
Nissan Sunny blue 2004,Nissan,Sunny,Automatic,"CNG, Octane",650000,2004,1500.0,85000,22,3863.6363636363635,0.02365771812080537,0.002181208053691275,Low
Toyota Hiace push state 2dor pawe 2011,Toyota,Hiace,Automatic,Diesel,1680000,2011,2386.0,98000,15,6533.333333333333,0.8884228187919463,0.09429530201342282,Low
Toyota Axio Hybrid Ex Push Start 2020,Toyota,Axio,Automatic,"Hybrid, Octane",2420000,2020,1500.0,36000,6,6000.0,0.8884228187919463,0.10939597315436242,Medium
Toyota Premio Fex 2015,Toyota,Premio,Automatic,Octane,2690000,2015,1500.0,52000,11,4727.272727272727,0.8884228187919463,0.05285234899328859,Medium
Toyota Noah X NON HYBRID UNIT 2021,Toyota,Noah,Automatic,Octane,3650000,2021,2000.0,95432,5,19086.4,0.8884228187919463,0.10671140939597315,High
Toyota Fielder Hybrid EX 2020,Toyota,Fielder,Automatic,"Petrol, Hybrid, Octane",2230000,2020,1500.0,53000,6,8833.333333333334,0.8884228187919463,0.057885906040268456,Low
Toyota Corolla 111 SE Saloon 1997,Toyota,Corolla,Automatic,Octane,650000,1997,1500.0,78693,29,2713.551724137931,0.8884228187919463,0.04848993288590604,Low
Nissan X-Trail sunroof 7 sit 2014,Nissan,X-Trail,Automatic,Octane,2590000,2014,2000.0,76518,12,6376.5,0.02365771812080537,0.015436241610738255,Medium
Toyota Noah X NON HYBRID UNIT 2021,Toyota,Noah,Automatic,Octane,3650000,2021,2000.0,107542,5,21508.4,0.8884228187919463,0.10671140939597315,High
Nissan X-Trail Sunroof sit pawer 2004,Nissan,X-Trail,Automatic,"Octane, LPG",780000,2004,2000.0,98000,22,4454.545454545455,0.02365771812080537,0.015436241610738255,Low
Toyota Corolla hybrid 2021,Toyota,Corolla,Automatic,"Petrol, Hybrid, Octane",2450000,2021,1800.0,56824,5,11364.8,0.8884228187919463,0.04848993288590604,Medium
Toyota Axio hybrid 2020,Toyota,Axio,Automatic,"Petrol, Hybrid, Octane",2450000,2020,1500.0,54726,6,9121.0,0.8884228187919463,0.10939597315436242,Medium
Honda Insight EX 2020,Honda,Insight,Automatic,"Petrol, Hybrid, Octane",3750000,2020,1500.0,52361,6,8726.833333333334,0.0424496644295302,0.015100671140939598,High
Toyota Axio Non Hybrid 2020,Toyota,Axio,Automatic,"Petrol, Octane",2450000,2020,1500.0,54782,6,9130.333333333334,0.8884228187919463,0.10939597315436242,Medium
Toyota Allion red 2005,Toyota,Allion,Automatic,"Octane, LPG",1390000,2005,1500.0,87000,21,4142.857142857143,0.8884228187919463,0.03120805369127517,Low
Toyota ist silver 2004,Toyota,ist,Automatic,Octane,940000,2004,1300.0,59000,22,2681.818181818182,0.8884228187919463,0.002181208053691275,Low
Toyota Crown Royal saloon 2014,Toyota,Crown,Automatic,"Hybrid, Octane",4350000,2014,2500.0,59000,12,4916.666666666667,0.8884228187919463,0.00587248322147651,High
Toyota Hiace 4 POINT DUAL AC 2020,Toyota,Hiace,Automatic,Octane,3450000,2020,2000.0,67000,6,11166.666666666666,0.8884228187919463,0.09429530201342282,High
Toyota Allion G 2015,Toyota,Allion,Automatic,Octane,2590000,2015,1500.0,52000,11,4727.272727272727,0.8884228187919463,0.03120805369127517,Medium
Toyota Noah sr40 1997,Toyota,Noah,Automatic,"CNG, Octane",570000,1997,2000.0,75000,29,2586.206896551724,0.8884228187919463,0.10671140939597315,Low
GLORY580 7sit 2022,Other brand,Other model,Automatic,Octane,2190000,2022,1500.0,45000,4,11250.0,0.0005033557046979866,0.0005033557046979866,Low
Toyota Fielder AXIO COROLLA 2014,Toyota,Fielder,Automatic,Octane,1830000,2014,1500.0,75800,12,6316.666666666667,0.8884228187919463,0.057885906040268456,Low
Toyota Yaris G HYB 28000 KM 2020,Toyota,Yaris,Automatic,Hybrid,2430000,2020,1500.0,28000,6,4666.666666666667,0.8884228187919463,0.003355704697986577,Medium
Toyota Axio hybrid 2020,Toyota,Axio,Automatic,"Petrol, Hybrid, Octane",2150000,2020,1500.0,54782,6,9130.333333333334,0.8884228187919463,0.10939597315436242,Low
Toyota Harrier Z HYBRID TOP TRIM 2022,Toyota,Harrier,Automatic,"Hybrid, Octane",8550000,2022,2500.0,16871,4,4217.75,0.8884228187919463,0.03976510067114094,Luxury
Toyota Noah X NON HYBRID UNIT 2020,Toyota,Noah,Automatic,Octane,3500000,2020,2000.0,95764,6,15960.666666666666,0.8884228187919463,0.10671140939597315,High
Toyota Wil vs 2002,Toyota,Other Model,Automatic,"CNG, Octane",895000,2002,1500.0,98000,24,4083.3333333333335,0.8884228187919463,0.005369127516778523,Low
Toyota Fielder hybrid 2015,Toyota,Fielder,Automatic,"Hybrid, Octane",1700000,2015,1500.0,72000,11,6545.454545454545,0.8884228187919463,0.057885906040268456,Low
Toyota Allion push state 2010,Toyota,Allion,Automatic,Octane,2050000,2010,1500.0,68000,16,4250.0,0.8884228187919463,0.03120805369127517,Low
Suzuki Swift octen drive 2005,Suzuki,Swift,Automatic,Octane,430000,2005,1331.0,88000,21,4190.476190476191,0.002348993288590604,0.0005033557046979866,Low
Toyota Allion G PACKAGE 2016,Toyota,Allion,Automatic,Petrol,2880000,2016,1500.0,78000,10,7800.0,0.8884228187919463,0.03120805369127517,Medium
Toyota Fielder X LTD Fresh 2012,Toyota,Fielder,Automatic,"CNG, Octane",1730000,2012,1500.0,68201,14,4871.5,0.8884228187919463,0.057885906040268456,Low
Toyota ist All Auto 2004,Toyota,ist,Automatic,"Octane, LPG",940000,2004,1300.0,2004,22,91.0909090909091,0.8884228187919463,0.002181208053691275,Low
Honda Insight hybrid 2020,Honda,Insight,Automatic,"Petrol, Hybrid, Octane",3750000,2020,1500.0,52647,6,8774.5,0.0424496644295302,0.015100671140939598,High
Toyota ist black 2004,Toyota,ist,Automatic,Octane,850000,2004,1300.0,87000,22,3954.5454545454545,0.8884228187919463,0.002181208053691275,Low
Toyota Noah push start 2013,Toyota,Noah,Automatic,"CNG, Octane",2220000,2013,2000.0,75000,13,5769.2307692307695,0.8884228187919463,0.10671140939597315,Low
Toyota Hiace GL LED DUAL AC 2020,Toyota,Hiace,Automatic,Octane,3500000,2020,2000.0,46587,6,7764.5,0.8884228187919463,0.09429530201342282,High
Toyota Vitz push state 2011,Toyota,Vitz,Automatic,Octane,1250000,2011,1331.0,68000,15,4533.333333333333,0.8884228187919463,0.0041946308724832215,Low
Toyota C-HR G-LED 2017,Toyota,C-HR,Automatic,Octane,2385000,2017,1800.0,68170,9,7574.444444444444,0.8884228187919463,0.027181208053691275,Medium
Toyota Axio HYBRID EX PUSH READY 2020,Toyota,Axio,Automatic,"Hybrid, Octane",22800000,2020,1500.0,64891,6,10815.166666666666,0.8884228187919463,0.10939597315436242,Luxury
Mitsubishi Outlandar 7 seats 2018,Mitsubishi,Outlandar,Automatic,Octane,3580000,2018,2000.0,54000,8,6750.0,0.012583892617449664,0.0016778523489932886,High
Toyota Corolla Cross HYBRID s 2021,Toyota,Corolla Cross,Automatic,"Petrol, Hybrid, Octane, Other fuel type",3800000,2021,1800.0,80000,5,16000.0,0.8884228187919463,0.07097315436241611,High
Toyota Aqua hybrid 2020,Toyota,Aqua,Automatic,"Petrol, Hybrid, Octane",1700000,2020,1500.0,54786,6,9131.0,0.8884228187919463,0.015771812080536914,Low
Honda Vezel HYBRID 2021,Honda,Vezel,Automatic,"Petrol, Hybrid, Octane, Other fuel type",3800000,2021,1500.0,70000,5,14000.0,0.0424496644295302,0.006711409395973154,High
Toyota Prius S touring Ready 2017,Toyota,Prius,Automatic,"Petrol, Hybrid, Octane, Other fuel type",2200000,2017,1800.0,90000,9,10000.0,0.8884228187919463,0.029865771812080538,Low
Toyota Corolla X ASESTA 2005,Toyota,Corolla,Automatic,"CNG, Octane",1020000,2005,1331.0,78000,21,3714.285714285714,0.8884228187919463,0.04848993288590604,Low
Toyota Aqua push state 2013,Toyota,Aqua,Automatic,"Hybrid, Octane",1190000,2013,1331.0,68000,13,5230.7692307692305,0.8884228187919463,0.015771812080536914,Low
Toyota Corolla x 2003,Toyota,Corolla,Automatic,"CNG, Octane",950000,2003,1500.0,85000,23,3695.6521739130435,0.8884228187919463,0.04848993288590604,Low
Toyota Corolla Fielder WXB HV 2014,Toyota,Corolla,Automatic,"Hybrid, Octane",1650000,2014,1500.0,73189,12,6099.083333333333,0.8884228187919463,0.04848993288590604,Low
Toyota Premio car 2004,Toyota,Premio,Automatic,"Octane, LPG",1350000,2004,1500.0,98000,22,4454.545454545455,0.8884228187919463,0.05285234899328859,Low
Toyota Harrier hybrid 2014,Toyota,Harrier,Automatic,"Hybrid, Octane",3990000,2014,2400.0,5900,12,491.6666666666667,0.8884228187919463,0.03976510067114094,High
Toyota Corolla G 2005,Toyota,Corolla,Automatic,"CNG, Octane",1290000,2005,1500.0,86000,21,4095.2380952380954,0.8884228187919463,0.04848993288590604,Low
Toyota Harrier Advance premium 2014,Toyota,Harrier,Automatic,Octane,4264000,2014,2000.0,71301,12,5941.75,0.8884228187919463,0.03976510067114094,High
Nissan Navara 2005,Nissan,Navara,Manual,Diesel,550000,2005,2200.0,133000,21,6333.333333333333,0.02365771812080537,0.0003355704697986577,Low
Toyota Corolla X asesta 2002,Toyota,Corolla,Automatic,"CNG, Octane",880000,2002,1331.0,86000,24,3583.3333333333335,0.8884228187919463,0.04848993288590604,Low
Toyota Noah Non Hybrid 2020,Toyota,Noah,Automatic,"Petrol, Hybrid, Octane",3350000,2020,2000.0,52684,6,8780.666666666666,0.8884228187919463,0.10671140939597315,Medium
Toyota Allion Pre Order 2021,Toyota,Allion,Automatic,"Petrol, Octane",3750000,2021,1500.0,57264,5,11452.8,0.8884228187919463,0.03120805369127517,High
Toyota Noah Non Hybrid 2020,Toyota,Noah,Automatic,"Petrol, Octane",3450000,2020,2000.0,53627,6,8937.833333333334,0.8884228187919463,0.10671140939597315,High
Hyundai Santa Fe 2015,Hyundai,Santa Fe,Automatic,Octane,2790000,2015,2400.0,70000,11,6363.636363636364,0.0028523489932885905,0.0003355704697986577,Medium
Toyota Axio G addition 2014,Toyota,Axio,Automatic,"Octane, LPG",1850000,2014,1500.0,46000,12,3833.3333333333335,0.8884228187919463,0.10939597315436242,Low
Toyota RAV4 black 2004,Toyota,RAV4,Automatic,Octane,1190000,2004,2000.0,86000,22,3909.090909090909,0.8884228187919463,0.009731543624161074,Low
Toyota Corolla Cross Sunrof Mnrof modelis 2021,Toyota,Corolla Cross,Automatic,"Hybrid, Octane",4480000,2021,1800.0,40000,5,8000.0,0.8884228187919463,0.07097315436241611,Luxury
Toyota Allion push state 2010,Toyota,Allion,Automatic,"CNG, Octane",1790000,2010,1500.0,85000,16,5312.5,0.8884228187919463,0.03120805369127517,Low
Toyota Corolla G Addition 2004,Toyota,Corolla,Automatic,"CNG, Octane",1255000,2004,1500.0,91000,22,4136.363636363636,0.8884228187919463,0.04848993288590604,Low
Toyota Passo G Addition Octane 2011,Toyota,Passo,Automatic,Octane,1215000,2011,1320.0,63000,15,4200.0,0.8884228187919463,0.0038590604026845637,Low
Tata pickup 2020,Tata,Other Model,Manual,Diesel,290000,2020,808.0,14521,6,2420.1666666666665,0.0003355704697986577,0.005369127516778523,Low
Toyota Premio G superior 2008,Toyota,Premio,Automatic,"CNG, Octane",1899999,2008,1500.0,90000,18,5000.0,0.8884228187919463,0.05285234899328859,Low
Toyota Voxy ZS Hybrid Pearl 2020,Toyota,Voxy,Automatic,"Petrol, Hybrid, Octane",3350000,2020,1800.0,100000,6,16666.666666666668,0.8884228187919463,0.027348993288590605,Medium
Toyota Voxy Hybrid V 2020,Toyota,Voxy,Automatic,"Petrol, Hybrid, Octane",3000000,2020,1800.0,62543,6,10423.833333333334,0.8884228187919463,0.027348993288590605,Medium
Nissan Teana silver 2014,Nissan,Teana,Automatic,Octane,1990000,2014,2000.0,42000,12,3500.0,0.02365771812080537,0.0003355704697986577,Low
Toyota Allion white 2004,Toyota,Allion,Automatic,"CNG, Octane",1290000,2004,1500.0,86000,22,3909.090909090909,0.8884228187919463,0.03120805369127517,Low
Toyota Noah X key state 2011,Toyota,Noah,Automatic,"CNG, Octane",1750000,2011,2000.0,98000,15,6533.333333333333,0.8884228187919463,0.10671140939597315,Low
Toyota Corolla 100 Wagon 1999,Toyota,Corolla,Automatic,"CNG, Octane",350000,1999,1331.0,500000,27,18518.51851851852,0.8884228187919463,0.04848993288590604,Low
Toyota Axio EX HYBRID 2020,Toyota,Axio,Automatic,Hybrid,2390000,2020,1500.0,78000,6,13000.0,0.8884228187919463,0.10939597315436242,Medium
Nissan Navara 2001,Nissan,Navara,Manual,Diesel,450000,2002,2200.0,123000,24,5125.0,0.02365771812080537,0.0003355704697986577,Low
Toyota Yaris Cross HYBRID 2021,Toyota,Yaris Cross,Automatic,"Petrol, Hybrid, Octane, Other fuel type",2800000,2021,1800.0,78000,5,15600.0,0.8884228187919463,0.02097315436241611,Medium
Toyota Corolla G 2001,Toyota,Corolla,Automatic,"CNG, Octane",895000,2001,1500.0,75000,25,3000.0,0.8884228187919463,0.04848993288590604,Low
Toyota Hiace Super GL Dark Prime2 2020,Toyota,Hiace,Automatic,Petrol,4550000,2020,2000.0,69700,6,11616.666666666666,0.8884228187919463,0.09429530201342282,Luxury
Toyota Hiace GL 2020,Toyota,Hiace,Automatic,Octane,3280000,2020,2020.0,79632,6,13272.0,0.8884228187919463,0.09429530201342282,Medium
Toyota Hiace DUAL-AC ORG. 2020,Toyota,Hiace,Automatic,"Petrol, Octane",3600000,2020,2000.0,65000,6,10833.333333333334,0.8884228187919463,0.09429530201342282,High
Toyota Fielder EX NON HYBRID 2020,Toyota,Fielder,Automatic,Octane,2690000,2020,1500.0,74236,6,12372.666666666666,0.8884228187919463,0.057885906040268456,Medium
Toyota Fielder Black 2011,Toyota,Fielder,Automatic,LPG,1550000,2011,1500.0,85000,15,5666.666666666667,0.8884228187919463,0.057885906040268456,Low
Toyota Fielder hybrid 2018,Toyota,Fielder,Automatic,Octane,1870000,2018,1500.0,48000,8,6000.0,0.8884228187919463,0.057885906040268456,Low
Toyota Premio F EX PKG 2021,Toyota,Premio,Automatic,Octane,3990000,2021,1500.0,41000,5,8200.0,0.8884228187919463,0.05285234899328859,High
Toyota Axio EX HYBRID DHAKAREADY 2020,Toyota,Axio,Automatic,"Hybrid, Octane",2250000,2020,1500.0,76123,6,12687.166666666666,0.8884228187919463,0.10939597315436242,Low
Toyota Corolla golden 2004,Toyota,Corolla,Automatic,"CNG, Octane",950000,2004,1500.0,87000,22,3954.5454545454545,0.8884228187919463,0.04848993288590604,Low
Honda Insight Grey Purple 2022,Honda,Insight,Automatic,Hybrid,4350000,2022,1500.0,10000,4,2500.0,0.0424496644295302,0.015100671140939598,High
Nissan Bluebird . 2004,Nissan,Bluebird,Automatic,Petrol,770000,2004,1500.0,75000,22,3409.090909090909,0.02365771812080537,0.002181208053691275,Low
Toyota Harrier Non Hybrid Pearl 2020,Toyota,Harrier,Automatic,"Petrol, Octane",7800000,2020,2000.0,100000,6,16666.666666666668,0.8884228187919463,0.03976510067114094,Luxury
Toyota Fielder NON Hybrid EX 2020,Toyota,Fielder,Automatic,"Petrol, Octane",2450000,2020,1500.0,63497,6,10582.833333333334,0.8884228187919463,0.057885906040268456,Medium
Honda Vezel non hybrid 2014,Honda,Vezel,Automatic,Octane,1850000,2014,1500.0,59000,12,4916.666666666667,0.0424496644295302,0.006711409395973154,Low
Toyota Corolla G 2004,Toyota,Corolla,Automatic,"CNG, Octane",1095000,2004,1500.0,89000,22,4045.4545454545455,0.8884228187919463,0.04848993288590604,Low
Hyundai Ancient Hybrid 2019,Hyundai,Ancient,Automatic,"Hybrid, Octane",3050000,2019,1500.0,68000,7,9714.285714285714,0.0028523489932885905,0.00016778523489932885,Medium
Toyota Fielder cng 2013,Toyota,Fielder,Automatic,"CNG, Octane",1750000,2013,1500.0,89000,13,6846.153846153846,0.8884228187919463,0.057885906040268456,Low
Toyota Rush push start 2011,Toyota,Rush,Manual,Octane,1450000,2011,1500.0,87452,15,5830.133333333333,0.8884228187919463,0.0025167785234899327,Low
Nissan X-Trail Octen drive 2014,Nissan,X-Trail,Automatic,Octane,2650000,2014,2000.0,65000,12,5416.666666666667,0.02365771812080537,0.015436241610738255,Medium
Toyota Axio G 2019,Toyota,Axio,Automatic,"Hybrid, Octane",2294000,2019,1500.0,31001,7,4428.714285714285,0.8884228187919463,0.10939597315436242,Low
Toyota Noah S-Z.PREMIUM 2023,Toyota,Noah,Automatic,Octane,6300000,2023,2000.0,15000,3,5000.0,0.8884228187919463,0.10671140939597315,Luxury
Toyota Axio EX -HYBRID 2020,Toyota,Axio,Automatic,"Hybrid, Octane",2340000,2020,1500.0,68796,6,11466.0,0.8884228187919463,0.10939597315436242,Low
Toyota Premio Fex pkz 2016,Toyota,Premio,Automatic,Octane,3150000,2016,1500.0,42000,10,4200.0,0.8884228187919463,0.05285234899328859,Medium
Toyota Hiace GL DUAL AC TRH 2021,Toyota,Hiace,Automatic,"Petrol, Octane",3650000,2021,2000.0,34000,5,6800.0,0.8884228187919463,0.09429530201342282,High
Toyota Axio X SAFTY SENSE SILVER 2014,Toyota,Axio,Automatic,"Hybrid, Octane",1480000,2014,1500.0,52000,12,4333.333333333333,0.8884228187919463,0.10939597315436242,Low
Toyota Corolla Cross hybrid 2021,Toyota,Corolla Cross,Automatic,"Petrol, Hybrid, Octane",3850000,2021,1800.0,42361,5,8472.2,0.8884228187919463,0.07097315436241611,High
Toyota Esquire hybrid 2020,Toyota,Esquire,Automatic,"Petrol, Hybrid, Octane",3350000,2020,1800.0,52684,6,8780.666666666666,0.8884228187919463,0.05855704697986577,Medium
Toyota Esquire Non Hybrid 2020,Toyota,Esquire,Automatic,"Petrol, Octane",3850000,2020,2000.0,54761,6,9126.833333333334,0.8884228187919463,0.05855704697986577,High
Toyota Noah si 2013,Toyota,Noah,Automatic,"CNG, Octane",2220000,2013,2000.0,79000,13,6076.923076923077,0.8884228187919463,0.10671140939597315,Low
Toyota Premio push start 2010,Toyota,Premio,Automatic,"CNG, Octane",2140000,2010,1500.0,59000,16,3687.5,0.8884228187919463,0.05285234899328859,Low
Toyota Esquire hybrid 2020,Toyota,Esquire,Automatic,"Petrol, Hybrid, Octane",3300000,2020,1800.0,43261,6,7210.166666666667,0.8884228187919463,0.05855704697986577,Medium
Toyota Premio F EX PKG 2017,Toyota,Premio,Automatic,Octane,3190000,2017,1500.0,65000,9,7222.222222222223,0.8884228187919463,0.05285234899328859,Medium
Toyota Prado TXL Package 2023,Toyota,Prado,Automatic,Octane,16990000,2023,2700.0,19600,3,6533.333333333333,0.8884228187919463,0.013926174496644295,Luxury
Mitsubishi X-Pander gray 2020,Mitsubishi,X-Pander,Automatic,Octane,2850000,2020,1500.0,56000,6,9333.333333333334,0.012583892617449664,0.0015100671140939597,Medium
Toyota Corolla G 2004,Toyota,Corolla,Automatic,"CNG, Octane",1050000,2004,1500.0,96000,22,4363.636363636364,0.8884228187919463,0.04848993288590604,Low
Toyota Prado tx 2003,Toyota,Prado,Automatic,Octane,2550000,2003,2700.0,68000,23,2956.521739130435,0.8884228187919463,0.013926174496644295,Medium
Toyota Noah X Special Hybrd 2020,Toyota,Noah,Automatic,"Petrol, Hybrid, Octane",3650000,2020,1800.0,95300,6,15883.333333333334,0.8884228187919463,0.10671140939597315,High
Toyota Axio key start 2015,Toyota,Axio,Automatic,"Octane, LPG",1690000,2015,1500.0,59000,11,5363.636363636364,0.8884228187919463,0.10939597315436242,Low
Toyota Allion push start 2009,Toyota,Allion,Automatic,Octane,1780000,2009,1500.0,87000,17,5117.64705882353,0.8884228187919463,0.03120805369127517,Low
Toyota Hiace GL DUAL AC READY 2020,Toyota,Hiace,Automatic,Octane,3250000,2020,2000.0,40896,6,6816.0,0.8884228187919463,0.09429530201342282,Medium
Toyota Esquire Hybrid XI 2 Door PW 2020,Toyota,Esquire,Automatic,"Petrol, Hybrid, Octane",3430000,2020,1800.0,70000,6,11666.666666666666,0.8884228187919463,0.05855704697986577,High
Toyota Vitz Family use 2010,Toyota,Vitz,Automatic,Octane,1150000,2010,1300.0,56000,16,3500.0,0.8884228187919463,0.0041946308724832215,Low
Toyota Axio car key state 2017,Toyota,Axio,Automatic,"Octane, LPG",2050000,2017,1500.0,68000,9,7555.555555555556,0.8884228187919463,0.10939597315436242,Low
Toyota Noah G Pearl 486000 km 2020,Toyota,Noah,Automatic,Hybrid,3670000,2020,1800.0,86000,6,14333.333333333334,0.8884228187919463,0.10671140939597315,High
Toyota C-HR GR SPORTS TWO TON 2020,Toyota,C-HR,Automatic,"Petrol, Hybrid, Octane",3700000,2020,1800.0,44000,6,7333.333333333333,0.8884228187919463,0.027181208053691275,High
Toyota Prius s turing 2016,Toyota,Prius,Automatic,"Hybrid, Octane",2150000,2016,1800.0,56000,10,5600.0,0.8884228187919463,0.029865771812080538,Low
Toyota Corolla Hybrid GX 2020,Toyota,Corolla,Automatic,"Petrol, Hybrid, Octane",2350000,2020,1800.0,58976,6,9829.333333333334,0.8884228187919463,0.04848993288590604,Medium
Toyota Esquire hybrid 2020,Toyota,Esquire,Automatic,"Petrol, Hybrid, Octane",3450000,2020,1800.0,53264,6,8877.333333333334,0.8884228187919463,0.05855704697986577,High
Toyota Fielder hybrid 2020,Toyota,Fielder,Automatic,"Petrol, CNG, Octane",2150000,2020,1500.0,54762,6,9127.0,0.8884228187919463,0.057885906040268456,Low
Toyota Fielder Non Hybrid 2020,Toyota,Fielder,Automatic,"Petrol, Octane",2500000,2020,1500.0,54718,6,9119.666666666666,0.8884228187919463,0.057885906040268456,Medium
Toyota Fielder 2020,Toyota,Fielder,Automatic,"Petrol, Octane",2450000,2020,1500.0,54713,6,9118.833333333334,0.8884228187919463,0.057885906040268456,Medium
Toyota Prado TXL Package 2023,Toyota,Prado,Automatic,Octane,17500000,2023,2700.0,21000,3,7000.0,0.8884228187919463,0.013926174496644295,Luxury
Toyota Axio hybrid 2015,Toyota,Axio,Automatic,"Hybrid, Octane",1595000,2015,1500.0,65000,11,5909.090909090909,0.8884228187919463,0.10939597315436242,Low
Toyota Hiace Super Gl 2014,Toyota,Hiace,Automatic,"CNG, Octane",2890000,2014,2000.0,75000,12,6250.0,0.8884228187919463,0.09429530201342282,Medium
Toyota Noah G PUSH 2 DOOR POWER 2020,Toyota,Noah,Automatic,"Hybrid, Octane",3450000,2020,1800.0,70142,6,11690.333333333334,0.8884228187919463,0.10671140939597315,High
Toyota Fielder EX -NON HYBRID 2020,Toyota,Fielder,Automatic,Octane,2680000,2020,1500.0,84203,6,14033.833333333334,0.8884228187919463,0.057885906040268456,Medium
Toyota Prius S Safety 4 Grade 2020,Toyota,Prius,Automatic,"Petrol, Hybrid, Octane",3070000,2020,1800.0,63500,6,10583.333333333334,0.8884228187919463,0.029865771812080538,Medium
Toyota Corolla X 2003,Toyota,Corolla,Automatic,"CNG, Octane",980000,2003,1500.0,78000,23,3391.304347826087,0.8884228187919463,0.04848993288590604,Low
Toyota Probox 1 door power 2004,Toyota,Probox,Automatic,"CNG, Octane",680000,2004,1331.0,89000,22,4045.4545454545455,0.8884228187919463,0.00436241610738255,Low
Toyota Fielder x 2020,Toyota,Fielder,Automatic,"Hybrid, Octane",2445000,2020,1500.0,113000,6,18833.333333333332,0.8884228187919463,0.057885906040268456,Medium
Toyota Axio G PUSH START 2020,Toyota,Axio,Automatic,Octane,3045000,2020,1500.0,63000,6,10500.0,0.8884228187919463,0.10939597315436242,Medium
Toyota Noah X Pkg Push Hy 1DP 2020,Toyota,Noah,Automatic,"Petrol, Hybrid, Octane",3150000,2020,1800.0,92002,6,15333.666666666666,0.8884228187919463,0.10671140939597315,Medium
Toyota Hiace GL Led Headlight 2020,Toyota,Hiace,Automatic,Octane,3350000,2020,2000.0,90000,6,15000.0,0.8884228187919463,0.09429530201342282,Medium
Toyota Esquire GI HYBRID DHAKAREADY 2020,Toyota,Esquire,Automatic,"Hybrid, Octane",3540000,2020,1800.0,68452,6,11408.666666666666,0.8884228187919463,0.05855704697986577,High
Toyota Prius S-Touring Seclection 2020,Toyota,Prius,Automatic,"Petrol, Hybrid, Octane",3390000,2020,1800.0,48147,6,8024.5,0.8884228187919463,0.029865771812080538,High
Toyota TownAce Noah 2009,Toyota,TownAce,Automatic,"CNG, Octane",680000,2009,1500.0,500000,17,29411.764705882353,0.8884228187919463,0.00016778523489932885,Low
Toyota Harrier Z Non Hybrid 2020,Toyota,Harrier,Automatic,Octane,7850000,2020,2000.0,46000,6,7666.666666666667,0.8884228187919463,0.03976510067114094,Luxury
Toyota Noah x 2006,Toyota,Noah,Automatic,"CNG, Octane",1230000,2006,2000.0,95000,20,4750.0,0.8884228187919463,0.10671140939597315,Low
Toyota Corolla A100 1994,Toyota,Corolla,Automatic,"CNG, Octane",320000,1994,1500.0,99000,32,3093.75,0.8884228187919463,0.04848993288590604,Low
Toyota Axio X Edition 2012,Toyota,Axio,Automatic,"CNG, Octane",1545000,2012,1500.0,85000,14,6071.428571428572,0.8884228187919463,0.10939597315436242,Low
Toyota Axio 1st hand 2016,Toyota,Axio,Automatic,"Hybrid, Octane",1550000,2016,1500.0,60000,10,6000.0,0.8884228187919463,0.10939597315436242,Low
Toyota Harrier advance premium 2015,Toyota,Harrier,Automatic,Octane,4600000,2015,2000.0,42000,11,3818.181818181818,0.8884228187919463,0.03976510067114094,Luxury
Toyota Fielder Non Hybrid 2020,Toyota,Fielder,Automatic,Octane,2590000,2020,1500.0,86400,6,14400.0,0.8884228187919463,0.057885906040268456,Medium
Toyota Hiace Super GL 2020,Toyota,Hiace,Automatic,"Petrol, Octane",4160000,2020,2000.0,105000,6,17500.0,0.8884228187919463,0.09429530201342282,High
Toyota Hiace DX 2020,Toyota,Hiace,Automatic,"Petrol, Octane",3050000,2020,2000.0,102000,6,17000.0,0.8884228187919463,0.09429530201342282,Medium
Toyota Esquire GI PREMIUM PUSH 2020,Toyota,Esquire,Automatic,Hybrid,3750000,2020,1800.0,95432,6,15905.333333333334,0.8884228187919463,0.05855704697986577,High
Toyota Hiace Super Gl Dark Prime 2022,Toyota,Hiace,Automatic,Octane,4660000,2022,2000.0,29000,4,7250.0,0.8884228187919463,0.09429530201342282,Luxury
Toyota Prado tx 2004,Toyota,Prado,Automatic,Octane,2950000,2004,2700.0,56000,22,2545.4545454545455,0.8884228187919463,0.013926174496644295,Medium
Toyota Noah X 2019,Toyota,Noah,Automatic,Hybrid,3150000,2019,1800.0,47315,7,6759.285714285715,0.8884228187919463,0.10671140939597315,Medium
Toyota Noah X KEY START 2020,Toyota,Noah,Automatic,Octane,3600000,2020,2000.0,96873,6,16145.5,0.8884228187919463,0.10671140939597315,High
Toyota Esquire GI PREMIUM PUSH 2020,Toyota,Esquire,Automatic,Hybrid,3900000,2020,1800.0,770329,6,128388.16666666667,0.8884228187919463,0.05855704697986577,High
Toyota Allion NON HYBRID A15 2020,Toyota,Allion,Automatic,"Petrol, Hybrid, Octane",3600000,2020,1500.0,64258,6,10709.666666666666,0.8884228187919463,0.03120805369127517,High
Toyota Fielder hybrid 2020,Toyota,Fielder,Automatic,"Petrol, Hybrid, Octane",2150000,2020,1500.0,54726,6,9121.0,0.8884228187919463,0.057885906040268456,Low
Toyota Hiace Dx Single Ac 2020,Toyota,Hiace,Automatic,Octane,3040000,2020,2000.0,77000,6,12833.333333333334,0.8884228187919463,0.09429530201342282,Medium
Toyota Hiace Dx Single Ac 2020,Toyota,Hiace,Automatic,Octane,3050000,2020,2000.0,72000,6,12000.0,0.8884228187919463,0.09429530201342282,Medium
Toyota Allion silver 2004,Toyota,Allion,Automatic,"CNG, Octane",1320000,2004,1500.0,87000,22,3954.5454545454545,0.8884228187919463,0.03120805369127517,Low
Toyota Corolla X 2003,Toyota,Corolla,Automatic,"CNG, Octane",950000,2003,1500.0,89000,23,3869.5652173913045,0.8884228187919463,0.04848993288590604,Low
Nissan Sunny blue 2004,Nissan,Sunny,Automatic,"CNG, Octane",670000,2004,1500.0,87000,22,3954.5454545454545,0.02365771812080537,0.002181208053691275,Low
Suzuki Alto 2008,Suzuki,Alto,Automatic,Octane,555000,2017,660.0,48580,9,5397.777777777777,0.002348993288590604,0.00016778523489932885,Low
Toyota RAV4 G-Z NON HYBRID 2020,Toyota,RAV4,Automatic,"Petrol, Octane",7100000,2020,2000.0,48000,6,8000.0,0.8884228187919463,0.009731543624161074,Luxury
"Toyota Sienta G-Kero,Full Bodykit 2020",Toyota,Sienta,Automatic,"Hybrid, Octane",3020000,2020,1500.0,30000,6,5000.0,0.8884228187919463,0.009228187919463088,Medium
Toyota Axio Hybrid EX Push 2020,Toyota,Axio,Automatic,"Petrol, Hybrid, Octane",2430000,2020,1500.0,87000,6,14500.0,0.8884228187919463,0.10939597315436242,Medium
Nissan X-Trail Hybrid 2015,Nissan,X-Trail,Automatic,"Hybrid, Octane",2045000,2015,2000.0,67000,11,6090.909090909091,0.02365771812080537,0.015436241610738255,Low
Mitsubishi Lancer Ex Fresh Unit 2010,Mitsubishi,Lancer,Automatic,Octane,1480000,2010,1500.0,66000,16,4125.0,0.012583892617449664,0.002181208053691275,Low
Toyota Noah WXB HYBRID 2020,Toyota,Noah,Automatic,Hybrid,3420000,2020,1800.0,114000,6,19000.0,0.8884228187919463,0.10671140939597315,High
Toyota Axio EX 2020,Toyota,Axio,Automatic,"Hybrid, Octane",2300000,2020,1500.0,47569,6,7928.166666666667,0.8884228187919463,0.10939597315436242,Low
Toyota Noah Si 2010,Toyota,Noah,Automatic,Octane,2130000,2010,2000.0,76300,16,4768.75,0.8884228187919463,0.10671140939597315,Low
Toyota Axio EX PUSH HV READY 2020,Toyota,Axio,Automatic,"Hybrid, Octane",2300000,2020,1500.0,72131,6,12021.833333333334,0.8884228187919463,0.10939597315436242,Low
Toyota Noah Hybrid G 2 Door PW 2020,Toyota,Noah,Automatic,"Petrol, Hybrid, Octane",3200000,2020,1800.0,80000,6,13333.333333333334,0.8884228187919463,0.10671140939597315,Medium
Toyota Hiace SUPER GL DUAL AC TRH 2020,Toyota,Hiace,Automatic,"Petrol, Octane",4130000,2020,2000.0,64000,6,10666.666666666666,0.8884228187919463,0.09429530201342282,High
Toyota Axio Non Hybrid White 2020,Toyota,Axio,Automatic,"Petrol, Octane",2650000,2020,1500.0,91000,6,15166.666666666666,0.8884228187919463,0.10939597315436242,Medium
Nissan X-Trail SUNROOF NON HYBRID 2020,Nissan,X-Trail,Automatic,"Petrol, Octane",5300000,2020,2000.0,65000,6,10833.333333333334,0.02365771812080537,0.015436241610738255,Luxury
Toyota Corolla Hybrid GX Model- 2020,Toyota,Corolla,Automatic,"Petrol, Hybrid, Octane",2650000,2020,1800.0,69300,6,11550.0,0.8884228187919463,0.04848993288590604,Medium
Toyota Corolla Cross Z Leather Body Kit 2023,Toyota,Corolla Cross,Automatic,"Petrol, Hybrid, Octane",5150000,2023,1800.0,57120,3,19040.0,0.8884228187919463,0.07097315436241611,Luxury
"Toyota Corolla Cross Z LEATHER, 4.5 POINT 2023",Toyota,Corolla Cross,Automatic,Hybrid,5050000,2023,1800.0,32142,3,10714.0,0.8884228187919463,0.07097315436241611,Luxury
Toyota Fielder EX-NON HYBRID G-3.5 2021,Toyota,Fielder,Automatic,Octane,2750000,2021,1500.0,231000,5,46200.0,0.8884228187919463,0.057885906040268456,Medium
Toyota Premio FL-PKG PEARL COLOR 2020,Toyota,Premio,Automatic,Octane,4400000,2020,1500.0,31000,6,5166.666666666667,0.8884228187919463,0.05285234899328859,High
Toyota C-HR G PKG 2020,Toyota,C-HR,Automatic,"Hybrid, Octane",3700000,2020,1790.0,38788,6,6464.666666666667,0.8884228187919463,0.027181208053691275,High
Toyota Corolla Cross Z 2025,Toyota,Corolla Cross,Automatic,"Hybrid, Octane",6700000,2025,1790.0,5,1,5.0,0.8884228187919463,0.07097315436241611,Luxury
Toyota Corolla Cross Z 2022,Toyota,Corolla Cross,Automatic,"Hybrid, Octane",4725000,2022,1790.0,29700,4,7425.0,0.8884228187919463,0.07097315436241611,Luxury
Toyota Hiace DX PKG BLUE 2020,Toyota,Hiace,Automatic,Octane,3170000,2020,2000.0,198000,6,33000.0,0.8884228187919463,0.09429530201342282,Medium
Toyota RAV4 G PKG OCT SUNROOF 2020,Toyota,RAV4,Automatic,Octane,6999998,2020,2000.0,56000,6,9333.333333333334,0.8884228187919463,0.009731543624161074,Luxury
Toyota Harrier Z Leather Bodykit 2020,Toyota,Harrier,Automatic,"Petrol, Octane",7800000,2020,2000.0,71200,6,11866.666666666666,0.8884228187919463,0.03976510067114094,Luxury
Toyota Fielder hybrid 2020,Toyota,Fielder,Automatic,"Petrol, Hybrid, Octane",2150000,2020,1500.0,52647,6,8774.5,0.8884228187919463,0.057885906040268456,Low
Toyota Noah hybrid 2022,Toyota,Noah,Automatic,"Petrol, Hybrid, Octane",4400000,2022,1800.0,21476,4,5369.0,0.8884228187919463,0.10671140939597315,High
Toyota Noah hybrid 2022,Toyota,Noah,Automatic,"Petrol, Hybrid, Octane",4400000,2022,1800.0,26247,4,6561.75,0.8884228187919463,0.10671140939597315,High
Toyota Noah hybrid 2022,Toyota,Noah,Automatic,"Petrol, Hybrid, Octane",3750000,2022,1800.0,32614,4,8153.5,0.8884228187919463,0.10671140939597315,High
Toyota Fielder hybrid 2020,Toyota,Fielder,Automatic,"Petrol, Hybrid, Octane",2150000,2020,1500.0,53624,6,8937.333333333334,0.8884228187919463,0.057885906040268456,Low
Toyota Corolla Cross Z Red Wine 2024,Toyota,Corolla Cross,Automatic,"Hybrid, Octane",5170000,2024,1800.0,44000,2,22000.0,0.8884228187919463,0.07097315436241611,Luxury
Toyota Hiace Super Gl 2015,Toyota,Hiace,Automatic,"CNG, Octane",3350000,2015,2000.0,79000,11,7181.818181818182,0.8884228187919463,0.09429530201342282,Medium
Toyota Raum 2004,Toyota,Raum,Automatic,Octane,1075000,2009,1500.0,85000,17,5000.0,0.8884228187919463,0.0015100671140939597,Low
Toyota Yaris Cross Z Pearl 2 Tone 2021,Toyota,Yaris Cross,Automatic,"Hybrid, Octane",3350000,2021,1500.0,39000,5,7800.0,0.8884228187919463,0.02097315436241611,Medium
Toyota Corolla WXB sedan 2021,Toyota,Corolla,Automatic,Octane,3100000,2021,1800.0,39754,5,7950.8,0.8884228187919463,0.04848993288590604,Medium
Hyundai Sonata SUNROOF MOONROOF 2010,Hyundai,Sonata,Automatic,Octane,1545000,2010,2000.0,69000,16,4312.5,0.0028523489932885905,0.0010067114093959733,Low
Toyota C-HR G LED 4.5 Grade 2020,Toyota,C-HR,Automatic,Hybrid,3520000,2020,1800.0,47000,6,7833.333333333333,0.8884228187919463,0.027181208053691275,High
Toyota Crown G 2020,Toyota,Crown,Automatic,"Hybrid, Octane",8700000,2020,2490.0,61941,6,10323.5,0.8884228187919463,0.00587248322147651,Luxury
Toyota Axio Hybrid EX 2020,Toyota,Axio,Automatic,"Petrol, Hybrid, Octane",2150000,2020,1500.0,65426,6,10904.333333333334,0.8884228187919463,0.10939597315436242,Low
Toyota Noah hybrid 2020,Toyota,Noah,Automatic,"Petrol, Hybrid, Octane",2900000,2020,1800.0,56847,6,9474.5,0.8884228187919463,0.10671140939597315,Medium
Toyota Corolla Cross Z Massive Grey 2024,Toyota,Corolla Cross,Automatic,Hybrid,5380000,2024,1800.0,9000,2,4500.0,0.8884228187919463,0.07097315436241611,Luxury
Toyota Hiace DX Black Dual AC 2020,Toyota,Hiace,Automatic,Petrol,3650000,2020,2000.0,99000,6,16500.0,0.8884228187919463,0.09429530201342282,High
Toyota Esquire GI hybrid 2019,Toyota,Esquire,Automatic,"Hybrid, Octane",3185000,2019,1800.0,62000,7,8857.142857142857,0.8884228187919463,0.05855704697986577,Medium
Toyota Fielder x 2003,Toyota,Fielder,Automatic,"CNG, Octane",999999,2003,1500.0,80000,23,3478.2608695652175,0.8884228187919463,0.057885906040268456,Low
Toyota Axio Ex Non Hybrid 2020,Toyota,Axio,Automatic,Octane,2850000,2020,1500.0,73000,6,12166.666666666666,0.8884228187919463,0.10939597315436242,Medium
Toyota Axio X Limited 2008,Toyota,Axio,Automatic,"Octane, LPG",1415000,2008,1500.0,86000,18,4777.777777777777,0.8884228187919463,0.10939597315436242,Low
Toyota Prius S TOURING SELECTION 2020,Toyota,Prius,Automatic,"Hybrid, Octane",3020000,2020,1800.0,71523,6,11920.5,0.8884228187919463,0.029865771812080538,Medium
Toyota Premio F STANDARD PACKAGE 2020,Toyota,Premio,Automatic,Octane,3720000,2020,1500.0,41236,6,6872.666666666667,0.8884228187919463,0.05285234899328859,High
Toyota Fielder EX PUSH DHAKA REDAY 2020,Toyota,Fielder,Automatic,"Hybrid, Octane",2420000,2020,1500.0,53260,6,8876.666666666666,0.8884228187919463,0.057885906040268456,Medium
Toyota Premio F STANDARD 2020,Toyota,Premio,Automatic,Octane,3690000,2020,1500.0,67852,6,11308.666666666666,0.8884228187919463,0.05285234899328859,High
Toyota Hiace Super GL Key Start 2020,Toyota,Hiace,Automatic,"Petrol, Octane",4170000,2020,2000.0,83000,6,13833.333333333334,0.8884228187919463,0.09429530201342282,High
Toyota Hiace Super GLPush-Start 2020,Toyota,Hiace,Automatic,"Petrol, Octane",4200000,2020,2000.0,75000,6,12500.0,0.8884228187919463,0.09429530201342282,High
Toyota Voxy Hybrid S-Z 2022,Toyota,Voxy,Automatic,"Petrol, Hybrid, Octane",4900000,2022,1800.0,21000,4,5250.0,0.8884228187919463,0.027348993288590605,Luxury
Nissan X-Trail Ge-40RCE 5 Grade 2023,Nissan,X-Trail,Automatic,"Petrol, Hybrid, Octane",7500000,2023,1500.0,71000,3,23666.666666666668,0.02365771812080537,0.015436241610738255,Luxury
Nissan X-Trail Hybrid 2017,Nissan,X-Trail,Automatic,"Hybrid, Octane",2590000,2017,2000.0,47000,9,5222.222222222223,0.02365771812080537,0.015436241610738255,Medium
Toyota Corolla Cross Hybrid Z Leather 2023,Toyota,Corolla Cross,Automatic,"Petrol, Hybrid, Octane",4670000,2023,1800.0,31000,3,10333.333333333334,0.8884228187919463,0.07097315436241611,Luxury
Toyota Allion G Push Sensor Good 2020,Toyota,Allion,Automatic,"Petrol, Octane",4250000,2020,1500.0,82000,6,13666.666666666666,0.8884228187919463,0.03120805369127517,High
Toyota Esquire Gi-Pre Nonhy Sunroof 2020,Toyota,Esquire,Automatic,"Petrol, Octane",5200000,2020,2000.0,54174,6,9029.0,0.8884228187919463,0.05855704697986577,Luxury
Toyota Fielder PetrlOctn Point-4 2020,Toyota,Fielder,Automatic,"Petrol, Octane",2600000,2020,1500.0,133519,6,22253.166666666668,0.8884228187919463,0.057885906040268456,Medium
Toyota Fielder Ex Nonhybrid Gp-4.00 2020,Toyota,Fielder,Automatic,"Petrol, Octane",2650000,2020,1500.0,51319,6,8553.166666666666,0.8884228187919463,0.057885906040268456,Medium
Toyota Corolla Cross Z Leather 360 TRD 2021,Toyota,Corolla Cross,Automatic,"Petrol, Hybrid, Octane",4550000,2021,1800.0,66125,5,13225.0,0.8884228187919463,0.07097315436241611,Luxury
Toyota Aqua Sky Blue 2020,Toyota,Aqua,Automatic,"Hybrid, Octane",2100000,2020,1500.0,48521,6,8086.833333333333,0.8884228187919463,0.015771812080536914,Low
"Toyota Supra MK-5,35th EDITION 2021",Toyota,Supra,Automatic,"Petrol, Hybrid, Octane",14200000,2021,2000.0,17512,5,3502.4,0.8884228187919463,0.0005033557046979866,Luxury
Toyota Hiace 2003,Toyota,Hiace,Manual,Diesel,400000,2003,2000.0,90000,23,3913.0434782608695,0.8884228187919463,0.09429530201342282,Low
Toyota Aqua G edition 2012,Toyota,Aqua,Automatic,"Hybrid, Octane",1250000,2012,1500.0,45000,14,3214.285714285714,0.8884228187919463,0.015771812080536914,Low
Toyota Axio EX-NON HYBRID G-4.0 2021,Toyota,Axio,Automatic,Octane,3020000,2021,1500.0,92000,5,18400.0,0.8884228187919463,0.10939597315436242,Medium
Toyota Axio EX-NON HYBRID G-4.0 2021,Toyota,Axio,Automatic,Octane,3130000,2021,1500.0,18000,5,3600.0,0.8884228187919463,0.10939597315436242,Medium
Honda CR-V EX-B Edition 2022,Honda,CR-V,Automatic,Octane,7000000,2022,1490.0,47300,4,11825.0,0.0424496644295302,0.011241610738255034,Luxury
Mitsubishi Car 2003,Mitsubishi,Other Model,Manual,Diesel,1500000,2003,2477.0,75000,23,3260.8695652173915,0.012583892617449664,0.005369127516778523,Low
Toyota Premio Fex Redwine 2020,Toyota,Premio,Automatic,Octane,4580000,2020,1500.0,16000,6,2666.6666666666665,0.8884228187919463,0.05285234899328859,Luxury
Toyota Fielder NON HYBRID EX PUSH 2020,Toyota,Fielder,Automatic,Octane,2700000,2020,1500.0,81236,6,13539.333333333334,0.8884228187919463,0.057885906040268456,Medium
Nissan X-Trail Hybrid sunroof 2017,Nissan,X-Trail,Automatic,"Hybrid, Octane",2780000,2017,2000.0,84000,9,9333.333333333334,0.02365771812080537,0.015436241610738255,Medium
Toyota Fielder 2020,Toyota,Fielder,Automatic,"Hybrid, Octane, LPG",2480000,2020,1500.0,50000,6,8333.333333333334,0.8884228187919463,0.057885906040268456,Medium
Toyota Prius S LED Mica Blue 2021,Toyota,Prius,Automatic,"Petrol, Hybrid, Octane",3200000,2021,1800.0,29000,5,5800.0,0.8884228187919463,0.029865771812080538,Medium
Toyota Prius S Touring Selection 2020,Toyota,Prius,Automatic,"Petrol, Hybrid, Octane",2999999,2020,1800.0,94000,6,15666.666666666666,0.8884228187919463,0.029865771812080538,Medium
Toyota RAV4 X  HYBRID  GREY 2020,Toyota,RAV4,Automatic,Hybrid,5550000,2020,2500.0,99000,6,16500.0,0.8884228187919463,0.009731543624161074,Luxury
Toyota Corolla Cross Z 2022,Toyota,Corolla Cross,Automatic,Octane,4900000,2022,1790.0,36988,4,9247.0,0.8884228187919463,0.07097315436241611,Luxury
Toyota Axio Ex Non Hybrid White 2020,Toyota,Axio,Automatic,"Petrol, Octane",2800000,2020,1500.0,83120,6,13853.333333333334,0.8884228187919463,0.10939597315436242,Medium
Nissan Juke 2011,Nissan,Juke,Automatic,Octane,1375000,2020,1500.0,50000,6,8333.333333333334,0.02365771812080537,0.0008389261744966443,Low
Toyota Allion 2003,Toyota,Allion,Automatic,"Diesel, Petrol, CNG, LPG",1290000,2003,1500.0,55523,23,2414.0434782608695,0.8884228187919463,0.03120805369127517,Low
Toyota Esquire Gi Hybrid Pearl070 2020,Toyota,Esquire,Automatic,Hybrid,3350000,2020,1800.0,117000,6,19500.0,0.8884228187919463,0.05855704697986577,Medium
Toyota Hiace Super GL DarkPrime 2 2021,Toyota,Hiace,Automatic,"Petrol, Octane",4550000,2021,2000.0,34755,5,6951.0,0.8884228187919463,0.09429530201342282,Luxury
Toyota Axio Ex Black Color Ready 2020,Toyota,Axio,Automatic,"Petrol, Octane",2800000,2020,1500.0,49155,6,8192.5,0.8884228187919463,0.10939597315436242,Medium
Toyota Hiace Gl Dual AC 2020,Toyota,Hiace,Manual,Octane,3260000,2020,2000.0,77852,6,12975.333333333334,0.8884228187919463,0.09429530201342282,Medium
Suzuki Ciaz PLUG IN HYBRID 2019,Suzuki,Ciaz,Automatic,"Hybrid, Octane",1520000,2019,1500.0,78800,7,11257.142857142857,0.002348993288590604,0.00016778523489932885,Low
Nissan X-Trail HARD JEEP 2010,Nissan,X-Trail,Automatic,Octane,1890000,2010,2000.0,71425,16,4464.0625,0.02365771812080537,0.015436241610738255,Low
Toyota Hiace Ambulance 2020,Toyota,Hiace,Automatic,Octane,2790000,2020,2000.0,73655,6,12275.833333333334,0.8884228187919463,0.09429530201342282,Medium
Toyota Voxy SZ HYBRID 2025,Toyota,Voxy,Automatic,"Petrol, Hybrid, Octane",6500000,2025,1800.0,9,1,9.0,0.8884228187919463,0.027348993288590605,Luxury
Toyota Fielder Ex Nonhybrid Gp-4.00 2020,Toyota,Fielder,Automatic,"Petrol, Octane",2800000,2020,1500.0,95356,6,15892.666666666666,0.8884228187919463,0.057885906040268456,Medium
Toyota Fielder EX Non Hybrid 474km 2020,Toyota,Fielder,Automatic,"Petrol, Octane",2750000,2020,1500.0,74120,6,12353.333333333334,0.8884228187919463,0.057885906040268456,Medium
Toyota Harrier Z Leather pkg 2021,Toyota,Harrier,Automatic,Hybrid,7950000,2021,2500.0,75484,5,15096.8,0.8884228187919463,0.03976510067114094,Luxury
Nissan Sunny 2003,Nissan,Sunny,Automatic,"Petrol, LPG",450000,2024,1295.0,216000,2,108000.0,0.02365771812080537,0.002181208053691275,Low
"Honda Grace G Ltd, 2017",Honda,Grace,Automatic,"Hybrid, Octane",1790000,2017,1500.0,77000,9,8555.555555555555,0.0424496644295302,0.0038590604026845637,Low
Toyota Axio Non Hybrid 2020,Toyota,Axio,Automatic,Octane,2590000,2020,1500.0,90000,6,15000.0,0.8884228187919463,0.10939597315436242,Medium
Toyota Aqua S KEY START 2020,Toyota,Aqua,Automatic,"Petrol, Hybrid, Octane",1900000,2020,1500.0,72000,6,12000.0,0.8884228187919463,0.015771812080536914,Low
Toyota Corolla S 2020,Toyota,Corolla,Automatic,"Petrol, Hybrid, Octane",2920000,2020,1800.0,80000,6,13333.333333333334,0.8884228187919463,0.04848993288590604,Medium
Toyota Axio Hybrid EX 2020,Toyota,Axio,Automatic,"Petrol, Hybrid, Octane",2150000,2020,1500.0,58432,6,9738.666666666666,0.8884228187919463,0.10939597315436242,Low
Honda Fit HYBRID 2020,Honda,Fit,Automatic,"Petrol, Hybrid, Octane",2050000,2020,1500.0,58948,6,9824.666666666666,0.0424496644295302,0.0006711409395973154,Low
Toyota Corolla Cross hybrid 2021,Toyota,Corolla Cross,Automatic,"Petrol, Hybrid, Octane",3850000,2021,1800.0,54786,5,10957.2,0.8884228187919463,0.07097315436241611,High
Toyota Premio push start 2015,Toyota,Premio,Automatic,Octane,2630000,2015,1500.0,58000,11,5272.727272727273,0.8884228187919463,0.05285234899328859,Medium
Toyota Premio silver 2004,Toyota,Premio,Automatic,"CNG, LPG",1350000,2004,1500.0,90000,22,4090.909090909091,0.8884228187919463,0.05285234899328859,Low
Toyota Axio black 2013,Toyota,Axio,Automatic,Octane,1650000,2013,1500.0,85000,13,6538.461538461538,0.8884228187919463,0.10939597315436242,Low
Toyota Allion silver 2004,Toyota,Allion,Automatic,"CNG, Octane",1350000,2004,1500.0,98000,22,4454.545454545455,0.8884228187919463,0.03120805369127517,Low
Toyota Premio push start 2007,Toyota,Premio,Automatic,"CNG, Octane",1700000,2007,1500.0,80000,19,4210.526315789473,0.8884228187919463,0.05285234899328859,Low
Toyota Voxy SZ Pearl R55k km 2022,Toyota,Voxy,Automatic,Hybrid,4680000,2022,1800.0,55000,4,13750.0,0.8884228187919463,0.027348993288590605,Luxury
Toyota Noah SZ Black 4.530k km 2023,Toyota,Noah,Automatic,Hybrid,5580000,2023,1800.0,30000,3,10000.0,0.8884228187919463,0.10671140939597315,Luxury
Toyota Voxy SZ HYBRID 2025,Toyota,Voxy,Automatic,"Petrol, Hybrid, Octane",6500000,2025,1800.0,20,1,20.0,0.8884228187919463,0.027348993288590605,Luxury
Toyota Corolla Cross Z LEATHER 2023,Toyota,Corolla Cross,Automatic,"Petrol, Hybrid, Octane",5100000,2023,1800.0,17000,3,5666.666666666667,0.8884228187919463,0.07097315436241611,Luxury
Toyota Hiace GL 2020,Toyota,Hiace,Automatic,"Petrol, Octane",3200000,2020,2000.0,75420,6,12570.0,0.8884228187919463,0.09429530201342282,Medium
Toyota Voxy SZ HYBRID 2023,Toyota,Voxy,Automatic,"Petrol, Hybrid, Octane",5900000,2023,1800.0,19000,3,6333.333333333333,0.8884228187919463,0.027348993288590605,Luxury
Toyota Voxy ZS Kira Non-HV Mica 2020,Toyota,Voxy,Automatic,"Petrol, Octane",3850000,2020,2000.0,90120,6,15020.0,0.8884228187919463,0.027348993288590605,High
Toyota Hiace DX DUAL AC READY 2020,Toyota,Hiace,Automatic,Octane,3220000,2020,2000.0,84523,6,14087.166666666666,0.8884228187919463,0.09429530201342282,Medium
Toyota Noah WXB 2020,Toyota,Noah,Automatic,"Hybrid, Octane",3750000,2020,1800.0,48000,6,8000.0,0.8884228187919463,0.10671140939597315,High
Honda CR-V EX MASTER BROWN INT 2020,Honda,CR-V,Automatic,Octane,5750000,2020,1500.0,49863,6,8310.5,0.0424496644295302,0.011241610738255034,Luxury
Toyota Allion A15 2005,Toyota,Allion,Automatic,"CNG, Octane",1395000,2005,1500.0,75000,21,3571.4285714285716,0.8884228187919463,0.03120805369127517,Low
Toyota Fielder EX PUSH DHAKA REDAY 2020,Toyota,Fielder,Automatic,"Hybrid, Octane",2480000,2020,1500.0,76123,6,12687.166666666666,0.8884228187919463,0.057885906040268456,Medium
Toyota Axio EX -HYBRID 2020,Toyota,Axio,Automatic,"Hybrid, Octane",2340000,2020,1500.0,67152,6,11192.0,0.8884228187919463,0.10939597315436242,Low
Toyota Noah X SMART PUSH 2DPOWER 2020,Toyota,Noah,Automatic,Octane,3940000,2020,2000.0,68524,6,11420.666666666666,0.8884228187919463,0.10671140939597315,High
Toyota Esquire GI 2019,Toyota,Esquire,Automatic,"Hybrid, Octane",3600000,2019,1800.0,50000,7,7142.857142857143,0.8884228187919463,0.05855704697986577,High
Toyota C-HR G-LED READY DHAKA 2020,Toyota,C-HR,Automatic,"Hybrid, Octane",3450000,2020,1800.0,68756,6,11459.333333333334,0.8884228187919463,0.027181208053691275,High
Toyota Prado TX-L 2019,Toyota,Prado,Automatic,"Petrol, Octane",14200000,2019,2700.0,37000,7,5285.714285714285,0.8884228187919463,0.013926174496644295,Luxury
Toyota Axio Non Hybrid EX 3.5 AP 2020,Toyota,Axio,Automatic,"Petrol, Octane",2850000,2020,1500.0,69000,6,11500.0,0.8884228187919463,0.10939597315436242,Medium
Toyota Prado TX-L 5 Grade. 2022,Toyota,Prado,Automatic,"Petrol, Octane",18000000,2022,2700.0,27000,4,6750.0,0.8884228187919463,0.013926174496644295,Luxury
Toyota Yaris Cross Hybrid Z Leather 4.5 2021,Toyota,Yaris Cross,Automatic,"Petrol, Hybrid, Octane",3600000,2021,1500.0,60000,5,12000.0,0.8884228187919463,0.02097315436241611,High
Toyota Esquire Hybrid GI Premium 2020,Toyota,Esquire,Automatic,"Petrol, Hybrid, Octane",3600000,2020,1800.0,85000,6,14166.666666666666,0.8884228187919463,0.05855704697986577,High
Toyota Hiace SUPER GL 2021,Toyota,Hiace,Automatic,"Petrol, Octane",4200000,2021,2000.0,57748,5,11549.6,0.8884228187919463,0.09429530201342282,High
Toyota Corolla Cross Z PKG-FULL LOAD-360- 2022,Toyota,Corolla Cross,Automatic,"Petrol, Hybrid, Octane",5000000,2022,1800.0,51469,4,12867.25,0.8884228187919463,0.07097315436241611,Luxury
Toyota Hiace Super Gl Dark Prime 2021,Toyota,Hiace,Automatic,"Petrol, Octane",4500000,2021,2000.0,48000,5,9600.0,0.8884228187919463,0.09429530201342282,Luxury
Toyota Hiace Super Gl Dark Prime 2021,Toyota,Hiace,Automatic,"Petrol, Octane",4500000,2021,2000.0,72000,5,14400.0,0.8884228187919463,0.09429530201342282,Luxury
Toyota Noah X 2020,Toyota,Noah,Automatic,Hybrid,3400000,2020,1800.0,52000,6,8666.666666666666,0.8884228187919463,0.10671140939597315,High
Toyota Prius 4.5 A Pkg Ready 2020,Toyota,Prius,Automatic,Hybrid,3299999,2020,1800.0,40545,6,6757.5,0.8884228187919463,0.029865771812080538,Medium
Toyota Axio Ex 2020,Toyota,Axio,Automatic,Hybrid,2300000,2020,1500.0,62000,6,10333.333333333334,0.8884228187919463,0.10939597315436242,Low
Toyota Axio 2012,Toyota,Axio,Automatic,"CNG, Octane",1620000,2012,1500.0,83000,14,5928.571428571428,0.8884228187919463,0.10939597315436242,Low
Toyota Esquire GIP-PKG 2020,Toyota,Esquire,Automatic,Octane,4950000,2020,1980.0,61810,6,10301.666666666666,0.8884228187919463,0.05855704697986577,Luxury
Toyota Noah SI-WXB PKG 2020,Toyota,Noah,Automatic,Octane,4800000,2020,1980.0,47550,6,7925.0,0.8884228187919463,0.10671140939597315,Luxury
Toyota Esquire GI-PKG 2020,Toyota,Esquire,Automatic,"Hybrid, Octane",4200000,2020,1790.0,76948,6,12824.666666666666,0.8884228187919463,0.05855704697986577,High
Toyota Noah X PKG NON HYB 2020,Toyota,Noah,Automatic,Octane,3539999,2020,2000.0,110000,6,18333.333333333332,0.8884228187919463,0.10671140939597315,High
Nissan X-Trail Super Fresh 2011,Nissan,X-Trail,Automatic,Octane,1880000,2011,2000.0,85000,15,5666.666666666667,0.02365771812080537,0.015436241610738255,Low
Toyota Noah GL KR 42standardroof 2004,Toyota,Noah,Automatic,"CNG, Octane",1280000,2004,1800.0,88000,22,4000.0,0.8884228187919463,0.10671140939597315,Low
Toyota Corolla GX HYBRID 2020,Toyota,Corolla,Manual,"Hybrid, Octane",2600000,2020,1800.0,60218,6,10036.333333333334,0.8884228187919463,0.04848993288590604,Medium
Toyota Axio EX PUSH SAFTY SENSE 2020,Toyota,Axio,Automatic,"Hybrid, Octane",2560000,2020,1500.0,38000,6,6333.333333333333,0.8884228187919463,0.10939597315436242,Medium
Toyota Axio EX PUSH SAFTY SENSE 2020,Toyota,Axio,Automatic,"Hybrid, Octane",2540000,2020,1500.0,42000,6,7000.0,0.8884228187919463,0.10939597315436242,Medium
Toyota Axio EX PUSH SAFTY SENSE 2020,Toyota,Axio,Automatic,"Hybrid, Octane",2380000,2020,1500.0,94000,6,15666.666666666666,0.8884228187919463,0.10939597315436242,Medium
Toyota Axio Non Hybrid 2020 Ex,Toyota,Axio,Automatic,Octane,2620000,2020,1500.0,85632,6,14272.0,0.8884228187919463,0.10939597315436242,Medium
Toyota Axio Non Hybrid Ex 2020,Toyota,Axio,Automatic,Octane,2620000,2020,1500.0,86000,6,14333.333333333334,0.8884228187919463,0.10939597315436242,Medium
Toyota Fielder Non Hybrid 2020,Toyota,Fielder,Automatic,Octane,2630000,2020,1500.0,84230,6,14038.333333333334,0.8884228187919463,0.057885906040268456,Medium
Toyota Axio Hybrid Ex 2020,Toyota,Axio,Automatic,"Hybrid, Octane",2190000,2020,1500.0,90000,6,15000.0,0.8884228187919463,0.10939597315436242,Low
Toyota Noah WXB Hybrid 2020,Toyota,Noah,Automatic,"Hybrid, Octane",3550000,2020,1800.0,73000,6,12166.666666666666,0.8884228187919463,0.10671140939597315,High
Toyota Hiace SUPER GL DARK PRIME2 2022,Toyota,Hiace,Automatic,"Petrol, Octane",4750000,2022,2000.0,17549,4,4387.25,0.8884228187919463,0.09429530201342282,Luxury
Toyota Fielder Non Hybrid Ex 2020,Toyota,Fielder,Automatic,Octane,2600000,2020,1500.0,83620,6,13936.666666666666,0.8884228187919463,0.057885906040268456,Medium
Toyota Axio EX HYBRID WHITE 2020,Toyota,Axio,Automatic,"Petrol, Octane",2150000,2020,1500.0,99000,6,16500.0,0.8884228187919463,0.10939597315436242,Low
Toyota Fielder EX HYBRID SILVER 2020,Toyota,Fielder,Automatic,"Petrol, Hybrid, Octane",2150000,2020,1500.0,63000,6,10500.0,0.8884228187919463,0.057885906040268456,Low
Toyota Fielder Hybrid Ex Push 2020,Toyota,Fielder,Automatic,Hybrid,2220000,2020,1500.0,85270,6,14211.666666666666,0.8884228187919463,0.057885906040268456,Low
Toyota Fielder EX Hybrid Ready 2020,Toyota,Fielder,Automatic,"Petrol, Hybrid, Octane",2200000,2020,1500.0,41265,6,6877.5,0.8884228187919463,0.057885906040268456,Low
Toyota Noah SI WXB 2 HYBRID 2020,Toyota,Noah,Automatic,"Petrol, Hybrid, Octane",3600000,2020,1800.0,64000,6,10666.666666666666,0.8884228187919463,0.10671140939597315,High
Toyota Prius S TOURNG BDY KIT 4 P 2018,Toyota,Prius,Automatic,"Petrol, Hybrid, Octane",2750000,2018,1500.0,114000,8,14250.0,0.8884228187919463,0.029865771812080538,Medium
Toyota Premio F L PKG 2021,Toyota,Premio,Automatic,Octane,4400000,2021,1490.0,33305,5,6661.0,0.8884228187919463,0.05285234899328859,High
Toyota Yaris Cross Z Leather Fixed PR 2021,Toyota,Yaris Cross,Automatic,"Petrol, Hybrid, Octane",3350000,2021,1500.0,29000,5,5800.0,0.8884228187919463,0.02097315436241611,Medium
Toyota Hiace Super GL full pad 2018,Toyota,Hiace,Automatic,"Diesel, CNG",3500000,2018,2000.0,150000,8,18750.0,0.8884228187919463,0.09429530201342282,High
Toyota Prado TXL Pearl 526300 km 2022,Toyota,Prado,Automatic,Petrol,17000000,2022,2700.0,26300,4,6575.0,0.8884228187919463,0.013926174496644295,Luxury
Toyota Fielder Hybrid 4 point 2020,Toyota,Fielder,Automatic,Hybrid,2320000,2020,1500.0,88250,6,14708.333333333334,0.8884228187919463,0.057885906040268456,Low
Toyota Fielder Hybrid Ex Package 2020,Toyota,Fielder,Automatic,Hybrid,2200000,2020,1500.0,80742,6,13457.0,0.8884228187919463,0.057885906040268456,Low
Toyota Hiace DUAL AC 2020,Toyota,Hiace,Automatic,"Petrol, Octane",3400000,2020,2000.0,47100,6,7850.0,0.8884228187919463,0.09429530201342282,High
Toyota Voxy Zs Kiramki NonHybrid 2020,Toyota,Voxy,Automatic,"Petrol, Octane",3760000,2020,2000.0,86259,6,14376.5,0.8884228187919463,0.027348993288590605,High
Toyota Noah new shape 2022,Toyota,Noah,Automatic,"Petrol, Hybrid, Octane",3950000,2022,1800.0,46510,4,11627.5,0.8884228187919463,0.10671140939597315,High
Toyota C-HR G-LED 2017,Toyota,C-HR,Automatic,Hybrid,2376000,2017,1800.0,67440,9,7493.333333333333,0.8884228187919463,0.027181208053691275,Medium
Toyota Corolla Cross Z leather Upcoming 2023,Toyota,Corolla Cross,Automatic,"Hybrid, Octane",4690000,2023,1800.0,19000,3,6333.333333333333,0.8884228187919463,0.07097315436241611,Luxury
Toyota Noah X 2020,Toyota,Noah,Automatic,Octane,3980000,2020,1800.0,36586,6,6097.666666666667,0.8884228187919463,0.10671140939597315,High
Toyota Fielder EX HYBRID DHAKAREADY 2020,Toyota,Fielder,Automatic,Octane,2690000,2020,1500.0,71256,6,11876.0,0.8884228187919463,0.057885906040268456,Medium
Honda CR-V EX MASTER BROWN INT 2020,Honda,CR-V,Automatic,Octane,5750000,2020,1500.0,49875,6,8312.5,0.0424496644295302,0.011241610738255034,Luxury
Toyota Hiace GL DUAL AC READY 2020,Toyota,Hiace,Automatic,Octane,3270000,2020,2000.0,78596,6,13099.333333333334,0.8884228187919463,0.09429530201342282,Medium
Toyota Noah X Hybrid 2021,Toyota,Noah,Automatic,"Hybrid, Octane",3580000,2021,1800.0,32539,5,6507.8,0.8884228187919463,0.10671140939597315,High
Toyota Hiace GL DUAL AC READY 2021,Toyota,Hiace,Automatic,Octane,3200000,2021,2000.0,42156,5,8431.2,0.8884228187919463,0.09429530201342282,Medium
Toyota Corolla X 2005,Toyota,Corolla,Automatic,"CNG, Octane",1270000,2005,1500.0,85000,21,4047.6190476190477,0.8884228187919463,0.04848993288590604,Low
Toyota Esquire Non HY GI Premium 4 2020,Toyota,Esquire,Automatic,"Petrol, Octane",4600000,2020,2000.0,63500,6,10583.333333333334,0.8884228187919463,0.05855704697986577,Luxury
Toyota Corolla Cross Hybrid Z 4.5 Grade 2023,Toyota,Corolla Cross,Automatic,"Petrol, Hybrid, Octane",4670000,2023,1800.0,31000,3,10333.333333333334,0.8884228187919463,0.07097315436241611,Luxury
Toyota Esquire Hybrid GI 2 Door PW 2020,Toyota,Esquire,Automatic,"Petrol, Hybrid, Octane",3450000,2020,1800.0,86000,6,14333.333333333334,0.8884228187919463,0.05855704697986577,High
Toyota Premio F-EX 2020,Toyota,Premio,Automatic,"Octane, LPG",4600000,2020,1500.0,45000,6,7500.0,0.8884228187919463,0.05285234899328859,Luxury
Toyota Prius S Touring Hybrid 2020,Toyota,Prius,Automatic,"Hybrid, Octane",3150000,2020,1800.0,93300,6,15550.0,0.8884228187919463,0.029865771812080538,Medium
Toyota Hiace Super GL Dark Prime 2023,Toyota,Hiace,Automatic,Octane,4800000,2023,2000.0,38150,3,12716.666666666666,0.8884228187919463,0.09429530201342282,Luxury
Toyota Hiace Super GL 2022,Toyota,Hiace,Automatic,Octane,4300000,2022,2000.0,115000,4,28750.0,0.8884228187919463,0.09429530201342282,High
Honda CR-V Ex HV Sunroof 5S SUV 2020,Honda,CR-V,Automatic,"Petrol, Hybrid, Octane",5550000,2020,1500.0,84000,6,14000.0,0.0424496644295302,0.011241610738255034,Luxury
Toyota C-HR GR-SPORTS GP-4.5 2020,Toyota,C-HR,Automatic,"Petrol, Hybrid, Octane",3800000,2020,1800.0,40269,6,6711.5,0.8884228187919463,0.027181208053691275,High
Toyota Voxy S-Z HYBRID 2023,Toyota,Voxy,Automatic,"Hybrid, Octane",5100000,2023,1800.0,79318,3,26439.333333333332,0.8884228187919463,0.027348993288590605,Luxury
Toyota Prius A- Touring Selection 2020,Toyota,Prius,Automatic,"Petrol, Hybrid, Octane",3300000,2020,1800.0,94307,6,15717.833333333334,0.8884228187919463,0.029865771812080538,Medium
Toyota Hiace SUPER GL DHAKA READY 2020,Toyota,Hiace,Automatic,"Petrol, Octane",4300000,2020,2000.0,77013,6,12835.5,0.8884228187919463,0.09429530201342282,High
Toyota Noah NON HYBRID X PKG... 2021,Toyota,Noah,Automatic,"Petrol, Octane",3700000,2021,2000.0,67748,5,13549.6,0.8884228187919463,0.10671140939597315,High
Toyota Yaris Cross G HYBRID READY 2021,Toyota,Yaris Cross,Automatic,"Petrol, Hybrid, Octane",3550000,2021,1500.0,35005,5,7001.0,0.8884228187919463,0.02097315436241611,High
Toyota Yaris Cross 360 cam ready dhaka 2021,Toyota,Yaris Cross,Automatic,"Hybrid, Octane",3550000,2021,1500.0,39013,5,7802.6,0.8884228187919463,0.02097315436241611,High
Toyota Corolla G-X HYBRID 2020,Toyota,Corolla,Automatic,"Petrol, Hybrid, Octane",2700000,2020,1800.0,57748,6,9624.666666666666,0.8884228187919463,0.04848993288590604,Medium
Toyota Prius  -Rc  2018,Toyota,Prius,Automatic,"Petrol, Hybrid, Octane",3170000,2018,1800.0,66000,8,8250.0,0.8884228187919463,0.029865771812080538,Medium
Toyota Esquire Xi Non hybrid Peral 2020,Toyota,Esquire,Automatic,"Petrol, Octane",4170000,2020,2000.0,109000,6,18166.666666666668,0.8884228187919463,0.05855704697986577,High
Toyota Esquire Gi Non hybrid Black 2020,Toyota,Esquire,Automatic,"Petrol, Octane",4150000,2020,2000.0,96000,6,16000.0,0.8884228187919463,0.05855704697986577,High
Toyota Prado Petrol TXL Pkg Pearl 2021,Toyota,Prado,Automatic,Petrol,16600000,2021,2700.0,10500,5,2100.0,0.8884228187919463,0.013926174496644295,Luxury
Toyota Hiace Super GL Key 4 Point 2021,Toyota,Hiace,Automatic,"Petrol, Octane",4050000,2021,2000.0,90120,5,18024.0,0.8884228187919463,0.09429530201342282,High
Toyota Esquire Xi non hybrid peral 2020,Toyota,Esquire,Automatic,"Petrol, Octane",4160000,2020,2000.0,118000,6,19666.666666666668,0.8884228187919463,0.05855704697986577,High
Toyota Axio Non-Hybrid Octne 2015,Toyota,Axio,Automatic,Octane,1995000,2015,1500.0,63044,11,5731.272727272727,0.8884228187919463,0.10939597315436242,Low
Toyota Premio F L PKG 2020,Toyota,Premio,Automatic,Octane,4650000,2020,1490.0,43105,6,7184.166666666667,0.8884228187919463,0.05285234899328859,Luxury
Toyota Esquire NON HYBRID XI 2020,Toyota,Esquire,Automatic,Octane,4000000,2020,2000.0,132876,6,22146.0,0.8884228187919463,0.05855704697986577,High
Toyota Axio EX PUSH 2020,Toyota,Axio,Automatic,Hybrid,2350000,2020,1500.0,114762,6,19127.0,0.8884228187919463,0.10939597315436242,Medium
Toyota Axio EX PACKAGE HYBRID 2020,Toyota,Axio,Automatic,Hybrid,2350000,2020,1500.0,114625,6,19104.166666666668,0.8884228187919463,0.10939597315436242,Medium
Toyota Aqua XREADYSHOWROOM 2021,Toyota,Aqua,Automatic,"Petrol, Hybrid, Octane",2500000,2021,1500.0,81000,5,16200.0,0.8884228187919463,0.015771812080536914,Medium
Honda Insight EXBLACKSTYLE 2021,Honda,Insight,Automatic,"Petrol, Hybrid, Octane",3900000,2021,1500.0,31283,5,6256.6,0.0424496644295302,0.015100671140939598,High
Toyota Yaris Cross Z LEATHER 360 CAMERA 2021,Toyota,Yaris Cross,Automatic,"Petrol, Hybrid, Octane",3620000,2021,1500.0,77000,5,15400.0,0.8884228187919463,0.02097315436241611,High
Toyota Esquire GI PREMIUM HV-PKG 2020,Toyota,Esquire,Automatic,Hybrid,3850000,2020,1800.0,69846,6,11641.0,0.8884228187919463,0.05855704697986577,High
Toyota Esquire GI PREMIUM-HV-PKG 2020,Toyota,Esquire,Automatic,Hybrid,3850000,2020,1800.0,63874,6,10645.666666666666,0.8884228187919463,0.05855704697986577,High
Toyota Hiace SUPER GL KEY STRAT 2020,Toyota,Hiace,Automatic,"Petrol, Octane",3950000,2020,2000.0,45035,6,7505.833333333333,0.8884228187919463,0.09429530201342282,High
Toyota Axio EX-PKG 2020,Toyota,Axio,Automatic,Hybrid,2350000,2020,1500.0,114873,6,19145.5,0.8884228187919463,0.10939597315436242,Medium
Toyota Voxy SZ PACKAGE-HYBRID 2022,Toyota,Voxy,Automatic,Hybrid,4750000,2022,1800.0,55873,4,13968.25,0.8884228187919463,0.027348993288590605,Luxury
Toyota Yaris Cross Z PKG 4 CAMERA 2020,Toyota,Yaris Cross,Automatic,"Petrol, Hybrid, Octane",3450000,2020,1500.0,68000,6,11333.333333333334,0.8884228187919463,0.02097315436241611,High
Toyota Crown  ADVANCE 2022,Toyota,Crown,Automatic,"Petrol, Hybrid, Octane",12500000,2022,2500.0,18000,4,4500.0,0.8884228187919463,0.00587248322147651,Luxury
Toyota Prius S TOURING 2019,Toyota,Prius,Automatic,Hybrid,3150000,2019,1800.0,97763,7,13966.142857142857,0.8884228187919463,0.029865771812080538,Medium
Toyota Corolla Cross Z PACKAGE PANORAMIC 2022,Toyota,Corolla Cross,Automatic,Hybrid,4950000,2022,1800.0,36874,4,9218.5,0.8884228187919463,0.07097315436241611,Luxury
Toyota Premio F-EX READY SHOWROOM 2021,Toyota,Premio,Automatic,"Petrol, Octane",4800000,2021,1500.0,36081,5,7216.2,0.8884228187919463,0.05285234899328859,Luxury
Lexus RX 350H READY SHOWROOM 2023,Lexus,RX,Automatic,"Petrol, Octane",16000000,2023,2500.0,14600,3,4866.666666666667,0.0068791946308724835,0.0028523489932885905,Luxury
Toyota Prius  f STOCK 2020,Toyota,Prius,Automatic,"Petrol, Hybrid, Octane",2950000,2020,1800.0,54000,6,9000.0,0.8884228187919463,0.029865771812080538,Medium
Toyota Noah .1 2020,Toyota,Noah,Automatic,"Petrol, Octane",6970000,2020,2000.0,77000,6,12833.333333333334,0.8884228187919463,0.10671140939597315,Luxury
Toyota Fielder EX PUSH START HV 2020,Toyota,Fielder,Automatic,Hybrid,2380000,2020,1500.0,88321,6,14720.166666666666,0.8884228187919463,0.057885906040268456,Medium
Toyota Axio PUSH HV EX PKG 2020,Toyota,Axio,Automatic,Hybrid,2390000,2020,1500.0,104321,6,17386.833333333332,0.8884228187919463,0.10939597315436242,Medium
Honda Insight PUSH HYBRID LX 2021,Honda,Insight,Automatic,Hybrid,3650000,2021,1500.0,123287,5,24657.4,0.0424496644295302,0.015100671140939598,High
Toyota Axio EX PUSH NON-HV 2020,Toyota,Axio,Automatic,Electric,2620000,2020,1500.0,225438,6,37573.0,0.8884228187919463,0.10939597315436242,Medium
Toyota Axio EX READY SHOWROOM 2020,Toyota,Axio,Automatic,"Petrol, Hybrid, Octane",2350000,2020,1500.0,35946,6,5991.0,0.8884228187919463,0.10939597315436242,Medium
Toyota Prius A TOURING SELECTION 2020,Toyota,Prius,Automatic,"Petrol, Hybrid, Octane",3400000,2020,1800.0,51793,6,8632.166666666666,0.8884228187919463,0.029865771812080538,High
Honda Vezel HYBRID 2021,Honda,Vezel,Automatic,"Petrol, Hybrid, Octane, Other fuel type",3800000,2021,1500.0,50000,5,10000.0,0.0424496644295302,0.006711409395973154,High
Toyota RAV4 HYBRID 2020,Toyota,RAV4,Automatic,"Petrol, Hybrid, Octane, Other fuel type",5100000,2020,2500.0,90000,6,15000.0,0.8884228187919463,0.009731543624161074,Luxury
Toyota Allion G Package 2021,Toyota,Allion,Automatic,Octane,3800000,2021,1500.0,45210,5,9042.0,0.8884228187919463,0.03120805369127517,High
Toyota Axio Hybrid EX 2020,Toyota,Axio,Automatic,"Petrol, Hybrid, Octane",2250000,2020,1500.0,78000,6,13000.0,0.8884228187919463,0.10939597315436242,Low
Toyota Axio HYBRID 2020,Toyota,Axio,Automatic,Hybrid,2150000,2020,1500.0,65412,6,10902.0,0.8884228187919463,0.10939597315436242,Low
Toyota Fielder NON HYBRID 2020,Toyota,Fielder,Automatic,Octane,2600000,2020,1500.0,45446,6,7574.333333333333,0.8884228187919463,0.057885906040268456,Medium
Mazda MX-5 2022,Mazda,MX-5,Automatic,Octane,4000000,2022,1500.0,15120,4,3780.0,0.0025167785234899327,0.0008389261744966443,High
Toyota Aqua Hybrid S 2020,Toyota,Aqua,Automatic,"Petrol, Hybrid, Octane",1700000,2020,1500.0,57978,6,9663.0,0.8884228187919463,0.015771812080536914,Low
Toyota Voxy HYBRID 2020,Toyota,Voxy,Automatic,Hybrid,2800000,2020,1800.0,69578,6,11596.333333333334,0.8884228187919463,0.027348993288590605,Medium
Toyota Corolla Hybrid GX PLUS 2021,Toyota,Corolla,Automatic,Hybrid,2450000,2021,1800.0,48562,5,9712.4,0.8884228187919463,0.04848993288590604,Medium
Toyota Noah X 2020,Toyota,Noah,Automatic,Octane,3450000,2020,2000.0,65202,6,10867.0,0.8884228187919463,0.10671140939597315,High
Honda Vezel Hybrid 2021,Honda,Vezel,Automatic,Hybrid,3950000,2021,1500.0,15422,5,3084.4,0.0424496644295302,0.006711409395973154,High
Toyota Axio Fielder Hybrid EX 2021,Toyota,Axio,Automatic,Hybrid,2150000,2021,1500.0,54530,5,10906.0,0.8884228187919463,0.10939597315436242,Low
Toyota Esquire Gi Premium 2020,Toyota,Esquire,Automatic,Octane,3850000,2020,2000.0,54160,6,9026.666666666666,0.8884228187919463,0.05855704697986577,High
Toyota Fielder Hybrid EX 2020,Toyota,Fielder,Automatic,Hybrid,2150000,2020,1500.0,62556,6,10426.0,0.8884228187919463,0.057885906040268456,Low
Toyota Noah Hybrid X 2020,Toyota,Noah,Automatic,Hybrid,2950000,2020,1800.0,54132,6,9022.0,0.8884228187919463,0.10671140939597315,Medium
Toyota Esquire Hybrid 2021,Toyota,Esquire,Automatic,Hybrid,3850000,2021,1800.0,48416,5,9683.2,0.8884228187919463,0.05855704697986577,High
Toyota Axio Hybrid EX 2020,Toyota,Axio,Automatic,Hybrid,2150000,2020,1500.0,65485,6,10914.166666666666,0.8884228187919463,0.10939597315436242,Low
Toyota C-HR Hybrid 2021,Toyota,C-HR,Automatic,Hybrid,3450000,2021,1800.0,45852,5,9170.4,0.8884228187919463,0.027181208053691275,High
Toyota Corolla Hybrid GX 2021,Toyota,Corolla,Automatic,Hybrid,2450000,2021,1800.0,45232,5,9046.4,0.8884228187919463,0.04848993288590604,Medium
Toyota RAV4 Hybrid 2020,Toyota,RAV4,Automatic,Hybrid,5550000,2020,2500.0,22552,6,3758.6666666666665,0.8884228187919463,0.009731543624161074,Luxury
Toyota Noah X Push Start Bronze 2020,Toyota,Noah,Automatic,"Petrol, Hybrid, Octane",3100000,2020,1800.0,132002,6,22000.333333333332,0.8884228187919463,0.10671140939597315,Medium
Toyota Noah X 2 Door Power 2020,Toyota,Noah,Automatic,"Petrol, Hybrid, Octane",3150000,2020,1800.0,163002,6,27167.0,0.8884228187919463,0.10671140939597315,Medium
Toyota Yaris Cross Z-LEATHER BODY KIT 2021,Toyota,Yaris Cross,Automatic,"Petrol, Hybrid, Octane",3870000,2021,1500.0,31856,5,6371.2,0.8884228187919463,0.02097315436241611,High
Toyota Allion push start 2014,Toyota,Allion,Automatic,Octane,2520000,2014,1500.0,75000,12,6250.0,0.8884228187919463,0.03120805369127517,Medium
Toyota Hiace GL BLACK DUAL AC 2021,Toyota,Hiace,Automatic,"Petrol, Octane",3450000,2021,2000.0,69350,5,13870.0,0.8884228187919463,0.09429530201342282,High
Toyota Axio EX HYBRID WHITE AP-4 2020,Toyota,Axio,Automatic,Hybrid,2250000,2020,1500.0,88360,6,14726.666666666666,0.8884228187919463,0.10939597315436242,Low
Toyota Noah X SMART PUSH WHITE 2020,Toyota,Noah,Automatic,"Petrol, Octane",3680000,2020,2000.0,91370,6,15228.333333333334,0.8884228187919463,0.10671140939597315,High
Toyota Premio F-EX PEARL AP 4.5 2021,Toyota,Premio,Automatic,Petrol,4850000,2021,1500.0,29340,5,5868.0,0.8884228187919463,0.05285234899328859,Luxury
Toyota Noah X SMART PUSH BROWN 2021,Toyota,Noah,Automatic,Petrol,3770000,2021,2000.0,68170,5,13634.0,0.8884228187919463,0.10671140939597315,High
Toyota Hiace DX WHITE DUAL AC 2021,Toyota,Hiace,Automatic,Petrol,3280000,2021,2000.0,73580,5,14716.0,0.8884228187919463,0.09429530201342282,Medium
Toyota Noah Non Hybrid X Pearl 2021,Toyota,Noah,Automatic,Petrol,3790000,2021,2000.0,148000,5,29600.0,0.8884228187919463,0.10671140939597315,High
Toyota Hiace ORIGINAL GL DUAL AC 2020,Toyota,Hiace,Automatic,"Petrol, Octane",3450000,2020,2000.0,47100,6,7850.0,0.8884228187919463,0.09429530201342282,High
Toyota Noah 2 Power Door Hybrid 2020,Toyota,Noah,Automatic,Hybrid,3300000,2020,1800.0,78250,6,13041.666666666666,0.8884228187919463,0.10671140939597315,Medium
Toyota Harrier NON-HY-Z LEATHER-4.5 2020,Toyota,Harrier,Automatic,"Petrol, Octane",7850000,2020,2000.0,19000,6,3166.6666666666665,0.8884228187919463,0.03976510067114094,Luxury
Toyota Aqua japan 2017,Toyota,Aqua,Automatic,"Hybrid, Octane",1595000,2017,1500.0,125000,9,13888.888888888889,0.8884228187919463,0.015771812080536914,Low
Toyota Axio X Non Hybrid 2015,Toyota,Axio,Automatic,Octane,2020000,2015,1500.0,70767,11,6433.363636363636,0.8884228187919463,0.10939597315436242,Low
Toyota Corolla GX-PKG 2020,Toyota,Corolla,Automatic,"Hybrid, Octane",3150000,2020,1790.0,49148,6,8191.333333333333,0.8884228187919463,0.04848993288590604,Medium
Toyota Noah SI WXB NON HYB 2020,Toyota,Noah,Automatic,Octane,4250000,2020,2000.0,56000,6,9333.333333333334,0.8884228187919463,0.10671140939597315,High
Honda Insight EX PACKAGE 2021,Honda,Insight,Automatic,"Hybrid, Octane",4700000,2021,1490.0,25622,5,5124.4,0.0424496644295302,0.015100671140939598,Luxury
Toyota Corolla Cross Z Pearl 4 Point 2022,Toyota,Corolla Cross,Automatic,Hybrid,4440000,2022,1800.0,58600,4,14650.0,0.8884228187919463,0.07097315436241611,Luxury
Toyota Harrier Petrol Black Z Pkg 2023,Toyota,Harrier,Automatic,Petrol,10150000,2023,2000.0,12800,3,4266.666666666667,0.8884228187919463,0.03976510067114094,Luxury
Toyota Harrier Petrol Z Pkg Black 2020,Toyota,Harrier,Automatic,Petrol,8180000,2020,2000.0,44600,6,7433.333333333333,0.8884228187919463,0.03976510067114094,Luxury
Toyota Corolla Cross Z Black 526400 km 2024,Toyota,Corolla Cross,Automatic,Hybrid,5600000,2024,1800.0,26400,2,13200.0,0.8884228187919463,0.07097315436241611,Luxury
Toyota Sienta G Blue 3.5115k km 2020,Toyota,Sienta,Automatic,Hybrid,2680000,2020,1500.0,115000,6,19166.666666666668,0.8884228187919463,0.009228187919463088,Medium
Toyota Corolla S White 4.598k km 2020,Toyota,Corolla,Automatic,Hybrid,2890000,2020,1800.0,98000,6,16333.333333333334,0.8884228187919463,0.04848993288590604,Medium
Lexus NX 300H Version L Wine 2020,Lexus,NX,Automatic,Hybrid,8700000,2020,2500.0,33600,6,5600.0,0.0068791946308724835,0.0010067114093959733,Luxury
Toyota Noah SIWXB Pkg Mica Blue 2020,Toyota,Noah,Automatic,Petrol,4650000,2020,2000.0,42400,6,7066.666666666667,0.8884228187919463,0.10671140939597315,Luxury
Toyota Hiace GL Black Dual AC 2020,Toyota,Hiace,Automatic,Petrol,3790000,2020,2000.0,52000,6,8666.666666666666,0.8884228187919463,0.09429530201342282,High
Honda CR-V EX Masterpeice Black 2021,Honda,CR-V,Automatic,Petrol,6100000,2021,1500.0,21000,5,4200.0,0.0424496644295302,0.011241610738255034,Luxury
Toyota Harrier Premium Pkg Black 2020,Toyota,Harrier,Automatic,Petrol,7220000,2020,2000.0,46000,6,7666.666666666667,0.8884228187919463,0.03976510067114094,Luxury
Toyota Noah X Pearl RA163000 km 2020,Toyota,Noah,Automatic,Hybrid,3200000,2020,1800.0,163000,6,27166.666666666668,0.8884228187919463,0.10671140939597315,Medium
Toyota Fielder EX White 459700 km 2020,Toyota,Fielder,Automatic,Petrol,2850000,2020,1500.0,59700,6,9950.0,0.8884228187919463,0.057885906040268456,Medium
Toyota Corolla S White 4.563000 km 2020,Toyota,Corolla,Automatic,Hybrid,2890000,2020,1800.0,63000,6,10500.0,0.8884228187919463,0.04848993288590604,Medium
Toyota Esquire GI Black 4136k km 2020,Toyota,Esquire,Automatic,Hybrid,3650000,2020,1800.0,136000,6,22666.666666666668,0.8884228187919463,0.05855704697986577,High
Toyota Hiace Super GL Dark Prime2 2022,Toyota,Hiace,Automatic,Petrol,4950000,2022,2000.0,2300,4,575.0,0.8884228187919463,0.09429530201342282,Luxury
Toyota Esquire GI Pearl R49k km 2021,Toyota,Esquire,Automatic,Petrol,4590000,2021,2000.0,49600,5,9920.0,0.8884228187919463,0.05855704697986577,Luxury
Toyota Hiace SuperGL Black3.548k 2021,Toyota,Hiace,Automatic,Petrol,4890000,2021,2000.0,48700,5,9740.0,0.8884228187919463,0.09429530201342282,Luxury
Toyota Fielder EX Silver 3.5213k 2020,Toyota,Fielder,Automatic,Petrol,2650000,2020,1500.0,213000,6,35500.0,0.8884228187919463,0.057885906040268456,Medium
Toyota Harrier Petrol Pearl Z Pkg 2020,Toyota,Harrier,Automatic,Petrol,8080000,2020,2000.0,50000,6,8333.333333333334,0.8884228187919463,0.03976510067114094,Luxury
Toyota Corolla Cross Z Black 5 Point 2024,Toyota,Corolla Cross,Automatic,Hybrid,5400000,2024,1800.0,7700,2,3850.0,0.8884228187919463,0.07097315436241611,Luxury
Toyota Premio F-EX SILVER P-4.5 2021,Toyota,Premio,Automatic,"Petrol, Octane",4550000,2021,1500.0,34000,5,6800.0,0.8884228187919463,0.05285234899328859,Luxury
Toyota Harrier Petrol Z Pkg Black 2020,Toyota,Harrier,Automatic,Petrol,8050000,2020,2000.0,34000,6,5666.666666666667,0.8884228187919463,0.03976510067114094,Luxury
Honda Insight EX PKG 2021,Honda,Insight,Automatic,"Petrol, Hybrid, Octane",3950000,2021,1500.0,100000,5,20000.0,0.0424496644295302,0.015100671140939598,High
Toyota Fielder EX PKG 2020,Toyota,Fielder,Automatic,"Petrol, Hybrid, Octane",2350000,2020,1500.0,78012,6,13002.0,0.8884228187919463,0.057885906040268456,Medium
Toyota Hiace GL Dual Ac Ambulance 2021,Toyota,Hiace,Automatic,"Petrol, Octane",3350000,2021,2000.0,64000,5,12800.0,0.8884228187919463,0.09429530201342282,Medium
Toyota Hiace SUPER GL SILVER KEY 2016,Toyota,Hiace,Automatic,Diesel,2250000,2016,3000.0,61000,10,6100.0,0.8884228187919463,0.09429530201342282,Low
Toyota Axio EX PKG 2020,Toyota,Axio,Automatic,"Petrol, Hybrid, Octane",2050000,2020,1500.0,98520,6,16420.0,0.8884228187919463,0.10939597315436242,Low
Toyota Hiace Super GL 2021 PEARL,Toyota,Hiace,Automatic,"Petrol, Octane",4300000,2021,2000.0,68000,5,13600.0,0.8884228187919463,0.09429530201342282,High
Toyota Axio EX Non Hybrid OFFER 2020,Toyota,Axio,Automatic,"Petrol, Octane",2850000,2020,1500.0,68000,6,11333.333333333334,0.8884228187919463,0.10939597315436242,Medium
Toyota Esquire GI PREMIUM 2020,Toyota,Esquire,Automatic,"Petrol, Hybrid, Octane",4100000,2020,1800.0,54210,6,9035.0,0.8884228187919463,0.05855704697986577,High
Toyota Hiace DX SINGLE AC WHITE 2020,Toyota,Hiace,Automatic,"Petrol, Octane",2800000,2020,2000.0,92000,6,15333.333333333334,0.8884228187919463,0.09429530201342282,Medium
Toyota Premio FL  Point- 5  2019,Toyota,Premio,Automatic,"Petrol, Octane",3750000,2019,1500.0,25136,7,3590.8571428571427,0.8884228187919463,0.05285234899328859,High
Toyota Hiace SUPER GL DARK PRIME 2020,Toyota,Hiace,Automatic,"Petrol, Octane",4150000,2020,2000.0,90000,6,15000.0,0.8884228187919463,0.09429530201342282,High
Toyota Prius S-Touring Selection 2020,Toyota,Prius,Automatic,"Petrol, Hybrid, Octane",3300000,2020,1800.0,45210,6,7535.0,0.8884228187919463,0.029865771812080538,Medium
Toyota Fielder EX Non Hybrid OFFER 2020,Toyota,Fielder,Automatic,"Petrol, Hybrid, Octane",2800000,2020,1500.0,42000,6,7000.0,0.8884228187919463,0.057885906040268456,Medium
Toyota Prius S Hybrid 2020,Toyota,Prius,Automatic,"Petrol, Hybrid, Octane",2900000,2020,1800.0,48570,6,8095.0,0.8884228187919463,0.029865771812080538,Medium
Toyota Axio EX HYBRID SILVER 2020,Toyota,Axio,Automatic,"Petrol, Hybrid, Octane",2350000,2020,1500.0,35000,6,5833.333333333333,0.8884228187919463,0.10939597315436242,Medium
Toyota Hiace GL AMBULANCE 2020,Toyota,Hiace,Automatic,"Petrol, Octane",2900000,2020,2000.0,86521,6,14420.166666666666,0.8884228187919463,0.09429530201342282,Medium
Toyota Premio FL LED 2020,Toyota,Premio,Automatic,"Petrol, Octane",4350000,2020,1500.0,31750,6,5291.666666666667,0.8884228187919463,0.05285234899328859,High
Toyota Axio EX 2020,Toyota,Axio,Automatic,"Petrol, Hybrid, Octane",2250000,2020,1500.0,100225,6,16704.166666666668,0.8884228187919463,0.10939597315436242,Low
Toyota Prius S HYBRID PEARL 2018,Toyota,Prius,Automatic,"Petrol, Hybrid, Octane",2550000,2018,1800.0,85000,8,10625.0,0.8884228187919463,0.029865771812080538,Medium
Toyota Corolla Cross Z LEATHER HYBRID 2022,Toyota,Corolla Cross,Automatic,"Petrol, Hybrid, Octane",4450000,2022,1800.0,70000,4,17500.0,0.8884228187919463,0.07097315436241611,Luxury
Toyota C-HR GR Sports 4.5 2020,Toyota,C-HR,Automatic,"Petrol, Hybrid, Octane",3720000,2020,1800.0,56000,6,9333.333333333334,0.8884228187919463,0.027181208053691275,High
Toyota Voxy HYBRID ZS KIRAMEKI-3 2021,Toyota,Voxy,Automatic,"Petrol, Hybrid, Octane",3550000,2021,1800.0,53000,5,10600.0,0.8884228187919463,0.027348993288590605,High
Toyota Corolla Cross Z LEATHER 2022,Toyota,Corolla Cross,Automatic,Hybrid,4460000,2022,1800.0,54289,4,13572.25,0.8884228187919463,0.07097315436241611,Luxury
Toyota Hiace Original GL 2020,Toyota,Hiace,Automatic,"Petrol, Octane",3520000,2020,2000.0,89352,6,14892.0,0.8884228187919463,0.09429530201342282,High
Toyota Noah Hybrid 2 Door power 2020,Toyota,Noah,Automatic,Hybrid,3300000,2020,1800.0,81461,6,13576.833333333334,0.8884228187919463,0.10671140939597315,Medium
Toyota Voxy Nonhybrid 2Door Powr 2020,Toyota,Voxy,Automatic,"Petrol, Octane",3700000,2020,2000.0,86390,6,14398.333333333334,0.8884228187919463,0.027348993288590605,High
Toyota Hiace GL 2020,Toyota,Hiace,Automatic,"Petrol, Octane",3400000,2020,2000.0,74100,6,12350.0,0.8884228187919463,0.09429530201342282,High
Toyota Noah Non hybrid 2020,Toyota,Noah,Automatic,"Petrol, Octane",3450000,2020,2000.0,83601,6,13933.5,0.8884228187919463,0.10671140939597315,High
Toyota Fielder Non hybrid Ex push 2020,Toyota,Fielder,Automatic,"Petrol, Octane",2600000,2020,1500.0,81603,6,13600.5,0.8884228187919463,0.057885906040268456,Medium
Toyota Axio Non hybrid Ex push 2020,Toyota,Axio,Automatic,"Petrol, Octane",2590000,2020,1500.0,70254,6,11709.0,0.8884228187919463,0.10939597315436242,Medium
Toyota Fielder Non hybrid Ex push 2020,Toyota,Fielder,Automatic,"Petrol, Octane",2600000,2020,1500.0,70351,6,11725.166666666666,0.8884228187919463,0.057885906040268456,Medium
Toyota Esquire Gi package Hybrid 2020,Toyota,Esquire,Automatic,Hybrid,3520000,2020,1800.0,89462,6,14910.333333333334,0.8884228187919463,0.05855704697986577,High
Toyota Hiace SUPER GL 2020,Toyota,Hiace,Automatic,"Petrol, Octane",4030000,2020,2000.0,64289,6,10714.833333333334,0.8884228187919463,0.09429530201342282,High
Toyota Hiace Gl Dual AC key 3.5pt 2020,Toyota,Hiace,Automatic,"Octane, Other fuel type",3350000,2020,2000.0,75691,6,12615.166666666666,0.8884228187919463,0.09429530201342282,Medium
Toyota Aqua S style package 2020,Toyota,Aqua,Automatic,Hybrid,2050000,2020,1500.0,81570,6,13595.0,0.8884228187919463,0.015771812080536914,Low
Toyota Voxy Zs Kirameki Hybrid 2020,Toyota,Voxy,Automatic,Hybrid,3400000,2020,1800.0,79241,6,13206.833333333334,0.8884228187919463,0.027348993288590605,High
Toyota Esquire Gi package Hybrid 2020,Toyota,Esquire,Automatic,Hybrid,3700000,2020,1800.0,70824,6,11804.0,0.8884228187919463,0.05855704697986577,High
Toyota Esquire Gi Prm Hyb 2Dpwr 2020,Toyota,Esquire,Automatic,"Hybrid, Octane",3850000,2020,1800.0,60236,6,10039.333333333334,0.8884228187919463,0.05855704697986577,High
Toyota Esquire Gi Prm Hyb 2Dpwr 4pt 2020,Toyota,Esquire,Automatic,"Hybrid, Octane",3850000,2020,1800.0,80236,6,13372.666666666666,0.8884228187919463,0.05855704697986577,High
Toyota Axio Non hybrid Ex push 2020,Toyota,Axio,Automatic,"Petrol, Octane",2600000,2020,1500.0,88250,6,14708.333333333334,0.8884228187919463,0.10939597315436242,Medium
Toyota Axio Ex pkg hyb push 4pt 2020,Toyota,Axio,Automatic,"Hybrid, Octane",2430000,2020,1500.0,80126,6,13354.333333333334,0.8884228187919463,0.10939597315436242,Medium
Toyota Fielder Ex pkg hyb push 4pt 2020,Toyota,Fielder,Automatic,"Hybrid, Octane",2330000,2020,1500.0,90632,6,15105.333333333334,0.8884228187919463,0.057885906040268456,Low
Toyota Corolla Cross Z leather hyb 4.5pt 2022,Toyota,Corolla Cross,Automatic,"Hybrid, Octane",4750000,2022,1800.0,46213,4,11553.25,0.8884228187919463,0.07097315436241611,Luxury
Toyota Hiace Org Gl heater 2Ac 4p 2020,Toyota,Hiace,Automatic,"Octane, Other fuel type",3600000,2020,2000.0,64213,6,10702.166666666666,0.8884228187919463,0.09429530201342282,High
Toyota Fielder Ex Octen push 3.5pt 2020,Toyota,Fielder,Automatic,"Octane, Other fuel type",2650000,2020,1500.0,97823,6,16303.833333333334,0.8884228187919463,0.057885906040268456,Medium
Toyota Prius S Touring Hyb 4point 2018,Toyota,Prius,Automatic,"Hybrid, Octane",2900000,2018,1800.0,91389,8,11423.625,0.8884228187919463,0.029865771812080538,Medium
Toyota Noah Non Hyb key 2DP 3.5p 2019,Toyota,Noah,Automatic,"Octane, Other fuel type",3430000,2019,2000.0,63269,7,9038.42857142857,0.8884228187919463,0.10671140939597315,High
Toyota Noah Non Hyb 1Dpwr 4pt 2020,Toyota,Noah,Automatic,"Octane, Other fuel type",3520000,2020,2000.0,68123,6,11353.833333333334,0.8884228187919463,0.10671140939597315,High
Toyota Corolla Cross Z Leather 4.5 Grade 2022,Toyota,Corolla Cross,Automatic,Hybrid,4750000,2022,1800.0,46981,4,11745.25,0.8884228187919463,0.07097315436241611,Luxury
Toyota Axio NON HYBRID- 4 POINT 2020,Toyota,Axio,Automatic,"Petrol, Octane",2730000,2020,1500.0,74902,6,12483.666666666666,0.8884228187919463,0.10939597315436242,Medium
Toyota Fielder Hybrid Ex Package 2020,Toyota,Fielder,Automatic,Hybrid,2350000,2020,1500.0,84245,6,14040.833333333334,0.8884228187919463,0.057885906040268456,Medium
Toyota Fielder NON HYBRID 3.5 POINT 2020,Toyota,Fielder,Automatic,"Petrol, Octane",2670000,2020,1500.0,84180,6,14030.0,0.8884228187919463,0.057885906040268456,Medium
Toyota Hiace GL Dual AC 2021,Toyota,Hiace,Automatic,Octane,3380000,2021,2000.0,49685,5,9937.0,0.8884228187919463,0.09429530201342282,Medium
Toyota Corolla Cross Z LEATHER 2023,Toyota,Corolla Cross,Automatic,"Hybrid, Octane",4750000,2023,1800.0,47000,3,15666.666666666666,0.8884228187919463,0.07097315436241611,Luxury
Toyota Hiace DX 2021,Toyota,Hiace,Automatic,Octane,3300000,2021,2000.0,43658,5,8731.6,0.8884228187919463,0.09429530201342282,Medium
Toyota Noah XI NON HYB PUSHREADY 2020,Toyota,Noah,Automatic,Octane,3980000,2020,2000.0,73652,6,12275.333333333334,0.8884228187919463,0.10671140939597315,High
Toyota Premio FL LED 4.5 Grade 2020,Toyota,Premio,Automatic,"Petrol, Octane",4260000,2020,1500.0,43000,6,7166.666666666667,0.8884228187919463,0.05285234899328859,High
Toyota Corolla Gx Pkg Hybrid GP-4.0 2021,Toyota,Corolla,Automatic,"Petrol, Hybrid, Octane",3050000,2021,1800.0,70400,5,14080.0,0.8884228187919463,0.04848993288590604,Medium
Toyota Aqua L KEY START 2020,Toyota,Aqua,Automatic,"Petrol, Hybrid, Octane",1750000,2020,1500.0,75000,6,12500.0,0.8884228187919463,0.015771812080536914,Low
Toyota Alphard EXECUTIVE LOUNGE HY 2020,Toyota,Alphard,Automatic,"Hybrid, Octane",8900000,2020,2500.0,25000,6,4166.666666666667,0.8884228187919463,0.0050335570469798654,Luxury
Toyota Fielder Ex Nonhybrid Gp-4.00 2020,Toyota,Fielder,Automatic,"Petrol, Octane",2700000,2020,1500.0,62018,6,10336.333333333334,0.8884228187919463,0.057885906040268456,Medium
Toyota RAV4 Hybrid 2020,Toyota,RAV4,Automatic,"Hybrid, Octane",6300000,2020,2500.0,67588,6,11264.666666666666,0.8884228187919463,0.009731543624161074,Luxury
Toyota Prado TX 2012,Toyota,Prado,Automatic,Octane,6890000,2012,2700.0,75000,14,5357.142857142857,0.8884228187919463,0.013926174496644295,Luxury
Toyota Corolla G Addition 2004,Toyota,Corolla,Automatic,"CNG, Octane",1245000,2004,1500.0,89000,22,4045.4545454545455,0.8884228187919463,0.04848993288590604,Low
"Toyota Noah SI WXB, NON HYBRID 2020",Toyota,Noah,Automatic,"Petrol, Octane",4250000,2020,1800.0,38452,6,6408.666666666667,0.8884228187919463,0.10671140939597315,High
Toyota Crown New Shape. 2020,Toyota,Crown,Automatic,"Hybrid, Octane",7300000,2020,2500.0,42851,6,7141.833333333333,0.8884228187919463,0.00587248322147651,Luxury
Nissan X-Trail EMERGENCY BRAKE PKG 2020,Nissan,X-Trail,Automatic,"Petrol, Hybrid, Octane",3850000,2020,2000.0,57448,6,9574.666666666666,0.02365771812080537,0.015436241610738255,High
Toyota Yaris Cross Pearl 2020,Toyota,Yaris Cross,Automatic,"Hybrid, Octane",3450000,2020,1500.0,45726,6,7621.0,0.8884228187919463,0.02097315436241611,High
Toyota Corolla Dhaka Ready 2020,Toyota,Corolla,Automatic,"Hybrid, Octane",2700000,2020,1800.0,48521,6,8086.833333333333,0.8884228187919463,0.04848993288590604,Medium
Toyota Crown RS ADVANCE CROSSOVER 2022,Toyota,Crown,Automatic,"Hybrid, Octane",12000000,2022,2400.0,14550,4,3637.5,0.8884228187919463,0.00587248322147651,Luxury
Toyota Voxy ZS KIRAMEKI  2021,Toyota,Voxy,Automatic,"Hybrid, Octane",3500000,2021,1800.0,42512,5,8502.4,0.8884228187919463,0.027348993288590605,High
Toyota Corolla Cross NEW SHAPE READY CAR 2025,Toyota,Corolla Cross,Automatic,"Hybrid, Octane",6300000,2025,1800.0,5,1,5.0,0.8884228187919463,0.07097315436241611,Luxury
Lexus RX 500h F SPORTS 2023,Lexus,RX,Automatic,"Hybrid, Octane",20500000,2023,2400.0,1320,3,440.0,0.0068791946308724835,0.0028523489932885905,Luxury
Toyota Corolla Touring 2020,Toyota,Corolla,Automatic,"Hybrid, Octane",2800000,2020,1800.0,52412,6,8735.333333333334,0.8884228187919463,0.04848993288590604,Medium
Toyota C-HR G LED NEW S.READY 2020,Toyota,C-HR,Automatic,"Hybrid, Octane",3500000,2020,1800.0,50246,6,8374.333333333334,0.8884228187919463,0.027181208053691275,High
"Toyota Esquire GI PREMIUM, HYBRID 2020",Toyota,Esquire,Automatic,Hybrid,3950000,2020,1800.0,56080,6,9346.666666666666,0.8884228187919463,0.05855704697986577,High
Honda Insight LX PKG 2021,Honda,Insight,Automatic,"Hybrid, Octane",4200000,2021,1490.0,89425,5,17885.0,0.0424496644295302,0.015100671140939598,High
Toyota Noah S-Z PKG 2023,Toyota,Noah,Automatic,"Hybrid, Octane",5850000,2023,1790.0,18742,3,6247.333333333333,0.8884228187919463,0.10671140939597315,Luxury
Toyota Noah sz package 2023,Toyota,Noah,Automatic,"Hybrid, Octane",5850000,2023,1790.0,18752,3,6250.666666666667,0.8884228187919463,0.10671140939597315,Luxury
Toyota Harrier ZLP-PKG 2020,Toyota,Harrier,Automatic,Octane,8350000,2020,1980.0,48078,6,8013.0,0.8884228187919463,0.03976510067114094,Luxury
Toyota Corolla GX-PKG 2020,Toyota,Corolla,Automatic,"Hybrid, Octane",3100000,2020,1790.0,76647,6,12774.5,0.8884228187919463,0.04848993288590604,Medium
Toyota Corolla Cross z-pkg 2025,Toyota,Corolla Cross,Automatic,"Hybrid, Octane",6600000,2025,1790.0,22,1,22.0,0.8884228187919463,0.07097315436241611,Luxury
Toyota Corolla Cross z-pkg 2025,Toyota,Corolla Cross,Automatic,"Hybrid, Octane",6700000,2025,1790.0,15,1,15.0,0.8884228187919463,0.07097315436241611,Luxury
Toyota Harrier ZLP-PKG 2020,Toyota,Harrier,Automatic,Octane,8400000,2020,1980.0,58000,6,9666.666666666666,0.8884228187919463,0.03976510067114094,Luxury
Toyota Noah G-PKG 2021,Toyota,Noah,Automatic,"Hybrid, Octane",4050000,2021,1790.0,51783,5,10356.6,0.8884228187919463,0.10671140939597315,High
Toyota Harrier ZLP Package 2021,Toyota,Harrier,Automatic,Octane,8900000,2021,1980.0,36620,5,7324.0,0.8884228187919463,0.03976510067114094,Luxury
Toyota Premio F Package 2020,Toyota,Premio,Automatic,Octane,4100000,2020,1490.0,70419,6,11736.5,0.8884228187919463,0.05285234899328859,High
Toyota Fielder EX-PKG 2020,Toyota,Fielder,Automatic,Octane,3075000,2020,1490.0,60941,6,10156.833333333334,0.8884228187919463,0.057885906040268456,Medium
Toyota Esquire GIP-PKG 2020,Toyota,Esquire,Automatic,"Hybrid, Octane",4200000,2020,1490.0,76422,6,12737.0,0.8884228187919463,0.05855704697986577,High
Toyota Esquire . 2019,Toyota,Esquire,Automatic,Hybrid,17000000,2019,2000.0,110000,7,15714.285714285714,0.8884228187919463,0.05855704697986577,Luxury
Toyota Fielder EX-PKG 2020,Toyota,Fielder,Automatic,Octane,3100000,2020,1490.0,89250,6,14875.0,0.8884228187919463,0.057885906040268456,Medium
Toyota Noah S-G PKG 2022,Toyota,Noah,Automatic,"Hybrid, Octane",5300000,2022,1790.0,34291,4,8572.75,0.8884228187919463,0.10671140939597315,Luxury
Toyota Noah X HYB PUSH 2DR POWER 2020,Toyota,Noah,Automatic,Octane,3720000,2020,2000.0,137000,6,22833.333333333332,0.8884228187919463,0.10671140939597315,High
Toyota Axio EX PACKAGE 2020,Toyota,Axio,Automatic,"Petrol, Hybrid, Octane",2290000,2020,1500.0,125000,6,20833.333333333332,0.8884228187919463,0.10939597315436242,Low
Toyota Harrier ZLP-PKG 2020,Toyota,Harrier,Automatic,Octane,8300000,2020,1980.0,32133,6,5355.5,0.8884228187919463,0.03976510067114094,Luxury
Toyota Corolla Cross Z-PKG 2023,Toyota,Corolla Cross,Automatic,"Hybrid, Octane",5200000,2023,1790.0,42393,3,14131.0,0.8884228187919463,0.07097315436241611,Luxury
Toyota Prado TX L PACKAGE 2021,Toyota,Prado,Automatic,Octane,16400000,2021,2700.0,24321,5,4864.2,0.8884228187919463,0.013926174496644295,Luxury
Toyota C-HR G-LED 2021,Toyota,C-HR,Automatic,"Hybrid, Octane",3350000,2021,1800.0,45328,5,9065.6,0.8884228187919463,0.027181208053691275,Medium
Toyota C-HR G LED 2018,Toyota,C-HR,Automatic,"Hybrid, Octane",2745000,2018,1800.0,57000,8,7125.0,0.8884228187919463,0.027181208053691275,Medium
Toyota Prius S Touring- 4 Point 2018,Toyota,Prius,Automatic,Hybrid,2770000,2018,1800.0,89356,8,11169.5,0.8884228187919463,0.029865771812080538,Medium
Toyota Noah Hybrid x 2022,Toyota,Noah,Automatic,Hybrid,3950000,2022,1800.0,22174,4,5543.5,0.8884228187919463,0.10671140939597315,High
Toyota Noah Non hybrid-3.5 POINT 2020,Toyota,Noah,Automatic,"Petrol, Octane",3500000,2020,2000.0,68298,6,11383.0,0.8884228187919463,0.10671140939597315,High
Toyota Hiace Original GL 2020,Toyota,Hiace,Automatic,"Petrol, Octane",3520000,2020,2000.0,92673,6,15445.5,0.8884228187919463,0.09429530201342282,High
Toyota Noah x 3.5 silver hyb 2020,Toyota,Noah,Automatic,"Petrol, Hybrid, Octane",3520000,2020,1800.0,68000,6,11333.333333333334,0.8884228187919463,0.10671140939597315,High
Toyota Hiace dx silver GP 4 2021,Toyota,Hiace,Automatic,"Petrol, Octane",3380000,2021,2000.0,96000,5,19200.0,0.8884228187919463,0.09429530201342282,Medium
Toyota Hiace gl 3.5 black 2020,Toyota,Hiace,Automatic,"Petrol, Octane",3620000,2020,2000.0,98000,6,16333.333333333334,0.8884228187919463,0.09429530201342282,High
Toyota Corolla Cross z leather pkg HYB 2022,Toyota,Corolla Cross,Automatic,"Petrol, Hybrid, Octane",4740000,2022,1800.0,46000,4,11500.0,0.8884228187919463,0.07097315436241611,Luxury
Toyota Fielder ex HYB silver 2020,Toyota,Fielder,Automatic,"Petrol, Hybrid, Octane",2320000,2020,1500.0,98000,6,16333.333333333334,0.8884228187919463,0.057885906040268456,Low
Toyota Passo G OctanePush Start 2011,Toyota,Passo,Automatic,Octane,1185000,2011,1320.0,68000,15,4533.333333333333,0.8884228187919463,0.0038590604026845637,Low
Toyota Prius S TOURING MODELISTA 2018,Toyota,Prius,Automatic,Hybrid,2900000,2018,1800.0,93418,8,11677.25,0.8884228187919463,0.029865771812080538,Medium
Toyota Axio Hybrid Ex Package 2020,Toyota,Axio,Automatic,Hybrid,2290000,2020,1500.0,80365,6,13394.166666666666,0.8884228187919463,0.10939597315436242,Low
Toyota Hiace Original GL 2020,Toyota,Hiace,Automatic,"Petrol, Octane",3620000,2020,2000.0,88256,6,14709.333333333334,0.8884228187919463,0.09429530201342282,High
Toyota Axio Non hybrid 2020,Toyota,Axio,Automatic,"Petrol, Octane",2600000,2020,1500.0,89354,6,14892.333333333334,0.8884228187919463,0.10939597315436242,Medium
Toyota Corolla G-X HYB pearl 4 2020,Toyota,Corolla,Automatic,"Petrol, Electric, Octane",2800000,2020,1800.0,78000,6,13000.0,0.8884228187919463,0.04848993288590604,Medium
Toyota Corolla wxb HYB pearl 2021,Toyota,Corolla,Automatic,"Petrol, Hybrid, Octane",3300000,2021,1800.0,93000,5,18600.0,0.8884228187919463,0.04848993288590604,Medium
Toyota Hiace SUPER GL 2020,Toyota,Hiace,Automatic,"Petrol, Octane",3950000,2020,2000.0,70359,6,11726.5,0.8884228187919463,0.09429530201342282,High
Toyota Noah Non hybrid 2020,Toyota,Noah,Automatic,"Petrol, Octane",3450000,2020,1800.0,80351,6,13391.833333333334,0.8884228187919463,0.10671140939597315,High
Toyota Noah Non Hyb key 1Dpw 4pt 2020,Toyota,Noah,Automatic,"Octane, Other fuel type",3500000,2020,2000.0,60156,6,10026.0,0.8884228187919463,0.10671140939597315,High
Toyota Corolla Cross Z leather hyb 4.5pt 2022,Toyota,Corolla Cross,Automatic,"Hybrid, Octane",4740000,2022,1800.0,45123,4,11280.75,0.8884228187919463,0.07097315436241611,Luxury
Toyota Fielder Ex pkg hyb push 4pt 2020,Toyota,Fielder,Automatic,"Hybrid, Octane",2320000,2020,1500.0,90639,6,15106.5,0.8884228187919463,0.057885906040268456,Low
Toyota Axio Ex pkg Hyb push 4pt 2020,Toyota,Axio,Manual,"Hybrid, Octane",2420000,2020,1500.0,80321,6,13386.833333333334,0.8884228187919463,0.10939597315436242,Medium
Toyota Axio Ex Hyb push 3.5pt 2020,Toyota,Axio,Automatic,"Hybrid, Octane",2250000,2020,1500.0,152383,6,25397.166666666668,0.8884228187919463,0.10939597315436242,Low
Toyota Fielder Ex Non Hybrid Push 2020,Toyota,Fielder,Automatic,"Octane, Other fuel type",2650000,2020,1500.0,91533,6,15255.5,0.8884228187919463,0.057885906040268456,Medium
Toyota Prius S touring 4pt 2018,Toyota,Prius,Automatic,"Hybrid, Octane",2900000,2018,1800.0,82888,8,10361.0,0.8884228187919463,0.029865771812080538,Medium
Toyota Hiace Gl Dual AC key 2020,Toyota,Hiace,Automatic,"Octane, Other fuel type",3330000,2020,2000.0,85691,6,14281.833333333334,0.8884228187919463,0.09429530201342282,Medium
Toyota Fielder Non hybrid Ex push 2020,Toyota,Fielder,Automatic,"Petrol, Octane",2600000,2020,1500.0,82560,6,13760.0,0.8884228187919463,0.057885906040268456,Medium
Toyota Corolla Cross Z LEATHER 4.5 POINT 2022,Toyota,Corolla Cross,Automatic,Hybrid,4760000,2022,1800.0,45981,4,11495.25,0.8884228187919463,0.07097315436241611,Luxury
Toyota Fielder Hybrid Ex Package 2020,Toyota,Fielder,Automatic,Hybrid,2280000,2020,1500.0,70813,6,11802.166666666666,0.8884228187919463,0.057885906040268456,Low
Toyota Axio Non hybrid Ex push 2020,Toyota,Axio,Automatic,"Petrol, Octane",2600000,2020,1500.0,81471,6,13578.5,0.8884228187919463,0.10939597315436242,Medium
Toyota Hiace Original GL 2020,Toyota,Hiace,Automatic,"Petrol, Octane",3540000,2020,2000.0,77390,6,12898.333333333334,0.8884228187919463,0.09429530201342282,High
Toyota Hiace SUPER GL 2020,Toyota,Hiace,Automatic,"Petrol, Octane",4080000,2020,2000.0,81570,6,13595.0,0.8884228187919463,0.09429530201342282,High
Toyota Noah Hybrid 2020,Toyota,Noah,Automatic,Hybrid,3100000,2020,1800.0,77245,6,12874.166666666666,0.8884228187919463,0.10671140939597315,Medium
Toyota Fielder Ex Hybrid Grade- 4 2020,Toyota,Fielder,Automatic,Hybrid,2320000,2020,1500.0,89462,6,14910.333333333334,0.8884228187919463,0.057885906040268456,Low
Toyota Esquire Gi Premium Hybrid 2020,Toyota,Esquire,Automatic,Hybrid,3800000,2020,1800.0,79351,6,13225.166666666666,0.8884228187919463,0.05855704697986577,High
Toyota Esquire Non hybrid 2020,Toyota,Esquire,Automatic,"Petrol, Octane",3980000,2020,2000.0,88241,6,14706.833333333334,0.8884228187919463,0.05855704697986577,High
Toyota Hiace ambulance white 2020,Toyota,Hiace,Automatic,"Petrol, Octane",2970000,2020,2000.0,147000,6,24500.0,0.8884228187919463,0.09429530201342282,Medium
Toyota Axio Non HybridGrade- 4 2020,Toyota,Axio,Automatic,"Petrol, Octane",2680000,2020,1500.0,75289,6,12548.166666666666,0.8884228187919463,0.10939597315436242,Medium
Toyota Esquire Gi Premium Hybrid 2020,Toyota,Esquire,Automatic,Hybrid,3740000,2020,1800.0,82618,6,13769.666666666666,0.8884228187919463,0.05855704697986577,High
Toyota Noah G 4 POINT 1 DOOR PWR 2020,Toyota,Noah,Automatic,"Petrol, Hybrid, Octane",3200000,2020,1800.0,57000,6,9500.0,0.8884228187919463,0.10671140939597315,Medium
Toyota Corolla Cross Z package 2023,Toyota,Corolla Cross,Automatic,"Hybrid, Octane",4870000,2023,1800.0,46000,3,15333.333333333334,0.8884228187919463,0.07097315436241611,Luxury
Toyota Prius S TOURING SELECTION 2020,Toyota,Prius,Automatic,"Hybrid, Octane",2980000,2020,1800.0,74125,6,12354.166666666666,0.8884228187919463,0.029865771812080538,Medium
Toyota Hiace DX DUAL AC READY 2020,Toyota,Hiace,Automatic,Octane,3280000,2020,2000.0,80124,6,13354.0,0.8884228187919463,0.09429530201342282,Medium
Toyota Axio NON HYBRID EX PUSH 2020,Toyota,Axio,Automatic,Octane,2580000,2020,1500.0,69284,6,11547.333333333334,0.8884228187919463,0.10939597315436242,Medium
Toyota Noah X SMART PUSH NON HYB 2020,Toyota,Noah,Automatic,Octane,3880000,2020,1800.0,22000,6,3666.6666666666665,0.8884228187919463,0.10671140939597315,High
Toyota Axio EX PUSH HV READY 2020,Toyota,Axio,Automatic,"Hybrid, Octane",2270000,2020,1500.0,63253,6,10542.166666666666,0.8884228187919463,0.10939597315436242,Low
Toyota Hiace GL NEW SHAPE 2020,Toyota,Hiace,Automatic,Octane,3280000,2020,2000.0,63217,6,10536.166666666666,0.8884228187919463,0.09429530201342282,Medium
Toyota Hiace GL DUAL AC READY 2020,Toyota,Hiace,Automatic,Octane,3390000,2020,2000.0,59865,6,9977.5,0.8884228187919463,0.09429530201342282,High
Toyota Noah Hybrid SI WXB V-2 2021,Toyota,Noah,Automatic,"Petrol, Hybrid, Octane",3500000,2021,1800.0,40000,5,8000.0,0.8884228187919463,0.10671140939597315,High
Toyota Noah SIWXB Pearl 2020,Toyota,Noah,Automatic,"Petrol, Hybrid, Octane",3870000,2020,1800.0,62500,6,10416.666666666666,0.8884228187919463,0.10671140939597315,High
Toyota Hiace Ambulance HIGH ROOF 2020,Toyota,Hiace,Automatic,Octane,3000000,2020,2000.0,75769,6,12628.166666666666,0.8884228187919463,0.09429530201342282,Medium
Honda Insight HYBRID LX PUSH 2021,Honda,Insight,Automatic,Hybrid,3650000,2021,1800.0,123321,5,24664.2,0.0424496644295302,0.015100671140939598,High
Toyota Noah NON HV ONE DOOR PWR 2021,Toyota,Noah,Automatic,Octane,3600000,2021,2000.0,107323,5,21464.6,0.8884228187919463,0.10671140939597315,High
Toyota Axio EX HYBRID-UNIT 2020,Toyota,Axio,Automatic,Hybrid,2350000,2020,1500.0,114833,6,19138.833333333332,0.8884228187919463,0.10939597315436242,Medium
Toyota Prado LAND CRUISER 2021,Toyota,Prado,Automatic,Octane,16800000,2021,2700.0,24542,5,4908.4,0.8884228187919463,0.013926174496644295,Luxury
Toyota Esquire HYBRID GI PREMIUM 2020,Toyota,Esquire,Automatic,Hybrid,3850000,2020,1800.0,63872,6,10645.333333333334,0.8884228187919463,0.05855704697986577,High
Toyota Fielder HYBRID EX PUSH START 2020,Toyota,Fielder,Automatic,Hybrid,2450000,2020,1500.0,88762,6,14793.666666666666,0.8884228187919463,0.057885906040268456,Medium
Toyota Axio EX PUSH START NON HV 2020,Toyota,Axio,Automatic,Octane,2600000,2020,1500.0,207653,6,34608.833333333336,0.8884228187919463,0.10939597315436242,Medium
Toyota Harrier PREMIUM OLD SHAPE 2020,Toyota,Harrier,Automatic,Octane,6550000,2020,2000.0,54762,6,9127.0,0.8884228187919463,0.03976510067114094,Luxury
Toyota Esquire HYBRID GI PREMIUM 2020,Toyota,Esquire,Automatic,Hybrid,3850000,2020,1800.0,63524,6,10587.333333333334,0.8884228187919463,0.05855704697986577,High
Toyota Esquire HYBRID GI PREMIUM 2020,Toyota,Esquire,Automatic,Hybrid,3950000,2020,1800.0,77653,6,12942.166666666666,0.8884228187919463,0.05855704697986577,High
Toyota Esquire GI PREMIUM-PUSH 2020,Toyota,Esquire,Automatic,Hybrid,3850000,2020,1800.0,69874,6,11645.666666666666,0.8884228187919463,0.05855704697986577,High
Toyota Axio hybrid push start ex 2020,Toyota,Axio,Automatic,Hybrid,2350000,2020,1500.0,114654,6,19109.0,0.8884228187919463,0.10939597315436242,Medium
Toyota Fielder EX PUSH START HV 2020,Toyota,Fielder,Automatic,Hybrid,2450000,2020,1500.0,88225,6,14704.166666666666,0.8884228187919463,0.057885906040268456,Medium
Toyota Allion All Power 2004,Toyota,Allion,Automatic,"Octane, LPG",1280000,2004,1500.0,78595,22,3572.5,0.8884228187919463,0.03120805369127517,Low
Honda Insight Hybrid EX 2021,Honda,Insight,Automatic,Hybrid,38500000,2021,1500.0,45220,5,9044.0,0.0424496644295302,0.015100671140939598,Luxury
Toyota Corolla HYBRID 2021,Toyota,Corolla,Automatic,Hybrid,2400000,2021,1800.0,36542,5,7308.4,0.8884228187919463,0.04848993288590604,Medium
Toyota Aqua Hybrid B 2021,Toyota,Aqua,Automatic,Hybrid,1950000,2021,1500.0,48365,5,9673.0,0.8884228187919463,0.015771812080536914,Low
Toyota RAV4 Hybrid G 2022,Toyota,RAV4,Automatic,Hybrid,6850000,2022,2500.0,47621,4,11905.25,0.8884228187919463,0.009731543624161074,Luxury
Toyota Fielder hybrid 2020,Toyota,Fielder,Automatic,"Petrol, Hybrid, Octane",2150000,2020,1500.0,53264,6,8877.333333333334,0.8884228187919463,0.057885906040268456,Low
Toyota Harrier Hybrid 2020,Toyota,Harrier,Automatic,Hybrid,6450000,2020,2500.0,65242,6,10873.666666666666,0.8884228187919463,0.03976510067114094,Luxury
Toyota Aqua hybrid 2020,Toyota,Aqua,Automatic,"Petrol, Hybrid, Octane",1720000,2020,1500.0,56384,6,9397.333333333334,0.8884228187919463,0.015771812080536914,Low
Toyota Axio hybrid 2020,Toyota,Axio,Automatic,"Petrol, Hybrid, Octane",2150000,2020,1500.0,53264,6,8877.333333333334,0.8884228187919463,0.10939597315436242,Low
Toyota Axio HYBRID 2020,Toyota,Axio,Automatic,Hybrid,2150000,2020,1500.0,45623,6,7603.833333333333,0.8884228187919463,0.10939597315436242,Low
Toyota Noah X Key Nonhybrid 2DP 2021,Toyota,Noah,Automatic,"Petrol, Octane",3800000,2021,2000.0,78500,5,15700.0,0.8884228187919463,0.10671140939597315,High
Toyota RAV4 Non Hybrid X pearl 2020,Toyota,RAV4,Automatic,Petrol,6450000,2020,2000.0,69000,6,11500.0,0.8884228187919463,0.009731543624161074,Luxury
Toyota Allion A-15 2004,Toyota,Allion,Automatic,"Octane, LPG",1450000,2004,1500.0,76000,22,3454.5454545454545,0.8884228187919463,0.03120805369127517,Low
Toyota Allion 2011,Toyota,Allion,Automatic,"Octane, LPG",2099999,2011,1500.0,75000,15,5000.0,0.8884228187919463,0.03120805369127517,Low
Toyota Corolla X New Fresh 2004,Toyota,Corolla,Automatic,"Octane, LPG",1280000,2004,1500.0,68000,22,3090.909090909091,0.8884228187919463,0.04848993288590604,Low
Toyota Premio FL Push 4.5 Grade 2020,Toyota,Premio,Automatic,"Petrol, Octane",4150000,2020,1500.0,56000,6,9333.333333333334,0.8884228187919463,0.05285234899328859,High
Toyota Esquire GI 2021,Toyota,Esquire,Automatic,Hybrid,3400000,2021,2000.0,80000,5,16000.0,0.8884228187919463,0.05855704697986577,High
Toyota Corolla WXB-PKG 2020,Toyota,Corolla,Automatic,"Hybrid, Octane",3575000,2020,1790.0,42344,6,7057.333333333333,0.8884228187919463,0.04848993288590604,High
Toyota Premio F Push Start 2014,Toyota,Premio,Automatic,"CNG, Octane",2650000,2014,1500.0,78216,12,6518.0,0.8884228187919463,0.05285234899328859,Medium
Toyota Allion A15 2009,Toyota,Allion,Automatic,"Octane, LPG",1950000,2009,1500.0,61000,17,3588.235294117647,0.8884228187919463,0.03120805369127517,Low
Toyota Fielder HYBRID PUSH UNIT 2020,Toyota,Fielder,Automatic,Hybrid,2400000,2020,1500.0,88365,6,14727.5,0.8884228187919463,0.057885906040268456,Medium
Toyota Prius A TOURING SELECTION 2020,Toyota,Prius,Automatic,"Petrol, Hybrid, Octane",3380000,2020,1800.0,51000,6,8500.0,0.8884228187919463,0.029865771812080538,Medium
Nissan X-Trail 2012,Nissan,X-Trail,Automatic,"Octane, LPG",1950000,2017,2000.0,85800,9,9533.333333333334,0.02365771812080537,0.015436241610738255,Low
Toyota Axio X Limited 2008,Toyota,Axio,Automatic,"CNG, Octane",1395000,2008,1500.0,92000,18,5111.111111111111,0.8884228187919463,0.10939597315436242,Low
Toyota Axio EX PKG 4.0 WHITE 2020,Toyota,Axio,Automatic,Octane,2900000,2020,1500.0,34282,6,5713.666666666667,0.8884228187919463,0.10939597315436242,Medium
Toyota Allion G PUSH 2020,Toyota,Allion,Automatic,"Petrol, Octane",3870000,2020,1500.0,55000,6,9166.666666666666,0.8884228187919463,0.03120805369127517,High
Toyota Aqua Mica Blue ColorY 2020,Toyota,Aqua,Automatic,"Petrol, Hybrid, Octane",1950000,2020,1500.0,75120,6,12520.0,0.8884228187919463,0.015771812080536914,Low
Toyota Aqua XG Pearl Pre-Order 2021,Toyota,Aqua,Automatic,"Petrol, Hybrid, Octane",2100000,2021,1500.0,122000,5,24400.0,0.8884228187919463,0.015771812080536914,Low
Honda Vezel RS Non Hybrid 2016,Honda,Vezel,Automatic,Octane,2450000,2016,1500.0,74218,10,7421.8,0.0424496644295302,0.006711409395973154,Medium
Toyota Hiace SUPER GL 2020,Toyota,Hiace,Automatic,"Petrol, Octane",4300000,2020,2000.0,67748,6,11291.333333333334,0.8884228187919463,0.09429530201342282,High
Toyota Crown RS ADVANCE 2022,Toyota,Crown,Automatic,"Hybrid, Octane",12000000,2022,2400.0,14574,4,3643.5,0.8884228187919463,0.00587248322147651,Luxury
Toyota Yaris Cross Z HYBRID 2020,Toyota,Yaris Cross,Automatic,"Petrol, Hybrid, Octane",3450000,2020,1500.0,62500,6,10416.666666666666,0.8884228187919463,0.02097315436241611,High
Toyota Yaris Cross HYBRID 360 CAM 2021,Toyota,Yaris Cross,Automatic,"Petrol, Hybrid, Octane",3500000,2021,1500.0,42510,5,8502.0,0.8884228187919463,0.02097315436241611,High
Nissan X-Trail E.B. PKG HYBRID 360 2020,Nissan,X-Trail,Automatic,"Petrol, Hybrid, Octane",3800000,2020,2000.0,510013,6,85002.16666666667,0.02365771812080537,0.015436241610738255,High
Lexus RX 500H F-SPORT 2023,Lexus,RX,Automatic,"Petrol, Hybrid, Octane",20500000,2023,2400.0,1334,3,444.6666666666667,0.0068791946308724835,0.0028523489932885905,Luxury
Toyota Corolla TOURING DOUBLE BIBEE 2020,Toyota,Corolla,Automatic,Hybrid,2825000,2020,1800.0,111000,6,18500.0,0.8884228187919463,0.04848993288590604,Medium
Toyota C-HR G.M.NERO READY CAR 2020,Toyota,C-HR,Automatic,"Petrol, Hybrid, Octane",3400000,2020,1800.0,51013,6,8502.166666666666,0.8884228187919463,0.027181208053691275,High
Toyota RAV4 Hybrid 2022,Toyota,RAV4,Automatic,"Petrol, Hybrid, Octane",8500000,2022,2500.0,19510,4,4877.5,0.8884228187919463,0.009731543624161074,Luxury
"Toyota Corolla Cross G , BRONZE COLOR 2022",Toyota,Corolla Cross,Automatic,Hybrid,4195000,2022,1800.0,40097,4,10024.25,0.8884228187919463,0.07097315436241611,High
Toyota Premio F Key Silver 2020,Toyota,Premio,Automatic,"Petrol, Octane",3880000,2020,1500.0,45000,6,7500.0,0.8884228187919463,0.05285234899328859,High
Toyota Prius A Premium Pearl 2020,Toyota,Prius,Automatic,"Hybrid, Octane",3100000,2020,1800.0,81000,6,13500.0,0.8884228187919463,0.029865771812080538,Medium
Toyota Corolla Cross Z Leather Bronze 2020,Toyota,Corolla Cross,Automatic,Hybrid,4390000,2020,1800.0,33000,6,5500.0,0.8884228187919463,0.07097315436241611,High
Toyota Noah X Smart Non Push 2021,Toyota,Noah,Automatic,"Petrol, Octane",3950000,2021,2000.0,122000,5,24400.0,0.8884228187919463,0.10671140939597315,High
Toyota Voxy Zs Kiramik Sunroof 2020,Toyota,Voxy,Automatic,"Petrol, Octane",5350000,2020,2000.0,21000,6,3500.0,0.8884228187919463,0.027348993288590605,Luxury
Toyota Premio F-EX Package 2020,Toyota,Premio,Automatic,Octane,4750000,2020,1490.0,100822,6,16803.666666666668,0.8884228187919463,0.05285234899328859,Luxury
Toyota Prius STS-PKG 2021,Toyota,Prius,Automatic,"Hybrid, Octane",3850000,2021,1790.0,64780,5,12956.0,0.8884228187919463,0.029865771812080538,High
Toyota Corolla Cross Z-PKG 2023,Toyota,Corolla Cross,Automatic,"Hybrid, Octane",4975000,2023,1790.0,42093,3,14031.0,0.8884228187919463,0.07097315436241611,Luxury
Toyota Noah Z-PKG 2022,Toyota,Noah,Automatic,"Hybrid, Octane",5250000,2022,1790.0,29647,4,7411.75,0.8884228187919463,0.10671140939597315,Luxury
Toyota Corolla Cross Z-PKG 2023,Toyota,Corolla Cross,Automatic,"Hybrid, Octane",5350000,2023,1790.0,34918,3,11639.333333333334,0.8884228187919463,0.07097315436241611,Luxury
Honda CR-V 2018,Honda,CR-V,Automatic,Octane,4490000,2018,1500.0,39000,8,4875.0,0.0424496644295302,0.011241610738255034,Luxury
Toyota Hiace Super GL Grey Color 2020,Toyota,Hiace,Automatic,Petrol,4350000,2020,2000.0,84000,6,14000.0,0.8884228187919463,0.09429530201342282,High
Toyota Noah X 1 DOOR PWR 2020,Toyota,Noah,Automatic,"Petrol, Hybrid, Octane",3050000,2020,1800.0,87100,6,14516.666666666666,0.8884228187919463,0.10671140939597315,Medium
Toyota RAV4 2004,Toyota,RAV4,Automatic,Octane,1400000,2009,1800.0,85000,17,5000.0,0.8884228187919463,0.009731543624161074,Low
Toyota Axio EX PKG 2021 PATROL,Toyota,Axio,Automatic,Petrol,3120000,2021,1500.0,123000,5,24600.0,0.8884228187919463,0.10939597315436242,Medium
Toyota Corolla G X HYBRID 2020,Toyota,Corolla,Automatic,Hybrid,2950000,2020,1800.0,67000,6,11166.666666666666,0.8884228187919463,0.04848993288590604,Medium
Toyota Corolla Cross Z Leather Low Price 2021,Toyota,Corolla Cross,Automatic,"Petrol, Hybrid, Octane",4450000,2021,1800.0,7,5,1.4,0.8884228187919463,0.07097315436241611,Luxury
Toyota Land Cruiser TX-L 2023,Toyota,Land Cruiser,Automatic,"Petrol, Octane",18300000,2023,2700.0,1555,3,518.3333333333334,0.8884228187919463,0.008557046979865772,Luxury
Toyota Hiace aa a2a.aa. aaaaaaaaRaaaaY 2020,Toyota,Hiace,Automatic,"Petrol, Octane",3200000,2020,2000.0,97000,6,16166.666666666666,0.8884228187919463,0.09429530201342282,Medium
Toyota Noah X PUSH NONHY 2DP 2021,Toyota,Noah,Automatic,"Petrol, Octane",3970000,2021,2000.0,93203,5,18640.6,0.8884228187919463,0.10671140939597315,High
Mitsubishi Lancer EX ONLY OCTANE 2010,Mitsubishi,Lancer,Automatic,Octane,1480000,2010,1500.0,66000,16,4125.0,0.012583892617449664,0.002181208053691275,Low
MG ZS Almost New 2022,MG,ZS,Automatic,Octane,2350000,2022,1500.0,17695,4,4423.75,0.001174496644295302,0.0005033557046979866,Medium
Toyota Sienta G Package 2020,Toyota,Sienta,Automatic,"Hybrid, Octane",3300000,2020,1490.0,65175,6,10862.5,0.8884228187919463,0.009228187919463088,Medium
Toyota Axio Hybrid 2020,Toyota,Axio,Automatic,"Hybrid, Octane",2200000,2020,1500.0,80472,6,13412.0,0.8884228187919463,0.10939597315436242,Low
Toyota Fielder Hybrid 2020,Toyota,Fielder,Automatic,"Hybrid, Octane",2160000,2020,1500.0,82587,6,13764.5,0.8884228187919463,0.057885906040268456,Low
Toyota Yaris GREADYSHOWROOM 2020,Toyota,Yaris,Automatic,"Petrol, Hybrid, Octane",2320000,2020,1500.0,86000,6,14333.333333333334,0.8884228187919463,0.003355704697986577,Low
Honda Insight EX 3.5 POINT 2020,Honda,Insight,Automatic,"Petrol, Hybrid, Octane",3330000,2020,1500.0,105000,6,17500.0,0.0424496644295302,0.015100671140939598,Medium
Toyota Harrier HV Z PKG MOONROOF 2021,Toyota,Harrier,Automatic,Hybrid,7700000,2021,2500.0,14321,5,2864.2,0.8884228187919463,0.03976510067114094,Luxury
Toyota Fielder NON HYBRID UNIT 2020,Toyota,Fielder,Automatic,Octane,2650000,2020,1500.0,125432,6,20905.333333333332,0.8884228187919463,0.057885906040268456,Medium
Toyota Hiace PUSH START SUPER GL 2020,Toyota,Hiace,Automatic,Octane,4300000,2020,2000.0,75432,6,12572.0,0.8884228187919463,0.09429530201342282,High
Toyota Yaris Cross  31 2020,Toyota,Yaris Cross,Automatic,"Petrol, Hybrid, Octane",3320000,2020,1500.0,71000,6,11833.333333333334,0.8884228187919463,0.02097315436241611,Medium
Toyota Fielder EXREADYSHOAROOM 2020,Toyota,Fielder,Automatic,"Petrol, Hybrid, Octane",2270000,2020,1500.0,36749,6,6124.833333333333,0.8884228187919463,0.057885906040268456,Low
Toyota Axio Hybrid EX READY 2020,Toyota,Axio,Automatic,"Petrol, Hybrid, Octane",2200000,2020,1500.0,71794,6,11965.666666666666,0.8884228187919463,0.10939597315436242,Low
Nissan Bluebird sylphy 2006,Nissan,Bluebird,Automatic,"CNG, Octane",1200000,2006,1500.0,75000,20,3750.0,0.02365771812080537,0.002181208053691275,Low
Toyota Noah SI WXB NON HYBRID 4 2020,Toyota,Noah,Automatic,"Petrol, Octane",4250000,2020,2000.0,63000,6,10500.0,0.8884228187919463,0.10671140939597315,High
Toyota Aqua S Pkg Black 2020,Toyota,Aqua,Automatic,Hybrid,1990000,2020,1500.0,86000,6,14333.333333333334,0.8884228187919463,0.015771812080536914,Low
Toyota Fielder Non hybrid Ex push 2020,Toyota,Fielder,Automatic,"Petrol, Octane",2580000,2020,1500.0,89250,6,14875.0,0.8884228187919463,0.057885906040268456,Medium
Toyota Fielder Hybrid 4 Grade 2020,Toyota,Fielder,Automatic,Hybrid,2320000,2020,1500.0,89261,6,14876.833333333334,0.8884228187919463,0.057885906040268456,Low
Toyota Hiace super gl white 2020,Toyota,Hiace,Automatic,"Petrol, Octane",4050000,2020,2000.0,58000,6,9666.666666666666,0.8884228187919463,0.09429530201342282,High
Toyota Corolla Cross Z Leather Ready 2022,Toyota,Corolla Cross,Automatic,"Hybrid, Octane",4400000,2022,1800.0,20000,4,5000.0,0.8884228187919463,0.07097315436241611,High
Toyota Noah Hybrid S-Z 2023,Toyota,Noah,Automatic,"Petrol, Hybrid, Octane",5250000,2023,1800.0,53000,3,17666.666666666668,0.8884228187919463,0.10671140939597315,Luxury
Toyota Noah X KEY Nonhybrid 1DP 2020,Toyota,Noah,Automatic,"Petrol, Octane",3450000,2020,2000.0,92000,6,15333.333333333334,0.8884228187919463,0.10671140939597315,High
Toyota Harrier Z Leather 2020,Toyota,Harrier,Automatic,Hybrid,7290006,2020,2500.0,77000,6,12833.333333333334,0.8884228187919463,0.03976510067114094,Luxury
Toyota Harrier Octane 2020,Toyota,Harrier,Automatic,Octane,8050000,2020,2000.0,34000,6,5666.666666666667,0.8884228187919463,0.03976510067114094,Luxury
Toyota Noah S - Z 2023,Toyota,Noah,Automatic,Hybrid,5700000,2023,1800.0,58000,3,19333.333333333332,0.8884228187919463,0.10671140939597315,Luxury
Toyota Corolla Cross Black 2022,Toyota,Corolla Cross,Automatic,"Hybrid, Octane",4600000,2022,1800.0,48754,4,12188.5,0.8884228187919463,0.07097315436241611,Luxury
Toyota Yaris Cross READY 2020,Toyota,Yaris Cross,Automatic,"Petrol, Hybrid, Octane",3450000,2020,1500.0,47500,6,7916.666666666667,0.8884228187919463,0.02097315436241611,High
Toyota Esquire GI PKG NON HYBRID 2020,Toyota,Esquire,Automatic,"Petrol, Octane",4750000,2020,2000.0,27013,6,4502.166666666667,0.8884228187919463,0.05855704697986577,Luxury
Toyota Voxy S-Z HYBRID-PKG 2022,Toyota,Voxy,Automatic,"Petrol, Hybrid, Octane",5150000,2022,1800.0,47745,4,11936.25,0.8884228187919463,0.027348993288590605,Luxury
Toyota Harrier Z Leather Non-Hybrid 2020,Toyota,Harrier,Automatic,"Petrol, Octane",7700000,2020,2000.0,66000,6,11000.0,0.8884228187919463,0.03976510067114094,Luxury
Toyota Corolla Cross Z-PKG 2022,Toyota,Corolla Cross,Automatic,"Hybrid, Octane",4725000,2022,1790.0,29681,4,7420.25,0.8884228187919463,0.07097315436241611,Luxury
Toyota Esquire GI-PKG 2021,Toyota,Esquire,Automatic,"Hybrid, Octane",4350000,2021,1790.0,78341,5,15668.2,0.8884228187919463,0.05855704697986577,High
Toyota Esquire GI-PKG 2020,Toyota,Esquire,Automatic,"Hybrid, Octane",4050000,2020,1790.0,59456,6,9909.333333333334,0.8884228187919463,0.05855704697986577,High
Toyota Esquire GI-PKG 2021,Toyota,Esquire,Automatic,"Hybrid, Octane",4300000,2021,1790.0,61710,5,12342.0,0.8884228187919463,0.05855704697986577,High
Toyota Axio EX-Package 2020,Toyota,Axio,Automatic,Octane,3125000,2020,1490.0,33315,6,5552.5,0.8884228187919463,0.10939597315436242,Medium
Toyota Corolla Cross Z-PKG 2025,Toyota,Corolla Cross,Automatic,"Hybrid, Octane",5750000,2025,1790.0,11978,1,11978.0,0.8884228187919463,0.07097315436241611,Luxury
Toyota Esquire GI OCTEN 48000KM 2020,Toyota,Esquire,Automatic,Octane,4249999,2020,2000.0,48000,6,8000.0,0.8884228187919463,0.05855704697986577,High
Toyota Harrier ZLP Package 2022,Toyota,Harrier,Automatic,Octane,9700000,2022,1980.0,36158,4,9039.5,0.8884228187919463,0.03976510067114094,Luxury
Toyota Axio EX PACKAGE 2020,Toyota,Axio,Automatic,"Petrol, Hybrid, Octane",2500000,2020,1500.0,29000,6,4833.333333333333,0.8884228187919463,0.10939597315436242,Medium
Toyota Axio EX PKG HYB 4 POINT 2020,Toyota,Axio,Automatic,Hybrid,2450000,2020,1500.0,67000,6,11166.666666666666,0.8884228187919463,0.10939597315436242,Medium
Toyota Noah G NON HYB 360CAMERA 2022,Toyota,Noah,Automatic,Octane,5650000,2022,2000.0,22000,4,5500.0,0.8884228187919463,0.10671140939597315,Luxury
Toyota Harrier ZLP-PKG 2020,Toyota,Harrier,Automatic,Octane,8550000,2020,1980.0,29574,6,4929.0,0.8884228187919463,0.03976510067114094,Luxury
Toyota Noah SI-WXB II-PKG 2020,Toyota,Noah,Automatic,Octane,4800000,2020,1980.0,47530,6,7921.666666666667,0.8884228187919463,0.10671140939597315,Luxury
Toyota Harrier EX-PKG 2020,Toyota,Harrier,Automatic,"Hybrid, Octane",3350000,2020,1490.0,44119,6,7353.166666666667,0.8884228187919463,0.03976510067114094,Medium
Toyota Axio EX LED LIMITED PKG 2020,Toyota,Axio,Automatic,"Petrol, Octane",3580000,2020,1500.0,22000,6,3666.6666666666665,0.8884228187919463,0.10939597315436242,High
Toyota Crown RS Advance-pkg 2018,Toyota,Crown,Automatic,"Hybrid, Octane",7700000,2018,2490.0,19799,8,2474.875,0.8884228187919463,0.00587248322147651,Luxury
Toyota Voxy hybrid 2022,Toyota,Voxy,Automatic,"Petrol, Hybrid, Octane",4400000,2022,1800.0,54786,4,13696.5,0.8884228187919463,0.027348993288590605,High
Toyota Premio F-EX Pearl Ready 2021,Toyota,Premio,Automatic,"Petrol, Octane",4780000,2021,1500.0,45000,5,9000.0,0.8884228187919463,0.05285234899328859,Luxury
Toyota Hiace GL Silver 4 Point 2020,Toyota,Hiace,Automatic,Petrol,3470000,2020,2000.0,64100,6,10683.333333333334,0.8884228187919463,0.09429530201342282,High
Toyota Noah Non hybrid 2020,Toyota,Noah,Automatic,"Petrol, Octane",3450000,2020,2000.0,81462,6,13577.0,0.8884228187919463,0.10671140939597315,High
Toyota Sienta G Package 2020,Toyota,Sienta,Automatic,"Hybrid, Octane",2480000,2020,1500.0,25831,6,4305.166666666667,0.8884228187919463,0.009228187919463088,Medium
Toyota Axio Hybrid Ex Package 2020,Toyota,Axio,Automatic,Hybrid,2200000,2020,1500.0,88356,6,14726.0,0.8884228187919463,0.10939597315436242,Low
Toyota Hiace DX DUAL AC 2020,Toyota,Hiace,Automatic,Octane,3220000,2020,2000.0,75263,6,12543.833333333334,0.8884228187919463,0.09429530201342282,Medium
Honda CR-V EX Master 2020,Honda,CR-V,Automatic,Octane,5950000,2020,1800.0,46985,6,7830.833333333333,0.0424496644295302,0.011241610738255034,Luxury
Toyota Hiace DX SMART PACKAGE 2021,Toyota,Hiace,Automatic,Octane,3350000,2021,2000.0,83125,5,16625.0,0.8884228187919463,0.09429530201342282,Medium
Toyota Voxy Dhaka ready 2020,Toyota,Voxy,Automatic,Octane,3600000,2020,1800.0,47250,6,7875.0,0.8884228187919463,0.027348993288590605,High
Toyota Prius A PKG 4 GRD 2020,Toyota,Prius,Automatic,"Petrol, Hybrid, Octane",3350000,2020,1800.0,70000,6,11666.666666666666,0.8884228187919463,0.029865771812080538,Medium
Toyota Harrier NON HYBRID Z LEATHER 2020,Toyota,Harrier,Automatic,"Petrol, Octane",8000000,2020,2000.0,25000,6,4166.666666666667,0.8884228187919463,0.03976510067114094,Luxury
Toyota Yaris Cross HYBRID Z-LEATHER 2021,Toyota,Yaris Cross,Automatic,"Petrol, Hybrid, Octane",2930000,2021,1500.0,45000,5,9000.0,0.8884228187919463,0.02097315436241611,Medium
Toyota Harrier Z Leather JBL360 2020,Toyota,Harrier,Automatic,"Petrol, Octane",7880000,2020,2000.0,46000,6,7666.666666666667,0.8884228187919463,0.03976510067114094,Luxury
Toyota Harrier Z-LEATHER NON-HY JBL 2020,Toyota,Harrier,Automatic,"Petrol, Octane",8400000,2020,2000.0,5901,6,983.5,0.8884228187919463,0.03976510067114094,Luxury
Toyota Esquire Gi Premium Non-HV 2020,Toyota,Esquire,Automatic,"Petrol, Octane",4500000,2020,2000.0,80413,6,13402.166666666666,0.8884228187919463,0.05855704697986577,Luxury
Toyota Noah X PUSH Offer Price 2020,Toyota,Noah,Automatic,"Petrol, Hybrid, Octane",3150000,2020,1800.0,91000,6,15166.666666666666,0.8884228187919463,0.10671140939597315,Medium
Toyota Yaris Cross Z Leather Body Kit 2021,Toyota,Yaris Cross,Automatic,"Petrol, Hybrid, Octane",3480000,2021,1500.0,103240,5,20648.0,0.8884228187919463,0.02097315436241611,High
Toyota Hiace DX Dual Ac HeaterboX 2020,Toyota,Hiace,Automatic,"Petrol, Octane",3500000,2020,2000.0,65245,6,10874.166666666666,0.8884228187919463,0.09429530201342282,High
Toyota Fielder EX PUSH HV READY 2020,Toyota,Fielder,Automatic,"Hybrid, Octane",2360000,2020,1500.0,54213,6,9035.5,0.8884228187919463,0.057885906040268456,Medium
Toyota Yaris Cross Dhaka Ready 2021,Toyota,Yaris Cross,Automatic,"Hybrid, Octane",3500000,2021,1500.0,48521,5,9704.2,0.8884228187919463,0.02097315436241611,High
Honda Insight EX PKG PORT READY 2021,Honda,Insight,Automatic,"Diesel, Octane",4400000,2021,1500.0,37013,5,7402.6,0.0424496644295302,0.015100671140939598,High
Lexus RX 300 F SPORTS 2022,Lexus,RX,Automatic,"Petrol, Octane",15000000,2022,2000.0,34013,4,8503.25,0.0068791946308724835,0.0028523489932885905,Luxury
Toyota Corolla Cross Dhaka Ready 2022,Toyota,Corolla Cross,Automatic,"Hybrid, Octane",4600000,2022,1800.0,36825,4,9206.25,0.8884228187919463,0.07097315436241611,Luxury
Lexus RX300 ...F SPORTS 2022,Lexus,RX300,Automatic,"Petrol, Octane",15000000,2022,2000.0,36007,4,9001.75,0.0068791946308724835,0.001174496644295302,Luxury
Toyota Corolla Cross Z..READY.... 2022,Toyota,Corolla Cross,Automatic,"Petrol, Hybrid, Octane",4800000,2022,1800.0,36000,4,9000.0,0.8884228187919463,0.07097315436241611,Luxury
Honda Insight EX- STYLISH HYBRID 2021,Honda,Insight,Automatic,"Petrol, Hybrid, Octane",4300000,2021,1500.0,54000,5,10800.0,0.0424496644295302,0.015100671140939598,High
Toyota Raize Z Z..READY..360ACam 2021,Toyota,Raize Z,Automatic,"Petrol, Hybrid, Octane",3600000,2021,1200.0,8729,5,1745.8,0.8884228187919463,0.0013422818791946308,High
Toyota Sienta G Cuero Package 2020,Toyota,Sienta,Automatic,"Hybrid, Octane",3250000,2020,1490.0,79345,6,13224.166666666666,0.8884228187919463,0.009228187919463088,Medium
Toyota Voxy Hybrid S-Z 2023,Toyota,Voxy,Automatic,"Petrol, Hybrid, Octane",5800000,2023,1800.0,19510,3,6503.333333333333,0.8884228187919463,0.027348993288590605,Luxury
Toyota Auris G Gundam Edition 2013,Toyota,Auris,Automatic,Octane,1980000,2013,1500.0,77243,13,5941.7692307692305,0.8884228187919463,0.0006711409395973154,Low
Honda Insight Ex 2020,Honda,Insight,Automatic,Hybrid,3900000,2020,1500.0,87000,6,14500.0,0.0424496644295302,0.015100671140939598,High
Toyota Harrier ZLP-PKG 2021,Toyota,Harrier,Automatic,Octane,8850000,2021,1980.0,51568,5,10313.6,0.8884228187919463,0.03976510067114094,Luxury
Toyota C-HR G-PKG 2020,Toyota,C-HR,Automatic,"Hybrid, Octane",3700000,2020,1790.0,38739,6,6456.5,0.8884228187919463,0.027181208053691275,High
Toyota Aqua S STYLE PKG 2020,Toyota,Aqua,Automatic,Hybrid,1950000,2020,1500.0,116000,6,19333.333333333332,0.8884228187919463,0.015771812080536914,Low
Toyota Corolla Cross Z LEATHER BRAND NEW 2024,Toyota,Corolla Cross,Automatic,Hybrid,5550001,2024,1800.0,6,2,3.0,0.8884228187919463,0.07097315436241611,Luxury
Toyota Corolla Cross Z PKG BRAND NEW 2025,Toyota,Corolla Cross,Automatic,Hybrid,58000000,2025,1800.0,9,1,9.0,0.8884228187919463,0.07097315436241611,Luxury
Toyota Corolla Cross Z LEATHER BRAND NEW 2024,Toyota,Corolla Cross,Automatic,Hybrid,5549999,2024,1800.0,5,2,2.5,0.8884228187919463,0.07097315436241611,Luxury
Toyota Axio EX-PKG 2020,Toyota,Axio,Automatic,Octane,3150000,2020,1490.0,30805,6,5134.166666666667,0.8884228187919463,0.10939597315436242,Medium
Toyota Axio EX-PKG 2020,Toyota,Axio,Automatic,Octane,3125000,2020,1490.0,25726,6,4287.666666666667,0.8884228187919463,0.10939597315436242,Medium
Toyota Noah GL Low Floor 2006,Toyota,Noah,Automatic,"CNG, Octane",1000000,2006,1800.0,91000,20,4550.0,0.8884228187919463,0.10671140939597315,Low
Toyota Corolla Altis Gl-i 2017,Toyota,Corolla,Automatic,Octane,2445000,2017,1598.0,55000,9,6111.111111111111,0.8884228187919463,0.04848993288590604,Medium
Toyota Noah GI Hybrid 2014,Toyota,Noah,Automatic,"Hybrid, Octane",2150000,2014,1800.0,70254,12,5854.5,0.8884228187919463,0.10671140939597315,Low
Toyota Esquire GI 2014,Toyota,Esquire,Automatic,"Hybrid, Octane",2250000,2014,1800.0,28000,12,2333.3333333333335,0.8884228187919463,0.05855704697986577,Low
Toyota Belta 2011,Toyota,Belta,Automatic,Octane,975000,2016,1000.0,97000,10,9700.0,0.8884228187919463,0.00016778523489932885,Low
Toyota Noah SI WXB 4.5 POINT 2020,Toyota,Noah,Automatic,"Petrol, Hybrid, Octane",3650000,2020,1800.0,88000,6,14666.666666666666,0.8884228187919463,0.10671140939597315,High
Toyota Yaris Cross XPKGREADYSHOWROOM 2022,Toyota,Yaris Cross,Automatic,"Petrol, Hybrid, Octane",3400000,2022,1500.0,79653,4,19913.25,0.8884228187919463,0.02097315436241611,High
Toyota Corolla Cross Hybrid 2021,Toyota,Corolla Cross,Automatic,Hybrid,3850000,2021,1800.0,48526,5,9705.2,0.8884228187919463,0.07097315436241611,High
Toyota Harrier HYBRID 2021,Toyota,Harrier,Automatic,"Petrol, Hybrid, Octane, Other fuel type",5800000,2021,2500.0,70000,5,14000.0,0.8884228187919463,0.03976510067114094,Luxury
Nissan Bluebird sylphy 2006,Nissan,Bluebird,Automatic,"CNG, Octane",1080000,2006,1500.0,89000,20,4450.0,0.02365771812080537,0.002181208053691275,Low
Toyota Noah XI NON HYBRID SILVER 2020,Toyota,Noah,Automatic,"Petrol, Octane",3490000,2020,2000.0,87630,6,14605.0,0.8884228187919463,0.10671140939597315,High
Toyota Noah SI WXB HYBRID AP 4 2020,Toyota,Noah,Automatic,"Petrol, Octane",3780000,2020,2000.0,33087,6,5514.5,0.8884228187919463,0.10671140939597315,High
Toyota Axio EX PUSH SAFTY SENSE 2020,Toyota,Axio,Automatic,"Hybrid, Octane",2560000,2020,1500.0,51000,6,8500.0,0.8884228187919463,0.10939597315436242,Medium
Toyota Axio EX PUSH SAFTY SENSE 2020,Toyota,Axio,Automatic,"Hybrid, Octane",2570000,2020,1500.0,44000,6,7333.333333333333,0.8884228187919463,0.10939597315436242,Medium
Toyota Axio EX PUSH SAFTY SENSE 2020,Toyota,Axio,Automatic,"Hybrid, Octane",2540000,2020,1500.0,47000,6,7833.333333333333,0.8884228187919463,0.10939597315436242,Medium
Toyota Prius A PREMIUM BLACK AP-4 2020,Toyota,Prius,Automatic,Hybrid,3350000,2020,1800.0,56350,6,9391.666666666666,0.8884228187919463,0.029865771812080538,Medium
Toyota Hiace GL SUPER WHITE 2020,Toyota,Hiace,Automatic,Petrol,3450000,2020,2000.0,55000,6,9166.666666666666,0.8884228187919463,0.09429530201342282,High
Toyota Axio EX PUSH SAFTY SENSE 2020,Toyota,Axio,Automatic,"Hybrid, Octane",2560000,2020,1500.0,43000,6,7166.666666666667,0.8884228187919463,0.10939597315436242,Medium
Toyota Axio EX PUSH SAFTY SENSE 2020,Toyota,Axio,Automatic,"Hybrid, Octane",2570000,2020,1500.0,36000,6,6000.0,0.8884228187919463,0.10939597315436242,Medium
Toyota Axio EX PUSH SAFTY SENSE 2020,Toyota,Axio,Automatic,"Hybrid, Octane",2480000,2020,1500.0,78000,6,13000.0,0.8884228187919463,0.10939597315436242,Medium
Toyota Axio EX PUSH SAFTY SENSE 2020,Toyota,Axio,Automatic,"Hybrid, Octane",2380000,2020,1500.0,82000,6,13666.666666666666,0.8884228187919463,0.10939597315436242,Medium
Toyota Axio EX PUSH SAFTY SENSE 2020,Toyota,Axio,Automatic,"Hybrid, Octane",2530000,2020,1500.0,64000,6,10666.666666666666,0.8884228187919463,0.10939597315436242,Medium
Toyota Axio EX PUSH SAFTY SENSE 2020,Toyota,Axio,Automatic,"Hybrid, Octane",2570000,2020,1500.0,28000,6,4666.666666666667,0.8884228187919463,0.10939597315436242,Medium
Toyota Axio EX PUSH SAFTY SENSE 2020,Toyota,Axio,Automatic,"Hybrid, Octane",2470000,2020,1500.0,72000,6,12000.0,0.8884228187919463,0.10939597315436242,Medium
Toyota Hiace Super GL Dark Prime2 2021,Toyota,Hiace,Automatic,Petrol,4880000,2021,2000.0,80800,5,16160.0,0.8884228187919463,0.09429530201342282,Luxury
Toyota Noah x 2021,Toyota,Noah,Automatic,Octane,4000000,2021,2000.0,60000,5,12000.0,0.8884228187919463,0.10671140939597315,High
Toyota Harrier Petrol Z pkg Pearl 2020,Toyota,Harrier,Automatic,Petrol,7950000,2020,2000.0,46000,6,7666.666666666667,0.8884228187919463,0.03976510067114094,Luxury
Toyota Corolla Cross Z Bronze 5 Point 2023,Toyota,Corolla Cross,Automatic,Hybrid,5260000,2023,1800.0,28900,3,9633.333333333334,0.8884228187919463,0.07097315436241611,Luxury
Toyota Harrier Z Pearl 4.59500 km 2020,Toyota,Harrier,Automatic,Petrol,8380000,2020,2000.0,9500,6,1583.3333333333333,0.8884228187919463,0.03976510067114094,Luxury
Toyota Corolla Cross Z LEATHER HYBRID 2024,Toyota,Corolla Cross,Automatic,"Petrol, Hybrid, Octane",5550000,2024,1800.0,1025,2,512.5,0.8884228187919463,0.07097315436241611,Luxury
Toyota Noah Hybrid G Wine Color 2021,Toyota,Noah,Automatic,Hybrid,3790000,2021,1800.0,33000,5,6600.0,0.8884228187919463,0.10671140939597315,High
Toyota Corolla Touring hyb black 4 2020,Toyota,Corolla,Automatic,"Petrol, Hybrid, Octane",2700000,2020,1800.0,110000,6,18333.333333333332,0.8884228187919463,0.04848993288590604,Medium
Toyota Hiace SUPER GL 2020,Toyota,Hiace,Automatic,"Petrol, Octane",4050000,2020,2000.0,73590,6,12265.0,0.8884228187919463,0.09429530201342282,High
Toyota Noah Hybrid 2 Door power 2021,Toyota,Noah,Automatic,Hybrid,3500000,2021,1800.0,77250,5,15450.0,0.8884228187919463,0.10671140939597315,High
Toyota Noah Non hybrid 2020,Toyota,Noah,Automatic,"Petrol, Octane",3480000,2020,2000.0,68241,6,11373.5,0.8884228187919463,0.10671140939597315,High
Toyota Hiace GL 2020,Toyota,Hiace,Automatic,"Petrol, Octane",3340000,2020,2000.0,81590,6,13598.333333333334,0.8884228187919463,0.09429530201342282,Medium
Toyota Hiace Original GL 2020,Toyota,Hiace,Automatic,"Petrol, Octane",3600000,2020,2000.0,71460,6,11910.0,0.8884228187919463,0.09429530201342282,High
Toyota Fielder HYBRID PUSH- 4 POINT 2020,Toyota,Fielder,Automatic,Hybrid,2320000,2020,1500.0,89243,6,14873.833333333334,0.8884228187919463,0.057885906040268456,Low
Toyota Noah Nonhybrid push 2 D.P 2020,Toyota,Noah,Automatic,"Petrol, Octane",3780000,2020,2000.0,79251,6,13208.5,0.8884228187919463,0.10671140939597315,High
Toyota Esquire Gi premium package 2020,Toyota,Esquire,Automatic,Hybrid,3620000,2020,1800.0,224801,6,37466.833333333336,0.8884228187919463,0.05855704697986577,High
Toyota Hiace SUPER GL 2020,Toyota,Hiace,Automatic,"Petrol, Octane",4000000,2020,2000.0,71253,6,11875.5,0.8884228187919463,0.09429530201342282,High
Toyota Fielder aaa1aaaaaaa 2020,Toyota,Fielder,Automatic,"Petrol, Octane",2670000,2020,1500.0,84265,6,14044.166666666666,0.8884228187919463,0.057885906040268456,Medium
Toyota Noah G-Hybrid a2aaaa a-aaoa 2020,Toyota,Noah,Automatic,Hybrid,1200000,2020,1800.0,79341,6,13223.5,0.8884228187919463,0.10671140939597315,Low
Toyota Fielder Ex hybrid push 4pt 2020,Toyota,Fielder,Automatic,"Hybrid, Octane",2320000,2020,1500.0,80236,6,13372.666666666666,0.8884228187919463,0.057885906040268456,Low
Toyota Noah aaa1aaaaaaa 2020,Toyota,Noah,Automatic,"Petrol, Octane",3500000,2020,2000.0,74251,6,12375.166666666666,0.8884228187919463,0.10671140939597315,High
Toyota Noah Non hyb 1Dp key 3.5p 2020,Toyota,Noah,Automatic,"Octane, Other fuel type",3500000,2020,2000.0,60420,6,10070.0,0.8884228187919463,0.10671140939597315,High
Toyota Noah Octen key 2Dp 3.5pt 2019,Toyota,Noah,Automatic,"Octane, Other fuel type",3420000,2019,1500.0,63450,7,9064.285714285714,0.8884228187919463,0.10671140939597315,High
Toyota Fielder Non Hyb push 3.5pt 2020,Toyota,Fielder,Automatic,"Octane, Other fuel type",2650000,2020,1500.0,85645,6,14274.166666666666,0.8884228187919463,0.057885906040268456,Medium
Toyota Axio Ex hybrid push 4pt 2020,Toyota,Axio,Automatic,"Octane, Other fuel type",2750000,2020,1500.0,81645,6,13607.5,0.8884228187919463,0.10939597315436242,Medium
Toyota Noah Hybrid 2 Door power 2020,Toyota,Noah,Automatic,Hybrid,3320000,2020,1800.0,79327,6,13221.166666666666,0.8884228187919463,0.10671140939597315,Medium
Toyota Esquire Gi Premium Hybrid 2020,Toyota,Esquire,Automatic,Hybrid,3700000,2020,1800.0,89146,6,14857.666666666666,0.8884228187919463,0.05855704697986577,High
Toyota Corolla Cross Z LEATHER MODELLISTA 2022,Toyota,Corolla Cross,Automatic,Hybrid,4750000,2022,1800.0,44981,4,11245.25,0.8884228187919463,0.07097315436241611,Luxury
Toyota Axio Hybrid Ex Package 2020,Toyota,Axio,Automatic,Hybrid,2330000,2020,1500.0,81529,6,13588.166666666666,0.8884228187919463,0.10939597315436242,Low
Toyota Noah Non hybrid 2020,Toyota,Noah,Automatic,"Petrol, Octane",3450000,2020,2000.0,80246,6,13374.333333333334,0.8884228187919463,0.10671140939597315,High
Toyota Hiace SUPER GL DARK PRIME 2023,Toyota,Hiace,Automatic,"Petrol, Octane",4820000,2023,2000.0,68024,3,22674.666666666668,0.8884228187919463,0.09429530201342282,Luxury
Toyota Esquire Gi package Hybrid 2020,Toyota,Esquire,Automatic,Hybrid,3630000,2020,1800.0,79351,6,13225.166666666666,0.8884228187919463,0.05855704697986577,High
Toyota Noah Non hybrid 2020,Toyota,Noah,Automatic,"Petrol, Octane",3600000,2020,2000.0,78351,6,13058.5,0.8884228187919463,0.10671140939597315,High
Toyota Prius S TOURNG BDY KIT 4 P 2018,Toyota,Prius,Automatic,"Petrol, Hybrid, Octane",2750000,2018,1500.0,118000,8,14750.0,0.8884228187919463,0.029865771812080538,Medium
Toyota Esquire GI PKG 4.0 BLACK 2020,Toyota,Esquire,Automatic,"Hybrid, Octane",3800000,2020,1800.0,93750,6,15625.0,0.8884228187919463,0.05855704697986577,High
Toyota Premio F-EX PKG 3.5 WINE 2020,Toyota,Premio,Automatic,Octane,4750000,2020,1500.0,9149,6,1524.8333333333333,0.8884228187919463,0.05285234899328859,Luxury
Mitsubishi l200 2022,Mitsubishi,l200,Manual,Diesel,5995000,2023,2500.0,18000,3,6000.0,0.012583892617449664,0.0015100671140939597,Luxury
Honda CR-V Octane 2011,Honda,CR-V,Automatic,Octane,2280000,2011,2000.0,37378,15,2491.866666666667,0.0424496644295302,0.011241610738255034,Low
Mitsubishi Pajero Sunroof 2004,Mitsubishi,Pajero,Automatic,Octane,1950000,2004,3000.0,70900,22,3222.7272727272725,0.012583892617449664,0.0041946308724832215,Low
Toyota Noah Si 2010,Toyota,Noah,Automatic,Octane,2150000,2010,2000.0,75300,16,4706.25,0.8884228187919463,0.10671140939597315,Low
Mitsubishi Pajero Progoti 2014,Mitsubishi,Pajero,Manual,Diesel,3350000,2014,2500.0,67500,12,5625.0,0.012583892617449664,0.0041946308724832215,Medium
Mitsubishi l200 Double Cabin 2022,Mitsubishi,l200,Manual,Diesel,6550000,2022,2500.0,18150,4,4537.5,0.012583892617449664,0.0015100671140939597,Luxury
Mitsubishi l200 Double Cabin 2007,Mitsubishi,l200,Manual,"CNG, Octane",650000,2007,2000.0,100000,19,5263.1578947368425,0.012583892617449664,0.0015100671140939597,Low
Toyota Harrier Advance premium 2014,Toyota,Harrier,Automatic,Octane,4450000,2014,2000.0,53000,12,4416.666666666667,0.8884228187919463,0.03976510067114094,Luxury
Nissan X-Trail UK VERSION 2021,Nissan,X-Trail,Automatic,Octane,4850000,2021,1500.0,29000,5,5800.0,0.02365771812080537,0.015436241610738255,Luxury
Mitsubishi l200 Double Cabin Pickup 2005,Mitsubishi,l200,Manual,Diesel,850000,2005,2500.0,100000,21,4761.9047619047615,0.012583892617449664,0.0015100671140939597,Low
Toyota Voxy ZS Kirameki 2 ready 2020,Toyota,Voxy,Automatic,"Hybrid, Octane",3550000,2020,2000.0,67859,6,11309.833333333334,0.8884228187919463,0.027348993288590605,High
Toyota Fielder EX PUSH HV READY 2020,Toyota,Fielder,Automatic,"Hybrid, Octane",2400000,2020,1500.0,53142,6,8857.0,0.8884228187919463,0.057885906040268456,Medium
Toyota Corolla Cross G 2022,Toyota,Corolla Cross,Automatic,Octane,4240000,2022,1800.0,57369,4,14342.25,0.8884228187919463,0.07097315436241611,High
Toyota Noah X-Smart Push Start 2020,Toyota,Noah,Automatic,"Hybrid, Octane",3950000,2020,2000.0,67964,6,11327.333333333334,0.8884228187919463,0.10671140939597315,High
Toyota Axio NON HYBRID EX PUSH 2020,Toyota,Axio,Automatic,Octane,2570000,2020,1500.0,72896,6,12149.333333333334,0.8884228187919463,0.10939597315436242,Medium
Toyota Hiace GL DUAL AC READY 2021,Toyota,Hiace,Automatic,Octane,3480000,2021,2000.0,41985,5,8397.0,0.8884228187919463,0.09429530201342282,High
Toyota Yaris Cross Z Leather 4 Grade 2021,Toyota,Yaris Cross,Automatic,"Petrol, Hybrid, Octane",3350000,2021,1500.0,81240,5,16248.0,0.8884228187919463,0.02097315436241611,Medium
Toyota Corolla Cross Z-LEATHER HYBRID 2021,Toyota,Corolla Cross,Automatic,"Hybrid, Octane",4240000,2021,1800.0,67452,5,13490.4,0.8884228187919463,0.07097315436241611,High
Toyota Axio EX NON HYBRID READY 2020,Toyota,Axio,Manual,Octane,2580000,2020,1500.0,73962,6,12327.0,0.8884228187919463,0.10939597315436242,Medium
Toyota Axio G Hybrid 2013,Toyota,Axio,Automatic,"Hybrid, Octane",1430000,2013,1500.0,126000,13,9692.307692307691,0.8884228187919463,0.10939597315436242,Low
Toyota Prius S Touring Selection 2021,Toyota,Prius,Automatic,"Petrol, Hybrid, Octane",3300000,2021,1800.0,86120,5,17224.0,0.8884228187919463,0.029865771812080538,Medium
Toyota Premio F-L Package 2020,Toyota,Premio,Automatic,Octane,4450000,2020,1490.0,66131,6,11021.833333333334,0.8884228187919463,0.05285234899328859,Luxury
Toyota Hiace DX 2020,Toyota,Hiace,Automatic,"Petrol, Octane",3230000,2020,2000.0,102000,6,17000.0,0.8884228187919463,0.09429530201342282,Medium
Toyota Axio Non Hybrid 2020,Toyota,Axio,Automatic,Octane,2590000,2020,1500.0,104000,6,17333.333333333332,0.8884228187919463,0.10939597315436242,Medium
Toyota Hiace Super GL 2020,Toyota,Hiace,Automatic,"Petrol, Octane",4140000,2020,2000.0,96542,6,16090.333333333334,0.8884228187919463,0.09429530201342282,High
Toyota Hiace DX 2020,Toyota,Hiace,Automatic,"Petrol, Octane",3220000,2020,2000.0,92635,6,15439.166666666666,0.8884228187919463,0.09429530201342282,Medium
Toyota Noah 2020 Hybrid,Toyota,Noah,Automatic,"Hybrid, Octane",3120000,2020,1800.0,86000,6,14333.333333333334,0.8884228187919463,0.10671140939597315,Medium
Toyota Axio 2020 Hybrid,Toyota,Axio,Automatic,"Hybrid, Octane",2220000,2020,1500.0,82000,6,13666.666666666666,0.8884228187919463,0.10939597315436242,Low
Toyota Aqua Hybrid 2020,Toyota,Aqua,Automatic,"Hybrid, Octane",2050000,2020,1500.0,90321,6,15053.5,0.8884228187919463,0.015771812080536914,Low
Toyota Corolla S Hybrid 2020,Toyota,Corolla,Automatic,"Hybrid, Octane",2860000,2020,1800.0,62352,6,10392.0,0.8884228187919463,0.04848993288590604,Medium
Toyota Fielder Non Hybrid 2020,Toyota,Fielder,Automatic,Octane,2620000,2020,1500.0,102000,6,17000.0,0.8884228187919463,0.057885906040268456,Medium
Toyota Axio Hybrid Ex 2020,Toyota,Axio,Automatic,"Hybrid, Octane",2170000,2020,1500.0,90358,6,15059.666666666666,0.8884228187919463,0.10939597315436242,Low
Toyota Hiace SUPER GL DARK PRIME2 2021,Toyota,Hiace,Automatic,"Petrol, Octane",4680000,2021,2000.0,70000,5,14000.0,0.8884228187919463,0.09429530201342282,Luxury
Toyota Yaris Cross HYBRID Z BROWN 360. 2021,Toyota,Yaris Cross,Automatic,"Petrol, Hybrid, Octane",3280000,2021,1500.0,39035,5,7807.0,0.8884228187919463,0.02097315436241611,Medium
Toyota Esquire Hybrid GI Premium 2020,Toyota,Esquire,Automatic,"Petrol, Hybrid, Octane",4250000,2020,1800.0,57233,6,9538.833333333334,0.8884228187919463,0.05855704697986577,High
Toyota Corolla WXB Hybrid Peral 2021,Toyota,Corolla,Automatic,"Petrol, Hybrid, Octane",3450000,2021,1800.0,4000,5,800.0,0.8884228187919463,0.04848993288590604,High
Toyota Hiace DARK PRIME SUPER GL 2020,Toyota,Hiace,Automatic,Octane,4400000,2020,2000.0,44198,6,7366.333333333333,0.8884228187919463,0.09429530201342282,High
Toyota Crown G READY SHOWROOM 2020,Toyota,Crown,Automatic,"Petrol, Hybrid, Octane",7300000,2020,2500.0,80060,6,13343.333333333334,0.8884228187919463,0.00587248322147651,Luxury
Toyota Esquire GI PREMIUM MICA BLUE 2020,Toyota,Esquire,Automatic,"Petrol, Hybrid, Octane",4100000,2020,1800.0,71000,6,11833.333333333334,0.8884228187919463,0.05855704697986577,High
Toyota Corolla Cross Z Black Full Option 2024,Toyota,Corolla Cross,Automatic,Hybrid,5490000,2024,1800.0,11000,2,5500.0,0.8884228187919463,0.07097315436241611,Luxury
Toyota Voxy HYBRID 2020,Toyota,Voxy,Automatic,Hybrid,2900000,2020,1800.0,64775,6,10795.833333333334,0.8884228187919463,0.027348993288590605,Medium
Toyota Fielder EX HYBRID PUSH 2020,Toyota,Fielder,Automatic,"Petrol, Hybrid, Octane",2200000,2020,1500.0,78410,6,13068.333333333334,0.8884228187919463,0.057885906040268456,Low
Toyota Yaris Cross HY Z LEATHER 4 AP 2020,Toyota,Yaris Cross,Automatic,"Petrol, Hybrid, Octane",3580000,2020,1500.0,53000,6,8833.333333333334,0.8884228187919463,0.02097315436241611,High
Toyota Hiace GL DUAL AC 2020,Toyota,Hiace,Automatic,"Petrol, Octane",3350000,2020,2000.0,65810,6,10968.333333333334,0.8884228187919463,0.09429530201342282,Medium
Toyota Premio F-Ex Power Seat 2020,Toyota,Premio,Automatic,"Petrol, Octane",4650000,2020,1500.0,101487,6,16914.5,0.8884228187919463,0.05285234899328859,Luxury
Toyota Esquire Gi Premium Pearl 2020,Toyota,Esquire,Automatic,"Petrol, Hybrid, Octane",3870000,2020,1800.0,28452,6,4742.0,0.8884228187919463,0.05855704697986577,High
Toyota Premio F 4 Point BB 2020,Toyota,Premio,Automatic,"Petrol, Octane",3850000,2020,1500.0,98000,6,16333.333333333334,0.8884228187919463,0.05285234899328859,High
Toyota Axio Ex Pkg hybrid Gp-4 2020,Toyota,Axio,Automatic,"Petrol, Hybrid, Octane",2250000,2020,1500.0,78065,6,13010.833333333334,0.8884228187919463,0.10939597315436242,Low
Toyota Hiace Super GL Dark-2 2022,Toyota,Hiace,Automatic,"Petrol, Octane",4300000,2022,2000.0,32000,4,8000.0,0.8884228187919463,0.09429530201342282,High
Toyota Hiace SUPER GL DARK PRIM 2 2022,Toyota,Hiace,Automatic,"CNG, Octane, LPG",4600000,2022,2000.0,57000,4,14250.0,0.8884228187919463,0.09429530201342282,Luxury
Toyota Noah S-Z Pkg Fully Loaded 2022,Toyota,Noah,Automatic,"Petrol, Hybrid",5000000,2022,1800.0,23800,4,5950.0,0.8884228187919463,0.10671140939597315,Luxury
Toyota Yaris Cross G Pkg 360Camera 2021,Toyota,Yaris Cross,Automatic,"Petrol, Hybrid, Octane",3350000,2021,1500.0,78125,5,15625.0,0.8884228187919463,0.02097315436241611,Medium
Toyota Raize Z PKG-360 2021,Toyota,Raize Z,Automatic,"Petrol, Hybrid, Octane",3600000,2021,1200.0,6778,5,1355.6,0.8884228187919463,0.0013422818791946308,High
Toyota Corolla Cross Z LEATHER PANAROMIC 2022,Toyota,Corolla Cross,Automatic,"Petrol, Hybrid, Octane",4999000,2022,1800.0,42540,4,10635.0,0.8884228187919463,0.07097315436241611,Luxury
"Toyota Harrier Z LEATHER , NON HY 2020",Toyota,Harrier,Automatic,"Petrol, Octane",7700000,2020,2000.0,48526,6,8087.666666666667,0.8884228187919463,0.03976510067114094,Luxury
Toyota Noah NON HYBRID X UNIT 2020,Toyota,Noah,Automatic,Octane,3750000,2020,2000.0,109873,6,18312.166666666668,0.8884228187919463,0.10671140939597315,High
Toyota Corolla Cross Z HARDTOP READY DK 2022,Toyota,Corolla Cross,Automatic,"Petrol, Hybrid, Octane",4800000,2022,1800.0,46000,4,11500.0,0.8884228187919463,0.07097315436241611,Luxury
Toyota Yaris Cross Z READY SHOWROOM 2021,Toyota,Yaris Cross,Automatic,"Petrol, Hybrid, Octane",3580000,2021,1500.0,82000,5,16400.0,0.8884228187919463,0.02097315436241611,High
Honda Insight LX PUSH HYBRID PKG 2021,Honda,Insight,Automatic,Hybrid,3550000,2021,1500.0,123874,5,24774.8,0.0424496644295302,0.015100671140939598,High
Toyota Hiace SUPER GL DARK PRIME2 2021,Toyota,Hiace,Automatic,"Petrol, Octane",4900000,2021,2000.0,20000,5,4000.0,0.8884228187919463,0.09429530201342282,Luxury
Toyota Corolla Cross Z HARDTOP 2022,Toyota,Corolla Cross,Automatic,"Petrol, Hybrid, Octane",4800000,2022,1800.0,30000,4,7500.0,0.8884228187919463,0.07097315436241611,Luxury
Toyota Esquire GI PREMIUM UNIT 2020,Toyota,Esquire,Automatic,Hybrid,3700000,2020,1800.0,63564,6,10594.0,0.8884228187919463,0.05855704697986577,High
Toyota Axio EX NON HYBRID 2021,Toyota,Axio,Automatic,"Petrol, Octane",3150000,2021,1500.0,83000,5,16600.0,0.8884228187919463,0.10939597315436242,Medium
Toyota Hiace SUPER GL DARK PRIME2 2022,Toyota,Hiace,Automatic,"Petrol, Octane",4900000,2022,2000.0,41000,4,10250.0,0.8884228187919463,0.09429530201342282,Luxury
Toyota Esquire GI PREMIUM PUSH UNIT 2020,Toyota,Esquire,Automatic,Hybrid,3700000,2020,1800.0,97653,6,16275.5,0.8884228187919463,0.05855704697986577,High
Toyota Premio . f DH. 2020,Toyota,Premio,Automatic,"Petrol, Octane",3850000,2020,1500.0,74596,6,12432.666666666666,0.8884228187919463,0.05285234899328859,High
Toyota Alphard HV-EXECUIVE LOUNGE 2020,Toyota,Alphard,Automatic,Hybrid,10600000,2020,2500.0,37625,6,6270.833333333333,0.8884228187919463,0.0050335570469798654,Luxury
Toyota Harrier HYBRID Z 2021,Toyota,Harrier,Automatic,Hybrid,7650000,2021,2500.0,14987,5,2997.4,0.8884228187919463,0.03976510067114094,Luxury
Toyota Fielder HYBRID EX PUSH 2020,Toyota,Fielder,Automatic,Hybrid,2450000,2020,1500.0,88764,6,14794.0,0.8884228187919463,0.057885906040268456,Medium
Toyota Hiace aaaaa.aaaaaaaR SUPER GL 2020,Toyota,Hiace,Automatic,"Petrol, Octane",4270000,2020,2000.0,69000,6,11500.0,0.8884228187919463,0.09429530201342282,High
Toyota Corolla Cross HV Z HARDTOP UNIT 2021,Toyota,Corolla Cross,Automatic,Hybrid,4450000,2021,1800.0,44321,5,8864.2,0.8884228187919463,0.07097315436241611,Luxury
Toyota Yaris Cross Z LEATHER 4.5 POINT 2020,Toyota,Yaris Cross,Automatic,"Petrol, Octane",3450000,2020,1500.0,71000,6,11833.333333333334,0.8884228187919463,0.02097315436241611,High
Toyota Axio EX 2021,Toyota,Axio,Automatic,"Petrol, Hybrid, Octane",2780000,2021,1500.0,53000,5,10600.0,0.8884228187919463,0.10939597315436242,Medium
Toyota Fielder Hybrid EX 2021,Toyota,Fielder,Automatic,"Petrol, Hybrid, Octane",2250000,2021,1500.0,85000,5,17000.0,0.8884228187919463,0.057885906040268456,Low
Toyota Aqua 2020,Toyota,Aqua,Automatic,Hybrid,1700000,2020,1500.0,45452,6,7575.333333333333,0.8884228187919463,0.015771812080536914,Low
Toyota Axio Hybrid EX 2020,Toyota,Axio,Automatic,Hybrid,2200000,2020,1500.0,54541,6,9090.166666666666,0.8884228187919463,0.10939597315436242,Low
Toyota Corolla Cross Hybrid Z 2025,Toyota,Corolla Cross,Automatic,"Petrol, Hybrid, Octane",6100000,2025,1800.0,50000,1,50000.0,0.8884228187919463,0.07097315436241611,Luxury
Toyota Voxy Hybrid ZS READY 2020,Toyota,Voxy,Automatic,"Petrol, Hybrid, Octane",3250000,2020,1800.0,72405,6,12067.5,0.8884228187919463,0.027348993288590605,Medium
Toyota Axio NON Hybrid EX 2020,Toyota,Axio,Automatic,"Petrol, Octane",2450000,2020,1500.0,58832,6,9805.333333333334,0.8884228187919463,0.10939597315436242,Medium
Toyota Axio Hybrid EX READY 2020,Toyota,Axio,Automatic,"Petrol, Hybrid, Octane",2200000,2020,1500.0,68945,6,11490.833333333334,0.8884228187919463,0.10939597315436242,Low
Toyota Corolla HYBRID 2020,Toyota,Corolla,Automatic,Hybrid,2350000,2020,1800.0,78956,6,13159.333333333334,0.8884228187919463,0.04848993288590604,Medium
Toyota Esquire Hybrid 2020,Toyota,Esquire,Automatic,Hybrid,3450000,2020,1800.0,56525,6,9420.833333333334,0.8884228187919463,0.05855704697986577,High
Toyota Yaris Cross Hybrid 2021,Toyota,Yaris Cross,Automatic,Hybrid,2950000,2021,1500.0,23654,5,4730.8,0.8884228187919463,0.02097315436241611,Medium
Toyota Esquire HYBRID 2020,Toyota,Esquire,Automatic,Hybrid,3300000,2020,1800.0,74565,6,12427.5,0.8884228187919463,0.05855704697986577,Medium
Toyota C-HR hybrid 2021,Toyota,C-HR,Automatic,"Petrol, Hybrid, Octane",3050000,2021,1800.0,53264,5,10652.8,0.8884228187919463,0.027181208053691275,Medium
Toyota Esquire Xi NON-HYBRID PEARL 2020,Toyota,Esquire,Automatic,"Petrol, Octane",4050000,2020,2000.0,141000,6,23500.0,0.8884228187919463,0.05855704697986577,High
Toyota Corolla WXB HYBRID GRAY 2021,Toyota,Corolla,Automatic,"Petrol, Hybrid, Octane",3100000,2021,1800.0,57000,5,11400.0,0.8884228187919463,0.04848993288590604,Medium
Toyota Voxy S-Z HYBRID NEW SHAPE 2023,Toyota,Voxy,Automatic,"Petrol, Hybrid, Octane",5580000,2023,1800.0,13997,3,4665.666666666667,0.8884228187919463,0.027348993288590605,Luxury
Toyota Voxy S-Z PKG FULL LOAD 2023,Toyota,Voxy,Automatic,Hybrid,5580000,2023,1800.0,14000,3,4666.666666666667,0.8884228187919463,0.027348993288590605,Luxury
Toyota Axio silver 2013,Toyota,Axio,Automatic,"CNG, Octane",1680000,2013,1500.0,75000,13,5769.2307692307695,0.8884228187919463,0.10939597315436242,Low
Toyota Premio push start 2010,Toyota,Premio,Automatic,"CNG, Octane",1950000,2010,1500.0,78000,16,4875.0,0.8884228187919463,0.05285234899328859,Low
Toyota Noah X SMART WHITE AP 4 2020,Toyota,Noah,Automatic,Hybrid,3050000,2020,1800.0,98360,6,16393.333333333332,0.8884228187919463,0.10671140939597315,Medium
Toyota Hiace SUPER GL -PEARL 2020,Toyota,Hiace,Automatic,Petrol,4150000,2020,2000.0,98500,6,16416.666666666668,0.8884228187919463,0.09429530201342282,High
Toyota Premio FL LED PEARL AP 4.5 2020,Toyota,Premio,Automatic,"Petrol, Octane",3950000,2020,1500.0,38160,6,6360.0,0.8884228187919463,0.05285234899328859,High
Toyota Premio F-EX BROWN AP 4.5 2021,Toyota,Premio,Automatic,"Petrol, Octane",4780000,2021,1500.0,31250,5,6250.0,0.8884228187919463,0.05285234899328859,Luxury
Toyota Noah X NON HYBRID SILVER 2020,Toyota,Noah,Automatic,"Petrol, Octane",3650000,2020,2000.0,87360,6,14560.0,0.8884228187919463,0.10671140939597315,High
Toyota Hiace SUPER GL PEARL AP-4 2021,Toyota,Hiace,Automatic,"Petrol, Octane",4350000,2021,2000.0,71340,5,14268.0,0.8884228187919463,0.09429530201342282,High
Toyota Hiace SUPER GL DARK PRIME2 2021,Toyota,Hiace,Automatic,Petrol,4300000,2021,2000.0,77000,5,15400.0,0.8884228187919463,0.09429530201342282,High
Toyota Esquire GI HYBRID BLACK AP-4 2020,Toyota,Esquire,Automatic,Hybrid,3670000,2020,1800.0,58360,6,9726.666666666666,0.8884228187919463,0.05855704697986577,High
Toyota Hiace AMBULANC HIGHROOF 2020,Toyota,Hiace,Automatic,Petrol,3150000,2020,2000.0,99000,6,16500.0,0.8884228187919463,0.09429530201342282,Medium
Toyota Esquire GI PREMIUM HYBRI 2020,Toyota,Esquire,Automatic,Hybrid,3960000,2020,1800.0,98905,6,16484.166666666668,0.8884228187919463,0.05855704697986577,High
Toyota Corolla Cross z leather black 2023,Toyota,Corolla Cross,Automatic,Hybrid,4940000,2023,1800.0,19000,3,6333.333333333333,0.8884228187919463,0.07097315436241611,Luxury
Toyota Hiace GL DUAL AC 2020,Toyota,Hiace,Automatic,Petrol,3250000,2020,2000.0,63300,6,10550.0,0.8884228187919463,0.09429530201342282,Medium
Toyota Fielder WXB HYBRID 2019,Toyota,Fielder,Automatic,Hybrid,2750000,2019,1500.0,92360,7,13194.285714285714,0.8884228187919463,0.057885906040268456,Medium
Toyota Voxy Z-S KIRAMEKI PEARL 2020,Toyota,Voxy,Automatic,"Petrol, Octane",3830000,2020,2000.0,83170,6,13861.666666666666,0.8884228187919463,0.027348993288590605,High
Toyota Axio EX NON HYBRID AP 4 2021,Toyota,Axio,Automatic,"Petrol, Octane",2950000,2021,1500.0,61358,5,12271.6,0.8884228187919463,0.10939597315436242,Medium
Toyota Noah SI WXB2 PEARL AP 4.5 2021,Toyota,Noah,Automatic,Hybrid,3780000,2021,1800.0,51370,5,10274.0,0.8884228187919463,0.10671140939597315,High
Toyota Hiace SUPER GL DARK PRIME2 2020,Toyota,Hiace,Automatic,Petrol,4250000,2020,2000.0,44300,6,7383.333333333333,0.8884228187919463,0.09429530201342282,High
Toyota Esquire GI HYBRID BLACK 2020,Toyota,Esquire,Automatic,Hybrid,3820000,2020,1800.0,80000,6,13333.333333333334,0.8884228187919463,0.05855704697986577,High
Toyota Premio FL-LED 2020,Toyota,Premio,Automatic,Petrol,4320000,2020,1500.0,31000,6,5166.666666666667,0.8884228187919463,0.05285234899328859,High
Toyota Noah G HYBRID WHITE AP 4 2020,Toyota,Noah,Automatic,Hybrid,3650000,2020,1800.0,63170,6,10528.333333333334,0.8884228187919463,0.10671140939597315,High
Toyota Harrier Z LEATHER NON HY 2020,Toyota,Harrier,Automatic,Petrol,8140000,2020,2000.0,25000,6,4166.666666666667,0.8884228187919463,0.03976510067114094,Luxury
Toyota Corolla Cross Z Black Full Option 2023,Toyota,Corolla Cross,Automatic,Hybrid,5290000,2023,1800.0,39000,3,13000.0,0.8884228187919463,0.07097315436241611,Luxury
Toyota Yaris Cross Z Red 4 Point 2020,Toyota,Yaris Cross,Automatic,Hybrid,3470000,2020,1500.0,62000,6,10333.333333333334,0.8884228187919463,0.02097315436241611,High
Toyota Harrier Petrol Black Z Pkg 2020,Toyota,Harrier,Automatic,Petrol,7880000,2020,2000.0,52000,6,8666.666666666666,0.8884228187919463,0.03976510067114094,Luxury
Toyota Noah SZ Pearl S Point 2025,Toyota,Noah,Automatic,Hybrid,6380000,2025,1800.0,7,1,7.0,0.8884228187919463,0.10671140939597315,Luxury
Toyota Harrier Petrol Z Pkg Black 2021,Toyota,Harrier,Automatic,Petrol,8480000,2021,2000.0,39000,5,7800.0,0.8884228187919463,0.03976510067114094,Luxury
Toyota Yaris Cross G Black R26000 km 2020,Toyota,Yaris Cross,Automatic,Hybrid,3350000,2020,1500.0,26000,6,4333.333333333333,0.8884228187919463,0.02097315436241611,Medium
Toyota Hiace Ambulance GL Silver 2021,Toyota,Hiace,Automatic,Petrol,2980000,2021,2000.0,176800,5,35360.0,0.8884228187919463,0.09429530201342282,Medium
Toyota Hiace Super GL Pkg Grey 2021,Toyota,Hiace,Automatic,Petrol,4150000,2021,2000.0,108000,5,21600.0,0.8884228187919463,0.09429530201342282,High
Honda CR-V EX Masterpeice Pearl 2020,Honda,CR-V,Automatic,Petrol,5950000,2020,1500.0,68500,6,11416.666666666666,0.0424496644295302,0.011241610738255034,Luxury
Toyota Yaris Cross Z Pkg Pearl 2 Tone 2020,Toyota,Yaris Cross,Automatic,Hybrid,3530000,2020,1500.0,62900,6,10483.333333333334,0.8884228187919463,0.02097315436241611,High
Toyota Harrier Petrol Z Pkg Black 2020,Toyota,Harrier,Automatic,Petrol,7830000,2020,2000.0,31000,6,5166.666666666667,0.8884228187919463,0.03976510067114094,Luxury
Toyota Axio EX Silver 436700 km 2020,Toyota,Axio,Automatic,Petrol,3070000,2020,1500.0,36700,6,6116.666666666667,0.8884228187919463,0.10939597315436242,Medium
Toyota Corolla Cross Z Pearl 4.579000 km 2022,Toyota,Corolla Cross,Automatic,Hybrid,4390000,2022,1800.0,79000,4,19750.0,0.8884228187919463,0.07097315436241611,High
Toyota Voxy ZS Kirameki Black 2020,Toyota,Voxy,Automatic,Petrol,4050000,2020,2000.0,37900,6,6316.666666666667,0.8884228187919463,0.027348993288590605,High
Nissan X-Trail GEFORC Black 4.543k 2023,Nissan,X-Trail,Automatic,Hybrid,6880000,2023,1500.0,43000,3,14333.333333333334,0.02365771812080537,0.015436241610738255,Luxury
Mazda Axela S Touring Red R27k 2020,Mazda,Axela,Automatic,Petrol,4050000,2020,1500.0,27000,6,4500.0,0.0025167785234899327,0.001174496644295302,High
Toyota Yaris Cross G Black 3.563000 km 2020,Toyota,Yaris Cross,Automatic,Hybrid,3350000,2020,1500.0,63000,6,10500.0,0.8884228187919463,0.02097315436241611,Medium
Toyota Esquire Gi Premium Black 2020,Toyota,Esquire,Automatic,Petrol,4550000,2020,2000.0,70000,6,11666.666666666666,0.8884228187919463,0.05855704697986577,Luxury
Toyota Noah X Pearl 3.5136k km 2020,Toyota,Noah,Automatic,Petrol,3700000,2020,2000.0,136000,6,22666.666666666668,0.8884228187919463,0.10671140939597315,High
Toyota Hiace Super GL Dark Prime2 2020,Toyota,Hiace,Automatic,Petrol,4450000,2020,2000.0,129800,6,21633.333333333332,0.8884228187919463,0.09429530201342282,Luxury
Toyota Hiace DX White 3.5 Point 2021,Toyota,Hiace,Automatic,Petrol,3200000,2021,2000.0,77600,5,15520.0,0.8884228187919463,0.09429530201342282,Medium
Toyota Premio F-EX SILVER A.P--4.5 2021,Toyota,Premio,Automatic,"Petrol, Octane",4580000,2021,1500.0,35000,5,7000.0,0.8884228187919463,0.05285234899328859,Luxury
Toyota Esquire GI NON HYBRID 2020,Toyota,Esquire,Automatic,"Petrol, Octane",4350000,2020,2000.0,62000,6,10333.333333333334,0.8884228187919463,0.05855704697986577,High
Toyota Noah S-G HYBRID BROWN 2022,Toyota,Noah,Automatic,"Petrol, Hybrid, Octane",4550000,2022,1800.0,66000,4,16500.0,0.8884228187919463,0.10671140939597315,Luxury
Toyota Corolla Cross S HYBRID PEARL 2022,Toyota,Corolla Cross,Automatic,"Petrol, Hybrid, Octane",4350000,2022,1800.0,7200,4,1800.0,0.8884228187919463,0.07097315436241611,High
Toyota Esquire GI 2020,Toyota,Esquire,Automatic,"Petrol, Hybrid, Octane",3850000,2020,1800.0,89000,6,14833.333333333334,0.8884228187919463,0.05855704697986577,High
Toyota Axio Ex Hybrid 2020,Toyota,Axio,Automatic,"Petrol, Octane",2200000,2020,1500.0,51000,6,8500.0,0.8884228187919463,0.10939597315436242,Low
Toyota Noah X HYBRID DOOR POWER 2020,Toyota,Noah,Automatic,"Petrol, Hybrid, Octane",2980000,2020,1800.0,77000,6,12833.333333333334,0.8884228187919463,0.10671140939597315,Medium
Toyota Hiace SUPER GL DARK PRIME2 2020,Toyota,Hiace,Automatic,"Petrol, Octane",4150000,2020,2000.0,88000,6,14666.666666666666,0.8884228187919463,0.09429530201342282,High
Toyota Fielder EX NON HYBRID 2020,Toyota,Fielder,Automatic,"Petrol, Octane",2650000,2020,1500.0,79652,6,13275.333333333334,0.8884228187919463,0.057885906040268456,Medium
Toyota Voxy SZ Hybrid Leg Rest 2022,Toyota,Voxy,Automatic,"Petrol, Hybrid, Octane",5000000,2022,1800.0,60000,4,15000.0,0.8884228187919463,0.027348993288590605,Luxury
Toyota Hiace SUPER GL SILVER 2020,Toyota,Hiace,Automatic,"Petrol, Octane",3950000,2020,2000.0,94000,6,15666.666666666666,0.8884228187919463,0.09429530201342282,High
Toyota Corolla Cross Z Leather Hybrid 2021,Toyota,Corolla Cross,Automatic,"Petrol, Hybrid, Octane",4500000,2021,1800.0,53318,5,10663.6,0.8884228187919463,0.07097315436241611,Luxury
Toyota Hiace SUPER GL DARK PRIME 2020,Toyota,Hiace,Automatic,"Petrol, Octane",4020000,2020,2000.0,77000,6,12833.333333333334,0.8884228187919463,0.09429530201342282,High
Toyota Esquire Gi Premium Sunroof 5 2021,Toyota,Esquire,Automatic,"Petrol, Octane",5550000,2021,2000.0,10113,5,2022.6,0.8884228187919463,0.05855704697986577,Luxury
Toyota Prius S TOURING SELECTION 2020,Toyota,Prius,Automatic,"Petrol, Hybrid, Octane",3350000,2020,1800.0,55000,6,9166.666666666666,0.8884228187919463,0.029865771812080538,Medium
Toyota Axio Ex Hybrid 2020,Toyota,Axio,Automatic,"Petrol, Hybrid, Octane",2250000,2020,1500.0,72596,6,12099.333333333334,0.8884228187919463,0.10939597315436242,Low
Toyota Noah X HYBRID DOOR POWER 2020,Toyota,Noah,Automatic,"Petrol, Hybrid, Octane",3000000,2020,1800.0,48000,6,8000.0,0.8884228187919463,0.10671140939597315,Medium
Toyota Hiace Super GL 2020,Toyota,Hiace,Automatic,"Petrol, Octane",4370000,2020,2000.0,28000,6,4666.666666666667,0.8884228187919463,0.09429530201342282,High
Toyota Esquire GI PREMIUM 2020,Toyota,Esquire,Automatic,"Petrol, Hybrid, Octane",3800000,2020,1800.0,67000,6,11166.666666666666,0.8884228187919463,0.05855704697986577,High
Honda CR-V Ex Masterpieces 2020,Honda,CR-V,Automatic,"Petrol, Octane",5850000,2020,1500.0,52000,6,8666.666666666666,0.0424496644295302,0.011241610738255034,Luxury
Toyota Hiace SUPER GL 2020,Toyota,Hiace,Automatic,"Petrol, Octane",4250000,2020,2000.0,79652,6,13275.333333333334,0.8884228187919463,0.09429530201342282,High
Toyota Noah SI WXB 2 HYBRID 2020,Toyota,Noah,Automatic,"Petrol, Hybrid, Octane",3420000,2020,1800.0,46000,6,7666.666666666667,0.8884228187919463,0.10671140939597315,High
Toyota Corolla Cross Z Leather 2022,Toyota,Corolla Cross,Automatic,"Petrol, Hybrid, Octane",4480000,2022,1800.0,22100,4,5525.0,0.8884228187919463,0.07097315436241611,Luxury
Toyota Esquire GI HYBRID MICABLUE 2020,Toyota,Esquire,Automatic,"Petrol, Hybrid, Octane",3620000,2020,1800.0,46500,6,7750.0,0.8884228187919463,0.05855704697986577,High
Toyota Prius S 2020,Toyota,Prius,Automatic,"Petrol, Hybrid, Octane",3320000,2020,1800.0,54000,6,9000.0,0.8884228187919463,0.029865771812080538,Medium
Toyota Premio F-EX Mica-Blue 2020,Toyota,Premio,Automatic,"Petrol, Octane",4850000,2020,1500.0,24645,6,4107.5,0.8884228187919463,0.05285234899328859,Luxury
Toyota Prius S Hybrid 2020,Toyota,Prius,Automatic,"Petrol, Hybrid, Octane",3000000,2020,1800.0,59825,6,9970.833333333334,0.8884228187919463,0.029865771812080538,Medium
Toyota Hiace SUPER GL DARK PRIME 2020,Toyota,Hiace,Automatic,"Petrol, Octane",4420000,2020,2000.0,41000,6,6833.333333333333,0.8884228187919463,0.09429530201342282,Luxury
Toyota Corolla Cross Z Leather 4.5 Grade 2022,Toyota,Corolla Cross,Automatic,"Petrol, Hybrid, Octane",4650000,2022,1800.0,19000,4,4750.0,0.8884228187919463,0.07097315436241611,Luxury
Toyota Esquire GI PREMIUM 2020,Toyota,Esquire,Automatic,"Petrol, Hybrid, Octane",3900000,2020,1800.0,67012,6,11168.666666666666,0.8884228187919463,0.05855704697986577,High
Toyota Prius S HYBRID SILVER 2020,Toyota,Prius,Automatic,"Petrol, Hybrid, Octane",2900000,2020,1800.0,66000,6,11000.0,0.8884228187919463,0.029865771812080538,Medium
Toyota Noah Hybrid Ready Dhaka 2022,Toyota,Noah,Automatic,Hybrid,3950000,2022,1800.0,46292,4,11573.0,0.8884228187919463,0.10671140939597315,High
Toyota Axio Hybrid Ex Push 2020,Toyota,Axio,Automatic,Hybrid,2250000,2020,1500.0,81490,6,13581.666666666666,0.8884228187919463,0.10939597315436242,Low
Toyota Hiace GL DUAL AC 2020,Toyota,Hiace,Automatic,"Petrol, Octane",3400000,2020,2000.0,47510,6,7918.333333333333,0.8884228187919463,0.09429530201342282,High
Toyota Axio Hybrid- 4 Point 2020,Toyota,Axio,Automatic,Hybrid,2380000,2020,1500.0,91578,6,15263.0,0.8884228187919463,0.10939597315436242,Medium
Toyota Hiace GL PROJECTION LED L. 2020,Toyota,Hiace,Automatic,"Petrol, Octane",3600000,2020,2000.0,71590,6,11931.666666666666,0.8884228187919463,0.09429530201342282,High
Toyota Noah Xsmart Dhaka Ready 2020,Toyota,Noah,Automatic,"Hybrid, Octane",3280000,2020,1800.0,73000,6,12166.666666666666,0.8884228187919463,0.10671140939597315,Medium
Toyota Prius A- Touring Selection 2020,Toyota,Prius,Automatic,"Petrol, Hybrid, Octane",3300000,2020,1800.0,94000,6,15666.666666666666,0.8884228187919463,0.029865771812080538,Medium
Toyota Premio G Idle Stop 2016,Toyota,Premio,Automatic,Octane,2950000,2016,1500.0,51000,10,5100.0,0.8884228187919463,0.05285234899328859,Medium
Toyota Esquire Gl Premium Octane 2019,Toyota,Esquire,Automatic,Octane,4180000,2019,2000.0,28000,7,4000.0,0.8884228187919463,0.05855704697986577,High
Toyota Rush SUV 2009,Toyota,Rush,Automatic,Octane,1490000,2009,1500.0,56000,17,3294.1176470588234,0.8884228187919463,0.0025167785234899327,Low
Lexus RX 500h F SPORTS. 2023,Lexus,RX,Automatic,"Hybrid, Octane",20500000,2023,2400.0,1321,3,440.3333333333333,0.0068791946308724835,0.0028523489932885905,Luxury
Toyota Corolla Cross Z LEATHER 2025,Toyota,Corolla Cross,Automatic,"Petrol, Octane",6300000,2025,1800.0,10,1,10.0,0.8884228187919463,0.07097315436241611,Luxury
Toyota Corolla SHOWROOM-READY 2020,Toyota,Corolla,Automatic,"Petrol, Hybrid, Octane",3300000,2020,1800.0,57512,6,9585.333333333334,0.8884228187919463,0.04848993288590604,Medium
Toyota Lexus Lx 600 SHOWROOM-READY 2023,Toyota,Lexus Lx 600,Automatic,"Petrol, Hybrid, Octane",20500000,2023,2400.0,1312,3,437.3333333333333,0.8884228187919463,0.00016778523489932885,Luxury
Toyota Yaris Cross Z..READY.... 2021,Toyota,Yaris Cross,Automatic,"Petrol, Hybrid, Octane",3500000,2021,1500.0,72000,5,14400.0,0.8884228187919463,0.02097315436241611,High
Toyota Esquire GI 2020,Toyota,Esquire,Automatic,Hybrid,3575000,2020,1800.0,72900,6,12150.0,0.8884228187919463,0.05855704697986577,High
"Toyota RAV4 New Shape, Hybrid 2022",Toyota,RAV4,Automatic,"Hybrid, Octane",8500000,2022,2500.0,19456,4,4864.0,0.8884228187919463,0.009731543624161074,Luxury
Toyota C-HR G Mode nero 2020,Toyota,C-HR,Automatic,"Petrol, Hybrid, Octane",3500000,2020,1800.0,550000,6,91666.66666666667,0.8884228187919463,0.027181208053691275,High
"Toyota Esquire GI-PREMIUM, GRAD-4.5 2021",Toyota,Esquire,Automatic,Hybrid,4350000,2021,1800.0,39000,5,7800.0,0.8884228187919463,0.05855704697986577,High
"Toyota Noah SZ-HYBRID, GRAD-4.5 2022",Toyota,Noah,Automatic,Hybrid,5400000,2022,1800.0,24000,4,6000.0,0.8884228187919463,0.10671140939597315,Luxury
Toyota Corolla Cross Z-PKG 2025,Toyota,Corolla Cross,Automatic,"Hybrid, Octane",5700000,2025,1790.0,12337,1,12337.0,0.8884228187919463,0.07097315436241611,Luxury
Toyota Starlet G PACKAGE 1991,Toyota,Starlet,Automatic,Octane,495000,1991,1500.0,86591,35,2474.0285714285715,0.8884228187919463,0.0050335570469798654,Low
Toyota Axio Ex 4.5 Grade 2020,Toyota,Axio,Automatic,"Petrol, Hybrid, Octane",2700000,2020,1500.0,14200,6,2366.6666666666665,0.8884228187919463,0.10939597315436242,Medium
Toyota Noah X SMART 2 DOOR POWER 2020,Toyota,Noah,Automatic,"Petrol, Hybrid, Octane",3200000,2020,1800.0,81000,6,13500.0,0.8884228187919463,0.10671140939597315,Medium
Toyota Noah G HYBRID BLACK 2020,Toyota,Noah,Automatic,"Petrol, Hybrid, Octane",3300000,2020,1800.0,55000,6,9166.666666666666,0.8884228187919463,0.10671140939597315,Medium
Toyota Axio Ex 2020,Toyota,Axio,Automatic,"Petrol, Hybrid, Octane",2150000,2020,1500.0,58000,6,9666.666666666666,0.8884228187919463,0.10939597315436242,Low
Toyota Hiace DX 2020,Toyota,Hiace,Automatic,"Petrol, Octane",3050000,2020,2000.0,94210,6,15701.666666666666,0.8884228187919463,0.09429530201342282,Medium
Toyota Harrier Z Leather Non Hybrid 2020,Toyota,Harrier,Automatic,"Petrol, Octane",7850000,2020,2000.0,46450,6,7741.666666666667,0.8884228187919463,0.03976510067114094,Luxury
Toyota Hiace DX GL 2020,Toyota,Hiace,Automatic,"Petrol, Octane",3150000,2020,2000.0,79120,6,13186.666666666666,0.8884228187919463,0.09429530201342282,Medium
Toyota Voxy Zs Kirameki 2020,Toyota,Voxy,Automatic,"Petrol, Hybrid, Octane",3720000,2020,1800.0,80848,6,13474.666666666666,0.8884228187919463,0.027348993288590605,High
Toyota Premio FL BEIGE INTERIOR 2020,Toyota,Premio,Automatic,"Petrol, Octane",4050000,2020,1500.0,88000,6,14666.666666666666,0.8884228187919463,0.05285234899328859,High
Toyota Hiace GL 2020,Toyota,Hiace,Automatic,"Petrol, Octane",3350000,2020,2000.0,71560,6,11926.666666666666,0.8884228187919463,0.09429530201342282,Medium
Toyota Noah Non hybrid 2021,Toyota,Noah,Automatic,"Petrol, Octane",3670000,2021,2000.0,63352,5,12670.4,0.8884228187919463,0.10671140939597315,High
Toyota Fielder EX Hybrid 2020,Toyota,Fielder,Automatic,"Petrol, Hybrid, Octane",2230000,2020,1500.0,65191,6,10865.166666666666,0.8884228187919463,0.057885906040268456,Low
Toyota Noah Hybrid 2020,Toyota,Noah,Automatic,Hybrid,3180000,2020,1800.0,78351,6,13058.5,0.8884228187919463,0.10671140939597315,Medium
Toyota Fielder Hybrid- 4 Grade 2020,Toyota,Fielder,Automatic,Hybrid,2320000,2020,1500.0,89356,6,14892.666666666666,0.8884228187919463,0.057885906040268456,Low
Toyota Fielder Hybrid Ex Package 2020,Toyota,Fielder,Automatic,Hybrid,2300000,2020,1500.0,77924,6,12987.333333333334,0.8884228187919463,0.057885906040268456,Low
Toyota Hiace GL 2021,Toyota,Hiace,Automatic,"Petrol, Octane",3550000,2021,2000.0,70259,5,14051.8,0.8884228187919463,0.09429530201342282,High
Toyota Fielder Hybrid 4 Grade 2020,Toyota,Fielder,Automatic,Hybrid,2330000,2020,1500.0,89257,6,14876.166666666666,0.8884228187919463,0.057885906040268456,Low
Toyota Hiace GL DUAL AC 2020,Toyota,Hiace,Automatic,"Petrol, Octane",3400000,2020,2000.0,74122,6,12353.666666666666,0.8884228187919463,0.09429530201342282,High
Toyota Noah Si wxb Hybrid 2020,Toyota,Noah,Automatic,Hybrid,3670000,2020,1500.0,71469,6,11911.5,0.8884228187919463,0.10671140939597315,High
Toyota Axio EX PUSH HV READY 2020,Toyota,Axio,Automatic,"Hybrid, Octane",2280000,2020,1500.0,79652,6,13275.333333333334,0.8884228187919463,0.10939597315436242,Low
Toyota Harrier Advance premium 2014,Toyota,Harrier,Automatic,Octane,4265000,2014,2000.0,54300,12,4525.0,0.8884228187919463,0.03976510067114094,High
Toyota Axio EX PUSH HV READY 2020,Toyota,Axio,Automatic,"Hybrid, Octane",2280000,2020,1500.0,84528,6,14088.0,0.8884228187919463,0.10939597315436242,Low
Toyota Premio F STANDARD PACKAGE 2020,Toyota,Premio,Automatic,Octane,3850000,2020,1500.0,41896,6,6982.666666666667,0.8884228187919463,0.05285234899328859,High
Toyota Corolla Cross Z leather 2021,Toyota,Corolla Cross,Automatic,"Hybrid, Octane",4350000,2021,1800.0,46586,5,9317.2,0.8884228187919463,0.07097315436241611,High
Toyota Yaris Cross Z Leather 360 CAM 2021,Toyota,Yaris Cross,Automatic,"Petrol, Hybrid, Octane",3380000,2021,1500.0,41000,5,8200.0,0.8884228187919463,0.02097315436241611,Medium
Toyota Yaris Cross a1aa-aaaaa Z Leather 2020,Toyota,Yaris Cross,Automatic,"Petrol, Hybrid, Octane",3580000,2020,1500.0,60000,6,10000.0,0.8884228187919463,0.02097315436241611,High
Toyota Yaris Cross Hybrid Z Leather 4.5 2020,Toyota,Yaris Cross,Automatic,"Petrol, Hybrid, Octane",3370000,2020,1500.0,51000,6,8500.0,0.8884228187919463,0.02097315436241611,Medium
Toyota C-HR G-Led Pkg Gp-4.00 2020,Toyota,C-HR,Automatic,"Petrol, Hybrid, Octane",3550000,2020,1800.0,66700,6,11116.666666666666,0.8884228187919463,0.027181208053691275,High
Toyota Voxy ZS Kiramic 30 Off 2021,Toyota,Voxy,Automatic,"Petrol, Hybrid, Octane",3550000,2021,1800.0,85000,5,17000.0,0.8884228187919463,0.027348993288590605,High
Honda Civic FC1 PEARL SENSING 2020,Honda,Civic,Automatic,"Petrol, Octane",4150000,2020,1500.0,22000,6,3666.6666666666665,0.0424496644295302,0.003355704697986577,High
Toyota Camry 2019,Toyota,Camry,Automatic,Octane,5500000,2019,2500.0,76000,7,10857.142857142857,0.8884228187919463,0.0005033557046979866,Luxury
Honda Grace Ex Sensing Back PW 2020,Honda,Grace,Automatic,"Petrol, Hybrid, Octane",2250000,2020,1500.0,36000,6,6000.0,0.0424496644295302,0.0038590604026845637,Low
Toyota Corolla Touring NEW SHAPE 2020,Toyota,Corolla,Automatic,"Petrol, Hybrid, Octane",2650000,2020,1800.0,110000,6,18333.333333333332,0.8884228187919463,0.04848993288590604,Medium
Toyota Harrier Z LEATHER PKG 2020,Toyota,Harrier,Automatic,"Petrol, Octane",7700000,2020,2000.0,48523,6,8087.166666666667,0.8884228187919463,0.03976510067114094,Luxury
Toyota Yaris Cross SHOWROOM READY 2021,Toyota,Yaris Cross,Automatic,"Petrol, Hybrid, Octane",3500000,2021,1500.0,58512,5,11702.4,0.8884228187919463,0.02097315436241611,High
Toyota Corolla Cross Dhaka Ready 2022,Toyota,Corolla Cross,Automatic,"Hybrid, Octane",4999000,2022,1800.0,48521,4,12130.25,0.8884228187919463,0.07097315436241611,Luxury
Toyota Hiace SHOWROOM-READY 2020,Toyota,Hiace,Automatic,"Petrol, Octane",4200000,2020,2000.0,58512,6,9752.0,0.8884228187919463,0.09429530201342282,High
Lexus RX 500h F SPORTS 2023,Lexus,RX,Automatic,"Hybrid, Octane",20500000,2023,2400.0,1393,3,464.3333333333333,0.0068791946308724835,0.0028523489932885905,Luxury
Toyota Premio SHOWROOM-READY 2020,Toyota,Premio,Automatic,"Petrol, Octane",3700000,2020,1500.0,74512,6,12418.666666666666,0.8884228187919463,0.05285234899328859,High
Toyota Hiace SUPER GL 2020,Toyota,Hiace,Automatic,"Petrol, Octane",4600000,2020,2000.0,61510,6,10251.666666666666,0.8884228187919463,0.09429530201342282,Luxury
Honda Civic EX L Sunroof Turbo 2017,Honda,Civic,Automatic,Octane,3250000,2017,1500.0,44031,9,4892.333333333333,0.0424496644295302,0.003355704697986577,Medium
Toyota Hiace SUPER-GL DARK PRIME2 2022,Toyota,Hiace,Automatic,Octane,4820000,2022,2000.0,70000,4,17500.0,0.8884228187919463,0.09429530201342282,Luxury
Toyota Harrier Z-LEATHER PKG G-4.5 2020,Toyota,Harrier,Automatic,Hybrid,7850000,2020,2500.0,56000,6,9333.333333333334,0.8884228187919463,0.03976510067114094,Luxury
Toyota Axio EX-NON HYBRID G-4.0 2020,Toyota,Axio,Automatic,Octane,2800000,2020,1500.0,125000,6,20833.333333333332,0.8884228187919463,0.10939597315436242,Medium
Toyota Corolla Cross Z Leather Pearl 2023,Toyota,Corolla Cross,Automatic,Hybrid,5370000,2023,1800.0,24000,3,8000.0,0.8884228187919463,0.07097315436241611,Luxury
Toyota Premio F-L Package 2020,Toyota,Premio,Automatic,Octane,4450000,2020,1490.0,40426,6,6737.666666666667,0.8884228187919463,0.05285234899328859,Luxury
Toyota C-HR G PKG 2020,Toyota,C-HR,Automatic,"Hybrid, Octane",3750000,2020,1790.0,49777,6,8296.166666666666,0.8884228187919463,0.027181208053691275,High
Toyota Axio EX-PKG 2020,Toyota,Axio,Automatic,Octane,3150000,2020,1490.0,63742,6,10623.666666666666,0.8884228187919463,0.10939597315436242,Medium
Toyota Voxy ZS KIRAMEKI HYB 4.5 2020,Toyota,Voxy,Automatic,"Hybrid, Octane",3450000,2020,1800.0,95000,6,15833.333333333334,0.8884228187919463,0.027348993288590605,High
Honda CR-V EX-Black Edition pkg 2022,Honda,CR-V,Automatic,Octane,7000000,2022,1490.0,47226,4,11806.5,0.0424496644295302,0.011241610738255034,Luxury
Toyota Corolla Cross Z PKG 2022,Toyota,Corolla Cross,Automatic,"Hybrid, Octane",4775000,2022,1790.0,46300,4,11575.0,0.8884228187919463,0.07097315436241611,Luxury
Toyota Noah X OCTEN KEY 1DR PWR 2020,Toyota,Noah,Automatic,Octane,3350000,2020,2000.0,180000,6,30000.0,0.8884228187919463,0.10671140939597315,Medium
Toyota Axio EX-PKG 2020,Toyota,Axio,Automatic,Octane,3125000,2020,1490.0,33298,6,5549.666666666667,0.8884228187919463,0.10939597315436242,Medium
Toyota Noah X-PKG 2022,Toyota,Noah,Automatic,Octane,5800000,2022,1980.0,62010,4,15502.5,0.8884228187919463,0.10671140939597315,Luxury
Toyota Prius STS-PKG 2021,Toyota,Prius,Automatic,"Hybrid, Octane",3975000,2021,1790.0,29492,5,5898.4,0.8884228187919463,0.029865771812080538,High
Toyota Premio F-PKG 2020,Toyota,Premio,Automatic,Octane,4150000,2020,1490.0,86716,6,14452.666666666666,0.8884228187919463,0.05285234899328859,High
Toyota Land Cruiser T-XL-PKG 2021,Toyota,Land Cruiser,Automatic,Octane,16400000,2021,2690.0,21951,5,4390.2,0.8884228187919463,0.008557046979865772,Luxury
Toyota Harrier ZLP Package 2023,Toyota,Harrier,Automatic,Octane,10600000,2023,1980.0,16593,3,5531.0,0.8884228187919463,0.03976510067114094,Luxury
Lexus NX 300H F- SPORTS 2020,Lexus,NX,Automatic,"Hybrid, Octane",9000000,2020,2490.0,44629,6,7438.166666666667,0.0068791946308724835,0.0010067114093959733,Luxury
Toyota RAV4 G PKG HYB 4.5 POINT 2021,Toyota,RAV4,Automatic,Hybrid,6600000,2021,2500.0,79000,5,15800.0,0.8884228187919463,0.009731543624161074,Luxury
Toyota Hiace Dx 2020,Toyota,Hiace,Automatic,Octane,2999999,2020,2000.0,101232,6,16872.0,0.8884228187919463,0.09429530201342282,Medium
Toyota Axio EXREADYSHOWROOM 2020,Toyota,Axio,Automatic,"Petrol, Hybrid, Octane",2270000,2020,1500.0,35000,6,5833.333333333333,0.8884228187919463,0.10939597315436242,Low
Honda Vezel E PLAY eHEV HV 2022,Honda,Vezel,Automatic,Hybrid,4600000,2022,1500.0,17432,4,4358.0,0.0424496644295302,0.006711409395973154,Luxury
Toyota Aqua HYBRID 2021,Toyota,Aqua,Automatic,Hybrid,2150000,2021,1500.0,36542,5,7308.4,0.8884228187919463,0.015771812080536914,Low
"Toyota Noah aa, aa aaaaa2aaaa.aa,aa 2020",Toyota,Noah,Automatic,"Petrol, Hybrid, Octane",3650000,2020,1800.0,63000,6,10500.0,0.8884228187919463,0.10671140939597315,High
Toyota Fielder NON HYBRID EX PKG 2020,Toyota,Fielder,Automatic,Octane,2650000,2020,2000.0,125321,6,20886.833333333332,0.8884228187919463,0.057885906040268456,Medium
Toyota Corolla Cross Z LEATHER PANAROMIC 2023,Toyota,Corolla Cross,Automatic,"Petrol, Hybrid, Octane",5050000,2023,1800.0,32000,3,10666.666666666666,0.8884228187919463,0.07097315436241611,Luxury
Toyota Fielder NON HYBRID 2021,Toyota,Fielder,Automatic,Octane,2650000,2021,1500.0,45613,5,9122.6,0.8884228187919463,0.057885906040268456,Medium
Toyota RAV4 Hybrid X 2021,Toyota,RAV4,Automatic,"Petrol, Hybrid, Octane",5100000,2021,2500.0,73524,5,14704.8,0.8884228187919463,0.009731543624161074,Luxury
Toyota Crown Hybrid 2022,Toyota,Crown,Automatic,Hybrid,9000000,2022,2500.0,90000,4,22500.0,0.8884228187919463,0.00587248322147651,Luxury
Toyota Yaris Cross HYBRID X 2021,Toyota,Yaris Cross,Automatic,"Hybrid, Octane",2800000,2021,1500.0,59642,5,11928.4,0.8884228187919463,0.02097315436241611,Medium
Toyota Voxy Hybrid ZS-KERAMIKE 2 2021,Toyota,Voxy,Automatic,Hybrid,3350000,2021,1800.0,41230,5,8246.0,0.8884228187919463,0.027348993288590605,Medium
Toyota Voxy Z-S KIRAMEKI BLACK 2020,Toyota,Voxy,Automatic,Hybrid,3550000,2020,1800.0,71360,6,11893.333333333334,0.8884228187919463,0.027348993288590605,High
Toyota Voxy Z-S KIRAMEKI PEARL 2020,Toyota,Voxy,Automatic,"Petrol, Octane",3750000,2020,2000.0,78360,6,13060.0,0.8884228187919463,0.027348993288590605,High
Toyota Axio EX HYBRID SILVER 2020,Toyota,Axio,Automatic,Hybrid,2460000,2020,1500.0,76200,6,12700.0,0.8884228187919463,0.10939597315436242,Medium
Toyota Corolla 90 1991,Toyota,Corolla,Automatic,"CNG, Octane",295000,1991,1300.0,125000,35,3571.4285714285716,0.8884228187919463,0.04848993288590604,Low
Toyota Harrier Petrol Z Pkg Pearl 2020,Toyota,Harrier,Automatic,Petrol,7980000,2020,2000.0,38500,6,6416.666666666667,0.8884228187919463,0.03976510067114094,Luxury
Toyota Premio F-EX PEARL GRADE-4.5 2020,Toyota,Premio,Automatic,"Petrol, Octane",4600000,2020,1500.0,45600,6,7600.0,0.8884228187919463,0.05285234899328859,Luxury
Toyota Noah Hybrid 2 Door power 2020,Toyota,Noah,Automatic,Hybrid,3340000,2020,1800.0,71452,6,11908.666666666666,0.8884228187919463,0.10671140939597315,Medium
Toyota Aqua s push start 2020,Toyota,Aqua,Automatic,Hybrid,2020000,2020,1500.0,83589,6,13931.5,0.8884228187919463,0.015771812080536914,Low
Toyota Noah Hybrid 2022,Toyota,Noah,Automatic,Hybrid,3950000,2022,1800.0,46269,4,11567.25,0.8884228187919463,0.10671140939597315,High
Toyota Axio Push 2019,Toyota,Axio,Automatic,Hybrid,2295000,2019,1500.0,31020,7,4431.428571428572,0.8884228187919463,0.10939597315436242,Low
Toyota Noah S-Z Full Loaded 2024,Toyota,Noah,Automatic,"Hybrid, Octane",5070000,2024,1800.0,4936,2,2468.0,0.8884228187919463,0.10671140939597315,Luxury
Toyota Noah X Dhaka Ready 2020,Toyota,Noah,Automatic,"Hybrid, Octane",3220000,2020,1800.0,85000,6,14166.666666666666,0.8884228187919463,0.10671140939597315,Medium
Toyota Hiace GL DUAL AC READY 2020,Toyota,Hiace,Automatic,Octane,3230000,2020,2000.0,89475,6,14912.5,0.8884228187919463,0.09429530201342282,Medium
Toyota Axio NON HYBRID EX READY 2020,Toyota,Axio,Automatic,Octane,2570000,2020,1500.0,75896,6,12649.333333333334,0.8884228187919463,0.10939597315436242,Medium
Toyota Hiace GL DUAL AC READY 2020,Toyota,Hiace,Automatic,Octane,3420000,2020,2000.0,85245,6,14207.5,0.8884228187919463,0.09429530201342282,High
Toyota Hiace DX 2021,Toyota,Hiace,Automatic,Octane,3350000,2021,2000.0,96873,5,19374.6,0.8884228187919463,0.09429530201342282,Medium
Toyota Axio Non Hybrid 2020,Toyota,Axio,Automatic,Octane,2610000,2020,1500.0,47569,6,7928.166666666667,0.8884228187919463,0.10939597315436242,Medium
Toyota Hiace GL 2020,Toyota,Hiace,Automatic,Octane,3300000,2020,2000.0,85752,6,14292.0,0.8884228187919463,0.09429530201342282,Medium
Toyota Axio EX HYBRID DHAKAREADY 2020,Toyota,Axio,Automatic,"Hybrid, Octane",2260000,2020,1500.0,74152,6,12358.666666666666,0.8884228187919463,0.10939597315436242,Low
Toyota Hiace GL 2020,Toyota,Hiace,Automatic,Octane,3230000,2020,2000.0,208000,6,34666.666666666664,0.8884228187919463,0.09429530201342282,Medium
Toyota Fielder EX 2020,Toyota,Fielder,Automatic,"Hybrid, Octane",2400000,2020,1500.0,53698,6,8949.666666666666,0.8884228187919463,0.057885906040268456,Medium
Toyota Axio NON HYBRID EX PUSH 2020,Toyota,Axio,Automatic,Octane,2580000,2020,1500.0,77582,6,12930.333333333334,0.8884228187919463,0.10939597315436242,Medium
Toyota Noah SI WXB2 Upcoming2026 2020,Toyota,Noah,Automatic,"Hybrid, Octane",3780000,2020,1800.0,38908,6,6484.666666666667,0.8884228187919463,0.10671140939597315,High
Toyota Esquire GI PREMIUM HYBRID 2020,Toyota,Esquire,Automatic,"Hybrid, Octane",4150000,2020,1800.0,69875,6,11645.833333333334,0.8884228187919463,0.05855704697986577,High
Toyota Esquire NON HY XI PUSH START 2020,Toyota,Esquire,Automatic,"Petrol, Octane",4250000,2020,2000.0,53000,6,8833.333333333334,0.8884228187919463,0.05855704697986577,High
Toyota Noah X 2020,Toyota,Noah,Automatic,Hybrid,3100000,2020,1800.0,148000,6,24666.666666666668,0.8884228187919463,0.10671140939597315,Medium
Toyota Axio Hybrid EX PushStart 2020,Toyota,Axio,Automatic,"Petrol, Hybrid, Octane",2430000,2020,1500.0,70000,6,11666.666666666666,0.8884228187919463,0.10939597315436242,Medium
Toyota Vista 1993,Toyota,Vista,Automatic,"CNG, Octane",380000,2001,1800.0,133000,25,5320.0,0.8884228187919463,0.0003355704697986577,Low
Toyota C-HR G LED 2020,Toyota,C-HR,Automatic,Hybrid,3200000,2020,1800.0,95000,6,15833.333333333334,0.8884228187919463,0.027181208053691275,Medium
Toyota Hiace White 2020,Toyota,Hiace,Automatic,Octane,3430000,2020,2000.0,46000,6,7666.666666666667,0.8884228187919463,0.09429530201342282,High
Toyota Fielder X 2004,Toyota,Fielder,Automatic,"CNG, Octane",1050000,2004,1500.0,128000,22,5818.181818181818,0.8884228187919463,0.057885906040268456,Low
Toyota Axio EX Non-Hybrid 2020,Toyota,Axio,Automatic,Octane,2850000,2020,1500.0,43000,6,7166.666666666667,0.8884228187919463,0.10939597315436242,Medium
Toyota Corolla Cross 2021,Toyota,Corolla Cross,Automatic,"Hybrid, Octane",4700000,2021,1800.0,78000,5,15600.0,0.8884228187919463,0.07097315436241611,Luxury
Toyota Fielder Ex Black Ready UT 2020,Toyota,Fielder,Automatic,"Petrol, Hybrid, Octane",2250000,2020,1500.0,49452,6,8242.0,0.8884228187919463,0.057885906040268456,Low
Toyota Corolla GX LED Hybrid 2020,Toyota,Corolla,Automatic,"Hybrid, Octane",3000000,2020,1800.0,45000,6,7500.0,0.8884228187919463,0.04848993288590604,Medium
Toyota Hiace Super GL Key ST 2020,Toyota,Hiace,Automatic,"Petrol, Octane",3950000,2020,2000.0,82000,6,13666.666666666666,0.8884228187919463,0.09429530201342282,High
Honda Insight 2022,Honda,Insight,Automatic,Octane,4200000,2022,1500.0,42000,4,10500.0,0.0424496644295302,0.015100671140939598,High
Toyota Noah G Push 2 Door PW 2020,Toyota,Noah,Automatic,"Petrol, Hybrid, Octane",3280000,2020,1800.0,56000,6,9333.333333333334,0.8884228187919463,0.10671140939597315,Medium
Nissan X-Trail New Shape 2022,Nissan,X-Trail,Automatic,"Hybrid, Octane",6050000,2022,1500.0,14023,4,3505.75,0.02365771812080537,0.015436241610738255,Luxury
Toyota Noah X KEY NONHY 2DP P-4 2021,Toyota,Noah,Automatic,"Petrol, Octane",3800000,2021,2000.0,64601,5,12920.2,0.8884228187919463,0.10671140939597315,High
Toyota Corolla G-S Pearl Color 070 2020,Toyota,Corolla,Automatic,"Petrol, Hybrid, Octane",2760000,2020,1800.0,114200,6,19033.333333333332,0.8884228187919463,0.04848993288590604,Medium
Toyota Corolla SHOWROOM-READY 2020,Toyota,Corolla,Automatic,"Petrol, Hybrid, Octane",2800000,2020,1800.0,58512,6,9752.0,0.8884228187919463,0.04848993288590604,Medium
Toyota Noah SHOWROOM-READY 2021,Toyota,Noah,Automatic,"Petrol, Octane",3700000,2021,2000.0,68512,5,13702.4,0.8884228187919463,0.10671140939597315,High
Lexus RX 500h F Sports 2023,Lexus,RX,Automatic,"Hybrid, Octane",20500000,2023,2400.0,1241,3,413.6666666666667,0.0068791946308724835,0.0028523489932885905,Luxury
Toyota Yaris Cross Pearl. 2020,Toyota,Yaris Cross,Automatic,"Hybrid, Octane",3450000,2020,1500.0,45124,6,7520.666666666667,0.8884228187919463,0.02097315436241611,High
"Toyota Aqua S STYLE , 4 CAMERA 2020",Toyota,Aqua,Automatic,Hybrid,2030000,2020,1500.0,111000,6,18500.0,0.8884228187919463,0.015771812080536914,Low
Lexus RX300 F SPORTS 2022,Lexus,RX300,Automatic,"Petrol, Octane",15000000,2022,2000.0,36000,4,9000.0,0.0068791946308724835,0.001174496644295302,Luxury
Honda Insight EX READY ... 2021,Honda,Insight,Automatic,"Petrol, Hybrid, Octane",4300000,2021,1500.0,54000,5,10800.0,0.0424496644295302,0.015100671140939598,High
Nissan X-Trail E.B P 2020,Nissan,X-Trail,Automatic,"Petrol, Hybrid, Octane",3850000,2020,2000.0,36000,6,6000.0,0.02365771812080537,0.015436241610738255,High
Toyota C-HR GR SPORTS 2020,Toyota,C-HR,Automatic,"Petrol, Hybrid, Octane",3750000,2020,1800.0,56458,6,9409.666666666666,0.8884228187919463,0.027181208053691275,High
Toyota RAV4 G-Z NON-HB READY 2020,Toyota,RAV4,Automatic,"Petrol, Octane",7500000,2020,2000.0,37000,6,6166.666666666667,0.8884228187919463,0.009731543624161074,Luxury
Toyota Noah NON HYBRID- X 2021,Toyota,Noah,Automatic,"Petrol, Octane",3850000,2021,2000.0,76444,5,15288.8,0.8884228187919463,0.10671140939597315,High
"Toyota Corolla Cross Z , POINT  4.5 2022",Toyota,Corolla Cross,Automatic,Hybrid,4590000,2022,1800.0,30635,4,7658.75,0.8884228187919463,0.07097315436241611,Luxury
Toyota Corolla Cross Hybrid BRAND NEW 2025,Toyota,Corolla Cross,Automatic,"Petrol, Hybrid, Octane",6300000,2025,1800.0,150,1,150.0,0.8884228187919463,0.07097315436241611,Luxury
"Toyota RAV4 G Z Package,Sunroof 2020",Toyota,RAV4,Automatic,"Petrol, Octane",7500000,2020,2000.0,33124,6,5520.666666666667,0.8884228187919463,0.009731543624161074,Luxury
"Toyota RAV4 G-Z,NON-HYBRID 2020",Toyota,RAV4,Automatic,"Petrol, Octane",7500000,2020,2000.0,27748,6,4624.666666666667,0.8884228187919463,0.009731543624161074,Luxury
Toyota Raize Z HYBRID READY CAR 2021,Toyota,Raize Z,Automatic,"Petrol, Hybrid, Octane",3800000,2021,1200.0,8011,5,1602.2,0.8884228187919463,0.0013422818791946308,High
Toyota Corolla Cross Z PKG-HARD TOP-360 2022,Toyota,Corolla Cross,Automatic,"Petrol, Hybrid, Octane",4650000,2022,1800.0,38448,4,9612.0,0.8884228187919463,0.07097315436241611,Luxury
Lexus RX 500h Hybrid 2023,Lexus,RX,Automatic,"Petrol, Hybrid, Octane",20500000,2023,2400.0,1510,3,503.3333333333333,0.0068791946308724835,0.0028523489932885905,Luxury
Toyota Harrier PREMIUM METAL LEATHE 2020,Toyota,Harrier,Automatic,Octane,6825000,2020,2000.0,77000,6,12833.333333333334,0.8884228187919463,0.03976510067114094,Luxury
Honda Insight Ex Prime Style 2021,Honda,Insight,Automatic,"Petrol, Hybrid, Octane",4400000,2021,1500.0,47680,5,9536.0,0.0424496644295302,0.015100671140939598,High
Honda Accord 1st hand 2019,Honda,Accord,Automatic,Octane,4300000,2019,1500.0,60000,7,8571.42857142857,0.0424496644295302,0.0006711409395973154,High
Honda Accord 2011,Honda,Accord,Automatic,Octane,1750000,2011,2000.0,61500,15,4100.0,0.0424496644295302,0.0006711409395973154,Low
Toyota Vitz  aaaa.aao aoa 2009,Toyota,Vitz,Automatic,Octane,880000,2009,1000.0,65858,17,3874.0,0.8884228187919463,0.0041946308724832215,Low
Toyota Allion  G PACKAGE 2004,Toyota,Allion,Automatic,"Octane, LPG",1395000,2004,1500.0,75681,22,3440.0454545454545,0.8884228187919463,0.03120805369127517,Low
Toyota Axio X-New Shape 2012,Toyota,Axio,Automatic,Octane,1670000,2012,1500.0,85800,14,6128.571428571428,0.8884228187919463,0.10939597315436242,Low
Toyota Axio GPkg. Push 2013,Toyota,Axio,Automatic,"CNG, Octane",1750000,2013,1500.0,85800,13,6600.0,0.8884228187919463,0.10939597315436242,Low
Honda Vezel Z Pack. Japan color 2014,Honda,Vezel,Automatic,"Hybrid, Octane",1595000,2014,1500.0,112050,12,9337.5,0.0424496644295302,0.006711409395973154,Low
Toyota Corolla Cross Z Black Full Option 2022,Toyota,Corolla Cross,Automatic,Hybrid,4880000,2022,1800.0,32900,4,8225.0,0.8884228187919463,0.07097315436241611,Luxury
Toyota Noah Si wxb Hybrid 2020,Toyota,Noah,Automatic,Hybrid,3580000,2020,1800.0,88354,6,14725.666666666666,0.8884228187919463,0.10671140939597315,High
Toyota Noah Hybrid 4 Grade 2020,Toyota,Noah,Automatic,Hybrid,3100000,2020,1800.0,94278,6,15713.0,0.8884228187919463,0.10671140939597315,Medium
Toyota Premio F STANDARD Ready 2020,Toyota,Premio,Automatic,Octane,3760000,2020,1500.0,46000,6,7666.666666666667,0.8884228187919463,0.05285234899328859,High
Toyota Hiace DUAL AC GL 2020,Toyota,Hiace,Automatic,"Petrol, Octane",3400000,2020,2000.0,57410,6,9568.333333333334,0.8884228187919463,0.09429530201342282,High
Toyota C-HR HYBRIDGR-SPORTS 4. 2020,Toyota,C-HR,Automatic,"Petrol, Hybrid, Octane",3770000,2020,1800.0,52000,6,8666.666666666666,0.8884228187919463,0.027181208053691275,High
Toyota Axio EX Dhaka Ready 2020,Toyota,Axio,Automatic,"Hybrid, Octane",2450000,2020,1500.0,17500,6,2916.6666666666665,0.8884228187919463,0.10939597315436242,Medium
Toyota Sienta G Safety 2DP 360 Cam 2020,Toyota,Sienta,Automatic,"Petrol, Hybrid, Octane",2800000,2020,1500.0,72589,6,12098.166666666666,0.8884228187919463,0.009228187919463088,Medium
Toyota Axio EX OCTANE 2020 Black,Toyota,Axio,Automatic,Petrol,3020000,2020,1500.0,103000,6,17166.666666666668,0.8884228187919463,0.10939597315436242,Medium
Toyota Crown Hybrid 2020,Toyota,Crown,Automatic,"Petrol, Hybrid, Octane",7300000,2020,2500.0,65510,6,10918.333333333334,0.8884228187919463,0.00587248322147651,Luxury
Toyota Yaris SHOWROOM-READY 2020,Toyota,Yaris,Automatic,"Petrol, Hybrid, Octane",2400000,2020,1500.0,51512,6,8585.333333333334,0.8884228187919463,0.003355704697986577,Medium
Toyota Corolla Cross Z LEATHER 2022,Toyota,Corolla Cross,Automatic,"Petrol, Hybrid, Octane",4900000,2022,1800.0,44510,4,11127.5,0.8884228187919463,0.07097315436241611,Luxury
Toyota Voxy S-Z HYBRID READY 2023,Toyota,Voxy,Automatic,"Petrol, Hybrid, Octane",5800000,2023,1800.0,28500,3,9500.0,0.8884228187919463,0.027348993288590605,Luxury
Toyota Harrier Z LEATHER JBL 360CAM 2020,Toyota,Harrier,Automatic,"Petrol, Octane",8050000,2020,2000.0,42500,6,7083.333333333333,0.8884228187919463,0.03976510067114094,Luxury
Nissan X-Trail SUNROOF 2012,Nissan,X-Trail,Automatic,Octane,2380000,2012,2000.0,75685,14,5406.071428571428,0.02365771812080537,0.015436241610738255,Medium
Toyota Corolla Cross Z SUNROOF 5PT5000KM 2024,Toyota,Corolla Cross,Automatic,"Hybrid, Octane",5460000,2024,1800.0,5000,2,2500.0,0.8884228187919463,0.07097315436241611,Luxury
"Toyota Noah Si Wxb HV 2, GRADE 4 2020",Toyota,Noah,Automatic,Hybrid,3600000,2020,1800.0,122000,6,20333.333333333332,0.8884228187919463,0.10671140939597315,High
Toyota Noah S-Z Package 2022,Toyota,Noah,Automatic,"Hybrid, Octane",4600000,2022,1800.0,85000,4,21250.0,0.8884228187919463,0.10671140939597315,Luxury
Toyota Allion G Pkg Ready 2019,Toyota,Allion,Automatic,"Petrol, Octane",3950000,2019,1500.0,75488,7,10784.0,0.8884228187919463,0.03120805369127517,High
Lexus RX300 Ready Stock 2020,Lexus,RX300,Automatic,"Petrol, Octane",12900000,2020,2000.0,36552,6,6092.0,0.0068791946308724835,0.001174496644295302,Luxury
Lexus RX300 Ready Stock 2019,Lexus,RX300,Automatic,"Petrol, Octane",1150000,2019,2000.0,35248,7,5035.428571428572,0.0068791946308724835,0.001174496644295302,Low
Toyota Harrier ZLP-PKG 2022,Toyota,Harrier,Automatic,Octane,9700000,2022,1980.0,36158,4,9039.5,0.8884228187919463,0.03976510067114094,Luxury
Honda CR-V EXM Package 2020,Honda,CR-V,Automatic,Octane,6100000,2020,1490.0,24410,6,4068.3333333333335,0.0424496644295302,0.011241610738255034,Luxury
Nissan Lafesta GOOD CONDITIONS 2007,Nissan,Lafesta,Automatic,Octane,1150000,2007,2000.0,86585,19,4557.105263157895,0.02365771812080537,0.0015100671140939597,Low
Honda CR-V EXM Package 2022,Honda,CR-V,Automatic,Octane,7100000,2022,1490.0,28710,4,7177.5,0.0424496644295302,0.011241610738255034,Luxury
Toyota Premio F STANDARD PACKAGE 2020,Toyota,Premio,Automatic,Octane,3780000,2020,1500.0,67423,6,11237.166666666666,0.8884228187919463,0.05285234899328859,High
Toyota Esquire GI HYBRID DHAKAREADY 2021,Toyota,Esquire,Automatic,"Hybrid, Octane",4020000,2021,1800.0,57896,5,11579.2,0.8884228187919463,0.05855704697986577,High
Toyota Fielder HYBRID EX PUSH 2020,Toyota,Fielder,Automatic,"Hybrid, Octane",2400000,2020,1500.0,52963,6,8827.166666666666,0.8884228187919463,0.057885906040268456,Medium
Toyota Corolla Cross HARDTOP HYBRID Z PKG 2020,Toyota,Corolla Cross,Automatic,Hybrid,4750000,2020,1800.0,18456,6,3076.0,0.8884228187919463,0.07097315436241611,Luxury
Toyota Hiace DARK 2020,Toyota,Hiace,Automatic,"Petrol, Octane",4280000,2020,2000.0,40000,6,6666.666666666667,0.8884228187919463,0.09429530201342282,High
Toyota Corolla Cross Z Pkg Redwine Color 2022,Toyota,Corolla Cross,Automatic,Hybrid,4620000,2022,1800.0,22300,4,5575.0,0.8884228187919463,0.07097315436241611,Luxury
Toyota Noah S-Z HYBRID BLACK 2023,Toyota,Noah,Automatic,Hybrid,4980000,2023,1800.0,26350,3,8783.333333333334,0.8884228187919463,0.10671140939597315,Luxury
Toyota Axio EX HYBRID WHITE 2020,Toyota,Axio,Automatic,Hybrid,2280000,2020,1500.0,99000,6,16500.0,0.8884228187919463,0.10939597315436242,Low
Toyota Harrier Hybrid Z Pkg Pearl 2023,Toyota,Harrier,Automatic,Hybrid,9530000,2023,2500.0,5200,3,1733.3333333333333,0.8884228187919463,0.03976510067114094,Luxury
Toyota Hiace DX White RA Point 2020,Toyota,Hiace,Automatic,Petrol,3300000,2020,2000.0,72000,6,12000.0,0.8884228187919463,0.09429530201342282,Medium
Toyota Harrier Hybrid Z Beige Color 2020,Toyota,Harrier,Automatic,Hybrid,7380000,2020,2500.0,88000,6,14666.666666666666,0.8884228187919463,0.03976510067114094,Luxury
Toyota C-HR G-LED YELLOW OFFER 2020,Toyota,C-HR,Automatic,"Petrol, Hybrid, Octane",3550000,2020,1800.0,61000,6,10166.666666666666,0.8884228187919463,0.027181208053691275,High
Toyota Hiace SUPER GL BLACK KEY 2020,Toyota,Hiace,Automatic,"Petrol, Octane",4050000,2020,2000.0,77700,6,12950.0,0.8884228187919463,0.09429530201342282,High
Toyota Fielder EX HYBRID SILVER 2020,Toyota,Fielder,Automatic,"Petrol, Hybrid, Octane",2150000,2020,1500.0,54000,6,9000.0,0.8884228187919463,0.057885906040268456,Low
Toyota Axio Hybrid 2020,Toyota,Axio,Automatic,Hybrid,2230000,2020,1500.0,67324,6,11220.666666666666,0.8884228187919463,0.10939597315436242,Low
Toyota Voxy 2 Door power Hybrid 2020,Toyota,Voxy,Automatic,Hybrid,3250000,2020,1800.0,81460,6,13576.666666666666,0.8884228187919463,0.027348993288590605,Medium
Toyota Prius S Touring Grade- 4 2018,Toyota,Prius,Automatic,Hybrid,2780000,2018,1800.0,89354,8,11169.25,0.8884228187919463,0.029865771812080538,Medium
Toyota Axio aaa1aaaaaaa-a-aaaa aa 2020,Toyota,Axio,Automatic,"Petrol, Octane",2670000,2020,1500.0,73279,6,12213.166666666666,0.8884228187919463,0.10939597315436242,Medium
Toyota Noah Hybrid- Ready Unit 2022,Toyota,Noah,Automatic,Hybrid,3940000,2022,1800.0,45892,4,11473.0,0.8884228187919463,0.10671140939597315,High
Toyota Axio EX 2020,Toyota,Axio,Automatic,"Hybrid, Octane",2300000,2020,1500.0,43685,6,7280.833333333333,0.8884228187919463,0.10939597315436242,Low
Toyota Allion G Plus Upcoming 2020,Toyota,Allion,Automatic,Octane,4000000,2020,1500.0,34568,6,5761.333333333333,0.8884228187919463,0.03120805369127517,High
Toyota Prius S Touring 2020,Toyota,Prius,Automatic,Octane,2920000,2020,1500.0,37856,6,6309.333333333333,0.8884228187919463,0.029865771812080538,Medium
Toyota Fielder Ex Blue Push ST 2020,Toyota,Fielder,Automatic,"Petrol, Hybrid, Octane",2500000,2020,1500.0,49120,6,8186.666666666667,0.8884228187919463,0.057885906040268456,Medium
Toyota Crown SHOWROOM-READY 2020,Toyota,Crown,Automatic,"Petrol, Hybrid, Octane",7300000,2020,2500.0,80512,6,13418.666666666666,0.8884228187919463,0.00587248322147651,Luxury
Toyota Corolla Cross Z 2023,Toyota,Corolla Cross,Automatic,"Hybrid, Octane",5300000,2023,1790.0,42200,3,14066.666666666666,0.8884228187919463,0.07097315436241611,Luxury
Toyota C-HR G Mode Nero 2019,Toyota,C-HR,Automatic,"Hybrid, Octane",3050000,2019,1800.0,65286,7,9326.57142857143,0.8884228187919463,0.027181208053691275,Medium
Toyota Voxy Zs Kirameki Hybrid 2020,Toyota,Voxy,Automatic,Hybrid,3430000,2020,1800.0,77341,6,12890.166666666666,0.8884228187919463,0.027348993288590605,High
Toyota Corolla Cross Z LEATHER 2022,Toyota,Corolla Cross,Automatic,"Petrol, Hybrid, Octane",4500000,2022,1800.0,52000,4,13000.0,0.8884228187919463,0.07097315436241611,Luxury
Toyota Starlet a.aaaaaa a-aa 1999,Toyota,Starlet,Automatic,"CNG, Octane",550000,1999,1331.0,86598,27,3207.3333333333335,0.8884228187919463,0.0050335570469798654,Low
Toyota Starlet aoa aaaa.aao 1991,Toyota,Starlet,Automatic,Octane,495000,1991,1331.0,86585,35,2473.8571428571427,0.8884228187919463,0.0050335570469798654,Low
Toyota Hiace GL 2011,Toyota,Hiace,Automatic,"CNG, Octane",1699999,2011,2000.0,90000,15,6000.0,0.8884228187919463,0.09429530201342282,Low
Toyota Harrier Z LEATHER PKG 2020,Toyota,Harrier,Automatic,"Petrol, Octane",7700000,2020,2000.0,42512,6,7085.333333333333,0.8884228187919463,0.03976510067114094,Luxury
BMW X5 OCTANE 2001,BMW,X5,Manual,Octane,2500000,2001,3000.0,86585,25,3463.4,0.0038590604026845637,0.0016778523489932886,Medium
Toyota Hiace GL PACKAGE DUAL AC 2022,Toyota,Hiace,Automatic,"Petrol, Octane",3390000,2022,2000.0,68521,4,17130.25,0.8884228187919463,0.09429530201342282,High
Toyota Esquire Gi premium non hyv 2020,Toyota,Esquire,Automatic,"Petrol, Octane",4450000,2020,2000.0,95000,6,15833.333333333334,0.8884228187919463,0.05855704697986577,Luxury
Toyota Corolla Cross Z LEATHER PANAROMIC 2022,Toyota,Corolla Cross,Automatic,"Petrol, Hybrid, Octane",4950000,2022,1800.0,36406,4,9101.5,0.8884228187919463,0.07097315436241611,Luxury
Toyota Premio . f 2021,Toyota,Premio,Automatic,"Petrol, Octane",4450000,2021,1500.0,21000,5,4200.0,0.8884228187919463,0.05285234899328859,Luxury
Toyota C-HR G LED HYBRID TWO TON 2019,Toyota,C-HR,Automatic,Hybrid,3380000,2019,1800.0,31432,7,4490.285714285715,0.8884228187919463,0.027181208053691275,Medium
Toyota Voxy Sz-Package 2022,Toyota,Voxy,Automatic,"Hybrid, Octane",5400000,2022,1790.0,49405,4,12351.25,0.8884228187919463,0.027348993288590605,Luxury
Toyota Axio Octane Drive Only 2010,Toyota,Axio,Automatic,Octane,1590000,2010,1500.0,97500,16,6093.75,0.8884228187919463,0.10939597315436242,Low
Toyota Axio EX Hybrid 2020,Toyota,Axio,Automatic,Octane,2500000,2020,1500.0,57000,6,9500.0,0.8884228187919463,0.10939597315436242,Medium
Toyota Starlet Reflect 1997,Toyota,Starlet,Automatic,Octane,575000,1997,1331.0,99000,29,3413.793103448276,0.8884228187919463,0.0050335570469798654,Low
Toyota Fielder Ready Unit- 4 Point 2020,Toyota,Fielder,Automatic,Hybrid,2320000,2020,1500.0,89453,6,14908.833333333334,0.8884228187919463,0.057885906040268456,Low
Toyota Noah G PUSH 2 DOOR POWER 2020,Toyota,Noah,Automatic,"Hybrid, Octane",3380000,2020,1800.0,81000,6,13500.0,0.8884228187919463,0.10671140939597315,Medium
"Toyota Fielder aaa.aa, aaaa a,aaYa. 2020",Toyota,Fielder,Automatic,"Petrol, Hybrid, Octane",2330000,2020,1500.0,35000,6,5833.333333333333,0.8884228187919463,0.057885906040268456,Low
Toyota Corolla Cross Z LEATEHR HYBRID 2021,Toyota,Corolla Cross,Automatic,Hybrid,4480000,2021,1800.0,44763,5,8952.6,0.8884228187919463,0.07097315436241611,Luxury
Honda Insight LX HYBRID PUSH 2021,Honda,Insight,Automatic,Hybrid,3650000,2021,1500.0,123542,5,24708.4,0.0424496644295302,0.015100671140939598,High
Toyota Alphard EXECUTIVE LOUNGE 2020,Toyota,Alphard,Automatic,"Petrol, Hybrid, Octane",10800000,2020,2500.0,45000,6,7500.0,0.8884228187919463,0.0050335570469798654,Luxury
Toyota Prius Hybrid U 2023,Toyota,Prius,Automatic,Hybrid,4100000,2023,2500.0,22620,3,7540.0,0.8884228187919463,0.029865771812080538,High
Toyota Voxy Hybrid 2023,Toyota,Voxy,Automatic,"Petrol, Hybrid, Octane",5800000,2023,1800.0,18510,3,6170.0,0.8884228187919463,0.027348993288590605,Luxury
"Toyota C-HR G LED, BODYKIT 2020",Toyota,C-HR,Automatic,Hybrid,3480000,2020,1800.0,28890,6,4815.0,0.8884228187919463,0.027181208053691275,High
Toyota  FUNCERGO 2004,Toyota,Other Model,Automatic,Octane,780000,2004,1331.0,62586,22,2844.818181818182,0.8884228187919463,0.005369127516778523,Low
Toyota Hiace GL DUAL AC 2020,Toyota,Hiace,Automatic,"Petrol, Octane",3350000,2020,2000.0,45700,6,7616.666666666667,0.8884228187919463,0.09429530201342282,Medium
Toyota Hiace Super-GL Dark-Prime2 2020,Toyota,Hiace,Automatic,"Petrol, Octane",4500000,2020,2000.0,113000,6,18833.333333333332,0.8884228187919463,0.09429530201342282,Luxury
Toyota Axio EX WHITE HYBRID 2020,Toyota,Axio,Automatic,"Hybrid, Octane",2400000,2020,1500.0,126000,6,21000.0,0.8884228187919463,0.10939597315436242,Medium
Toyota Fielder EX-NON HYBRID G-4.5 2021,Toyota,Fielder,Automatic,Octane,3200000,2021,1500.0,87000,5,17400.0,0.8884228187919463,0.057885906040268456,Medium
Toyota Hiace SUPER-GL DARK PRIME2 2021,Toyota,Hiace,Automatic,Octane,4900000,2021,2000.0,48000,5,9600.0,0.8884228187919463,0.09429530201342282,Luxury
Toyota Esquire GI Premium HYBRID 2020,Toyota,Esquire,Automatic,"Hybrid, Octane",4050000,2020,1800.0,72036,6,12006.0,0.8884228187919463,0.05855704697986577,High
Honda Insight EX-PKG BLUECOLOR G-4 2020,Honda,Insight,Automatic,Hybrid,3820000,2020,1500.0,96000,6,16000.0,0.0424496644295302,0.015100671140939598,High
"Toyota Esquire GI-PREMIUM, GRAD-4.0 2021",Toyota,Esquire,Automatic,Hybrid,4280000,2021,1800.0,44000,5,8800.0,0.8884228187919463,0.05855704697986577,High
Toyota Axio EX-HYBRID SILVER 2020,Toyota,Axio,Automatic,Hybrid,2330000,2020,1500.0,172000,6,28666.666666666668,0.8884228187919463,0.10939597315436242,Low
Toyota C-HR G-LED 360 CAMERA 2020,Toyota,C-HR,Automatic,Hybrid,3400000,2020,1800.0,85000,6,14166.666666666666,0.8884228187919463,0.027181208053691275,High
Toyota Noah S-Z PACKAGE 2022,Toyota,Noah,Automatic,Hybrid,4600000,2022,1800.0,88000,4,22000.0,0.8884228187919463,0.10671140939597315,Luxury
Toyota Harrier Z Leather Non Hybrid 2020,Toyota,Harrier,Automatic,"Petrol, Octane",7890000,2020,2000.0,44000,6,7333.333333333333,0.8884228187919463,0.03976510067114094,Luxury
Toyota Harrier Z Leather Non Hybrid 2020,Toyota,Harrier,Automatic,"Petrol, Octane",7790000,2020,2000.0,67000,6,11166.666666666666,0.8884228187919463,0.03976510067114094,Luxury
Toyota Hiace Dual Ac Silver 2020,Toyota,Hiace,Automatic,"Petrol, Octane",3620000,2020,2000.0,39000,6,6500.0,0.8884228187919463,0.09429530201342282,High
Toyota Voxy S-Z 2022,Toyota,Voxy,Automatic,Hybrid,5450000,2022,1800.0,34000,4,8500.0,0.8884228187919463,0.027348993288590605,Luxury
Toyota Harrier premium  2020,Toyota,Harrier,Automatic,"Petrol, Octane",6750000,2020,2000.0,40000,6,6666.666666666667,0.8884228187919463,0.03976510067114094,Luxury
Toyota Hiace super gl dark prime2 2022,Toyota,Hiace,Automatic,"Petrol, CNG, Octane, LPG",4500000,2022,2000.0,53000,4,13250.0,0.8884228187919463,0.09429530201342282,Luxury
Toyota Harrier Z LEATHER HYBRID 2021,Toyota,Harrier,Automatic,Hybrid,6900000,2021,2500.0,51000,5,10200.0,0.8884228187919463,0.03976510067114094,Luxury
Toyota Fielder EX PKG NON HYB 2020,Toyota,Fielder,Automatic,Octane,2580000,2020,1500.0,208000,6,34666.666666666664,0.8884228187919463,0.057885906040268456,Medium
Toyota Corolla Cross Z 2022,Toyota,Corolla Cross,Automatic,"Hybrid, Octane",4700000,2022,1790.0,28900,4,7225.0,0.8884228187919463,0.07097315436241611,Luxury
Toyota Corolla G-X 2020,Toyota,Corolla,Automatic,"Hybrid, Octane",3150000,2020,1790.0,49200,6,8200.0,0.8884228187919463,0.04848993288590604,Medium
Toyota Noah Z HYBRID 4.5POINT 2022,Toyota,Noah,Automatic,"Hybrid, Octane",4630000,2022,1800.0,96000,4,24000.0,0.8884228187919463,0.10671140939597315,Luxury
Nissan Bluebird All Power 2006,Nissan,Bluebird,Automatic,Octane,1270000,2006,1500.0,78542,20,3927.1,0.02365771812080537,0.002181208053691275,Low
Toyota Yaris Hybrid x 2021,Toyota,Yaris,Automatic,Hybrid,1900000,2021,1500.0,80000,5,16000.0,0.8884228187919463,0.003355704697986577,Low
Toyota Alphard Executive Lounge 2021,Toyota,Alphard,Automatic,Hybrid,9400000,2021,2500.0,56420,5,11284.0,0.8884228187919463,0.0050335570469798654,Luxury
Toyota Yaris Hybrid X 2021,Toyota,Yaris,Automatic,Hybrid,1900000,2021,1500.0,46520,5,9304.0,0.8884228187919463,0.003355704697986577,Low
Toyota Corolla Hybrid WxB package 2021,Toyota,Corolla,Automatic,Hybrid,2850000,2021,1800.0,133,5,26.6,0.8884228187919463,0.04848993288590604,Medium
Toyota Axio FIELDER Hybrid EX 2020,Toyota,Axio,Automatic,Hybrid,2250000,2020,1500.0,41520,6,6920.0,0.8884228187919463,0.10939597315436242,Low
Toyota Voxy Hybrid ZS-KERAMIKE 3 2020,Toyota,Voxy,Automatic,Hybrid,3400000,2020,1800.0,44412,6,7402.0,0.8884228187919463,0.027348993288590605,High
Toyota Axio EX HYBRID WHITE 2020,Toyota,Axio,Automatic,Hybrid,2250000,2020,1500.0,97200,6,16200.0,0.8884228187919463,0.10939597315436242,Low
Toyota Hiace GL BLACK DUAL AC 2022,Toyota,Hiace,Automatic,"Petrol, Octane",3550000,2022,2000.0,67350,4,16837.5,0.8884228187919463,0.09429530201342282,High
Toyota Yaris Cross Z LEATHER GRAY AP-4 2021,Toyota,Yaris Cross,Automatic,Hybrid,3350000,2021,1500.0,53650,5,10730.0,0.8884228187919463,0.02097315436241611,Medium
Toyota Voxy Z-S KIRAMIIKI 3 2021,Toyota,Voxy,Automatic,Hybrid,3350000,2021,1800.0,59000,5,11800.0,0.8884228187919463,0.027348993288590605,Medium
Toyota Axio X. 2015,Toyota,Axio,Automatic,"CNG, Octane",1790000,2015,1500.0,84752,11,7704.727272727273,0.8884228187919463,0.10939597315436242,Low
Toyota Corolla Cross Z Black Full Option 2022,Toyota,Corolla Cross,Automatic,Hybrid,4650000,2022,1800.0,21000,4,5250.0,0.8884228187919463,0.07097315436241611,Luxury
Toyota Corolla Cross Z Pearl Full Option 2022,Toyota,Corolla Cross,Automatic,Hybrid,4690000,2022,1800.0,74000,4,18500.0,0.8884228187919463,0.07097315436241611,Luxury
Toyota Hiace DX Silver 3 Point 2020,Toyota,Hiace,Automatic,Petrol,3300000,2020,2000.0,89000,6,14833.333333333334,0.8884228187919463,0.09429530201342282,Medium
Toyota Hiace DX Pkg Silver Color 2020,Toyota,Hiace,Automatic,Petrol,3350000,2020,2000.0,65900,6,10983.333333333334,0.8884228187919463,0.09429530201342282,Medium
Toyota Aqua S Style Pkg Black 2020,Toyota,Aqua,Automatic,Hybrid,1980000,2020,1500.0,110000,6,18333.333333333332,0.8884228187919463,0.015771812080536914,Low
Toyota Fielder EX HYBRID WHITE 2020,Toyota,Fielder,Automatic,"Petrol, Hybrid, Octane",2220000,2020,1500.0,66000,6,11000.0,0.8884228187919463,0.057885906040268456,Low
Toyota Hiace Super GL White 2020,Toyota,Hiace,Automatic,Petrol,4190000,2020,2000.0,101000,6,16833.333333333332,0.8884228187919463,0.09429530201342282,High
Toyota Axio X Non Hybrid 2019,Toyota,Axio,Automatic,"Petrol, Octane",2450000,2019,1500.0,67000,7,9571.42857142857,0.8884228187919463,0.10939597315436242,Medium
Toyota Corolla Cross Z HYBRID RED OFFER 2022,Toyota,Corolla Cross,Automatic,"Petrol, Hybrid, Octane",4450000,2022,1800.0,47000,4,11750.0,0.8884228187919463,0.07097315436241611,Luxury
Toyota Premio F-EX Pearl point 4.5 2020,Toyota,Premio,Automatic,"Petrol, Octane",4720000,2020,1500.0,21000,6,3500.0,0.8884228187919463,0.05285234899328859,Luxury
Toyota Aqua S STYLE PKG 4.5 RED 2020,Toyota,Aqua,Automatic,"Hybrid, Octane",2150000,2020,1500.0,88012,6,14668.666666666666,0.8884228187919463,0.015771812080536914,Low
Mitsubishi Eclipse Cross white 2022,Mitsubishi,Eclipse Cross,Automatic,"Petrol, Octane",4800000,2022,1500.0,6000,4,1500.0,0.012583892617449664,0.0003355704697986577,Luxury
Toyota Fielder Hybrid 4 point 2020,Toyota,Fielder,Automatic,Hybrid,2320000,2020,1500.0,89257,6,14876.166666666666,0.8884228187919463,0.057885906040268456,Low
Toyota Voxy X Dhaka Ready 2020,Toyota,Voxy,Automatic,"Hybrid, Octane",3750000,2020,1800.0,83000,6,13833.333333333334,0.8884228187919463,0.027348993288590605,High
Toyota Corolla Cross Zleather Dhaka Ready 2022,Toyota,Corolla Cross,Automatic,"Hybrid, Octane",4600000,2022,1800.0,50980,4,12745.0,0.8884228187919463,0.07097315436241611,Luxury
Toyota Premio F 2009,Toyota,Premio,Automatic,Octane,2050000,2009,1500.0,85000,17,5000.0,0.8884228187919463,0.05285234899328859,Low
Toyota Premio FEX 2016,Toyota,Premio,Automatic,Octane,3290000,2016,1500.0,43000,10,4300.0,0.8884228187919463,0.05285234899328859,Medium
Toyota Premio F EX 2021,Toyota,Premio,Automatic,"Petrol, Octane",4350000,2021,1500.0,110000,5,22000.0,0.8884228187919463,0.05285234899328859,High
Toyota C-HR Hybrid GR Sports 4.5 2020,Toyota,C-HR,Automatic,"Petrol, Hybrid, Octane",3730000,2020,1800.0,60000,6,10000.0,0.8884228187919463,0.027181208053691275,High
Toyota Hiace Super GL 2020 Key ST,Toyota,Hiace,Automatic,"Petrol, Octane",3800000,2020,2000.0,76120,6,12686.666666666666,0.8884228187919463,0.09429530201342282,High
Toyota Yaris Cross Z 2021,Toyota,Yaris Cross,Automatic,"Petrol, Hybrid, Octane",3420000,2021,1500.0,19000,5,3800.0,0.8884228187919463,0.02097315436241611,High
Toyota Noah Hybrid G Black 2020,Toyota,Noah,Automatic,Hybrid,3500000,2020,1800.0,30900,6,5150.0,0.8884228187919463,0.10671140939597315,High
Toyota Premio Fex 2014,Toyota,Premio,Automatic,Octane,2650000,2014,1500.0,56000,12,4666.666666666667,0.8884228187919463,0.05285234899328859,Medium
Toyota Alphard Executive Lounge 2020,Toyota,Alphard,Automatic,"Hybrid, Octane",10800000,2020,2500.0,22760,6,3793.3333333333335,0.8884228187919463,0.0050335570469798654,Luxury
Toyota RAV4 Hybrid 2022,Toyota,RAV4,Automatic,"Petrol, Hybrid, Octane",8500000,2022,2500.0,18510,4,4627.5,0.8884228187919463,0.009731543624161074,Luxury
Lexus ES 300h 2020,Lexus,ES,Automatic,"Petrol, Octane",10700000,2020,2000.0,55510,6,9251.666666666666,0.0068791946308724835,0.0015100671140939597,Luxury
Toyota Hiace READY SHOWROOM 2020,Toyota,Hiace,Automatic,"Petrol, Octane",4300000,2020,2000.0,78512,6,13085.333333333334,0.8884228187919463,0.09429530201342282,High
Toyota Noah SI WXB 3AERO Kitted 2020,Toyota,Noah,Automatic,"Petrol, Hybrid, Octane",3700000,2020,1800.0,70000,6,11666.666666666666,0.8884228187919463,0.10671140939597315,High
Toyota Hiace Ready Stock 2020,Toyota,Hiace,Automatic,"Petrol, Octane",2999999,2020,2000.0,75465,6,12577.5,0.8884228187919463,0.09429530201342282,Medium
Toyota Noah SZ Aero Kitted 2025,Toyota,Noah,Automatic,"Petrol, Hybrid, Octane",6150000,2025,1800.0,12,1,12.0,0.8884228187919463,0.10671140939597315,Luxury
Toyota Allion A15 PACKAGE 2019,Toyota,Allion,Automatic,Octane,3800000,2019,1490.0,71350,7,10192.857142857143,0.8884228187919463,0.03120805369127517,High
Toyota Raize Z HYBRID 2022,Toyota,Raize Z,Automatic,"Petrol, Hybrid, Octane",4250000,2022,1200.0,42000,4,10500.0,0.8884228187919463,0.0013422818791946308,High
Toyota Noah G Limited 2020,Toyota,Noah,Automatic,"Petrol, Hybrid, Octane",3400000,2020,1800.0,70000,6,11666.666666666666,0.8884228187919463,0.10671140939597315,High
"Honda CR-V EX Masterpiece,M.Kit 2019",Honda,CR-V,Automatic,"Petrol, Octane",5890000,2019,1500.0,24000,7,3428.5714285714284,0.0424496644295302,0.011241610738255034,Luxury
Toyota Noah X Limited 2020,Toyota,Noah,Automatic,"Petrol, Hybrid, Octane",3350000,2020,1800.0,75000,6,12500.0,0.8884228187919463,0.10671140939597315,Medium
Toyota Voxy ZS KIRAMEKI 2 2020,Toyota,Voxy,Automatic,"Petrol, Hybrid, Octane",3450000,2020,1800.0,75000,6,12500.0,0.8884228187919463,0.027348993288590605,High
Toyota Hiace Super GL Dark Prime2 2020,Toyota,Hiace,Automatic,Octane,4260000,2020,2000.0,95000,6,15833.333333333334,0.8884228187919463,0.09429530201342282,High
Toyota Hiace Super GL Dark Prime2 2021,Toyota,Hiace,Automatic,Octane,4480000,2021,2000.0,53000,5,10600.0,0.8884228187919463,0.09429530201342282,Luxury
Toyota Sienta S Hybrid 2017,Toyota,Sienta,Automatic,"Hybrid, Octane",2250000,2017,1500.0,69759,9,7751.0,0.8884228187919463,0.009228187919463088,Low
Toyota Fielder G Edition 2010,Toyota,Fielder,Automatic,"CNG, Octane",1435000,2010,1500.0,89265,16,5579.0625,0.8884228187919463,0.057885906040268456,Low
Toyota Axio Ex Pkg hybrid Gp-4.0 2020,Toyota,Axio,Automatic,"Petrol, Hybrid, Octane",2300000,2020,1500.0,61200,6,10200.0,0.8884228187919463,0.10939597315436242,Low
Toyota Carina 1994,Toyota,Carina,Manual,"CNG, Octane",350000,1994,1500.0,98000,32,3062.5,0.8884228187919463,0.0008389261744966443,Low
Toyota Noah 2 Door power Hybrid 2020,Toyota,Noah,Automatic,Hybrid,3470000,2020,1800.0,81460,6,13576.666666666666,0.8884228187919463,0.10671140939597315,High
Toyota Wagon 100 2002,Toyota,Wagon 100,Automatic,"CNG, Octane",350000,2002,1331.0,123456,24,5144.0,0.8884228187919463,0.0008389261744966443,Low
Toyota Axio X 2008,Toyota,Axio,Automatic,"CNG, Octane",1299999,2008,1500.0,85423,18,4745.722222222223,0.8884228187919463,0.10939597315436242,Low
Toyota Allion aa2aaaa 2007,Toyota,Allion,Automatic,"CNG, Octane",1790000,2007,1500.0,85000,19,4473.684210526316,0.8884228187919463,0.03120805369127517,Low
Toyota Noah X NON HYB 68000KM 2020,Toyota,Noah,Automatic,Octane,3450070,2020,1990.0,68068,6,11344.666666666666,0.8884228187919463,0.10671140939597315,High
Toyota Noah X OCTEN KEY 68000KM 2020,Toyota,Noah,Automatic,Octane,3450000,2020,2000.0,68000,6,11333.333333333334,0.8884228187919463,0.10671140939597315,High
Toyota Raize Z HYBRID 4.5 grade 2022,Toyota,Raize Z,Automatic,"Hybrid, Octane",4200000,2022,1200.0,43000,4,10750.0,0.8884228187919463,0.0013422818791946308,High
Nissan X-Trail octen driven 2014,Nissan,X-Trail,Automatic,Octane,2100000,2014,2000.0,55000,12,4583.333333333333,0.02365771812080537,0.015436241610738255,Low
"Toyota Corsa All Original,1stHand 1996",Toyota,Corsa,Automatic,"CNG, Octane",520000,1996,1331.0,112000,30,3733.3333333333335,0.8884228187919463,0.0005033557046979866,Low
"Toyota Axio X LPG, 1320 CC 2012",Toyota,Axio,Automatic,"Octane, LPG",1530000,2012,1320.0,78000,14,5571.428571428572,0.8884228187919463,0.10939597315436242,Low
Toyota Axio G Octane Use Only 2013,Toyota,Axio,Automatic,Octane,1850000,2013,1500.0,68000,13,5230.7692307692305,0.8884228187919463,0.10939597315436242,Low
Toyota Axio Fielder G Edison 2012,Toyota,Axio,Automatic,"CNG, Octane",1499999,2012,1500.0,85463,14,6104.5,0.8884228187919463,0.10939597315436242,Low
Toyota Axio Non Hybrid EX- READY 2020,Toyota,Axio,Automatic,"Petrol, Octane",2550000,2020,1500.0,67843,6,11307.166666666666,0.8884228187919463,0.10939597315436242,Medium
Toyota Axio EX PUSH 2020,Toyota,Axio,Automatic,Hybrid,2250000,2020,1500.0,97000,6,16166.666666666666,0.8884228187919463,0.10939597315436242,Low
Toyota Aqua Hybrid X 2021,Toyota,Aqua,Automatic,Hybrid,2150000,2021,1500.0,46452,5,9290.4,0.8884228187919463,0.015771812080536914,Low
Toyota Voxy SZ Massive Grey 56k 2024,Toyota,Voxy,Automatic,Hybrid,6090000,2024,1800.0,6800,2,3400.0,0.8884228187919463,0.027348993288590605,Luxury
Toyota Harrier Z LEATHER 5-POINT 2020,Toyota,Harrier,Automatic,"Petrol, Octane",8100000,2020,2000.0,28999,6,4833.166666666667,0.8884228187919463,0.03976510067114094,Luxury
Toyota Corolla Cross Z Black 4.5 Point 2022,Toyota,Corolla Cross,Automatic,Hybrid,4680000,2022,1800.0,29600,4,7400.0,0.8884228187919463,0.07097315436241611,Luxury
Toyota C-HR Hybrid G Nero 4.5 AP 2020,Toyota,C-HR,Automatic,"Petrol, Hybrid, Octane",3730000,2020,1800.0,39000,6,6500.0,0.8884228187919463,0.027181208053691275,High
Toyota Harrier Z-LEATHER NONHY 5.00 2020,Toyota,Harrier,Automatic,"Petrol, Octane",8400000,2020,2000.0,5900,6,983.3333333333334,0.8884228187919463,0.03976510067114094,Luxury
Toyota Yaris Cross G PKG Red Wine 2021,Toyota,Yaris Cross,Automatic,"Petrol, Hybrid, Octane",2900000,2021,1500.0,125000,5,25000.0,0.8884228187919463,0.02097315436241611,Medium
Toyota Voxy ZS KIRAMEKI HYBRID 2020,Toyota,Voxy,Automatic,"Hybrid, Octane",3250000,2020,1800.0,88000,6,14666.666666666666,0.8884228187919463,0.027348993288590605,Medium
Toyota Crown New Shape 2020,Toyota,Crown,Automatic,"Hybrid, Octane",7300000,2020,2500.0,52475,6,8745.833333333334,0.8884228187919463,0.00587248322147651,Luxury
Toyota Noah Ready Stock 2022,Toyota,Noah,Automatic,Hybrid,4250000,2022,1800.0,45287,4,11321.75,0.8884228187919463,0.10671140939597315,High
Toyota Harrier SHOWROOM-READY 2022,Toyota,Harrier,Automatic,"Petrol, Octane",7800000,2022,2000.0,58512,4,14628.0,0.8884228187919463,0.03976510067114094,Luxury
Toyota Axio EX HYBRID 4POINT 2020,Toyota,Axio,Automatic,"Hybrid, Octane",2369997,2020,1500.0,85000,6,14166.666666666666,0.8884228187919463,0.10939597315436242,Medium
Honda Insight EX PKG 11000 KM 2022,Honda,Insight,Automatic,Hybrid,4300000,2022,1500.0,11000,4,2750.0,0.0424496644295302,0.015100671140939598,High
Toyota Allion G PACKAGE 2004,Toyota,Allion,Automatic,"CNG, Octane",1395000,2004,1500.0,65856,22,2993.4545454545455,0.8884228187919463,0.03120805369127517,Low
Toyota Rumion G Package 2013,Toyota,Rumion,Automatic,Octane,1945000,2013,1500.0,77000,13,5923.076923076923,0.8884228187919463,0.00016778523489932885,Low
Honda Vezel Z-NON HYBRID 2015,Honda,Vezel,Automatic,Octane,2260000,2015,1500.0,93000,11,8454.545454545454,0.0424496644295302,0.006711409395973154,Low
Toyota Fielder EX Package 2020,Toyota,Fielder,Automatic,"Petrol, Octane",2600000,2020,1500.0,123,6,20.5,0.8884228187919463,0.057885906040268456,Medium
Toyota Crown Crossover Hybrid G 2023,Toyota,Crown,Automatic,Hybrid,9000000,2023,2500.0,12032,3,4010.6666666666665,0.8884228187919463,0.00587248322147651,Luxury
Toyota Yaris Hybrid s package 2021,Toyota,Yaris,Automatic,Hybrid,1900000,2021,1500.0,132,5,26.4,0.8884228187919463,0.003355704697986577,Low
Toyota Noah X PKG 2020 BLACK,Toyota,Noah,Automatic,Octane,3700000,2020,2000.0,66860,6,11143.333333333334,0.8884228187919463,0.10671140939597315,High
Toyota Corolla Cross Z Pearl Full Option 2022,Toyota,Corolla Cross,Automatic,Hybrid,4780000,2022,1800.0,58000,4,14500.0,0.8884228187919463,0.07097315436241611,Luxury
"Lexus ES 300h, Mark Levison 2020",Lexus,ES,Automatic,"Hybrid, Octane",10500000,2020,2500.0,38452,6,6408.666666666667,0.0068791946308724835,0.0015100671140939597,Luxury
Toyota Corolla a PACKAGE 1996,Toyota,Corolla,Automatic,"CNG, Octane",495000,1996,1331.0,86598,30,2886.6,0.8884228187919463,0.04848993288590604,Low
Toyota Noah X 2 Doors Power 2010,Toyota,Noah,Automatic,"CNG, Octane",2080000,2010,2000.0,85000,16,5312.5,0.8884228187919463,0.10671140939597315,Low
Mitsubishi Pajero 2008,Mitsubishi,Pajero,Automatic,Octane,4500000,2008,3000.0,54000,18,3000.0,0.012583892617449664,0.0041946308724832215,Luxury
Toyota Noah SI 2010,Toyota,Noah,Automatic,"Octane, LPG",2095000,2010,2000.0,72000,16,4500.0,0.8884228187919463,0.10671140939597315,Low
Toyota Vitz 2011,Toyota,Vitz,Automatic,Octane,1025000,2016,1000.0,97000,10,9700.0,0.8884228187919463,0.0041946308724832215,Low
"Toyota Aqua aa, aaaaaa.aao 2020",Toyota,Aqua,Automatic,"Petrol, Hybrid, Octane",2070000,2020,1500.0,77000,6,12833.333333333334,0.8884228187919463,0.015771812080536914,Low
Toyota Axio NON HYBRID 2021,Toyota,Axio,Automatic,Octane,2600000,2021,1500.0,32545,5,6509.0,0.8884228187919463,0.10939597315436242,Medium
Toyota Noah SIWXB 2021,Toyota,Noah,Automatic,"Petrol, Hybrid, Octane",3870000,2021,1800.0,80000,5,16000.0,0.8884228187919463,0.10671140939597315,High
Toyota Voxy Hybrid 2021,Toyota,Voxy,Automatic,Hybrid,3300000,2021,1800.0,37432,5,7486.4,0.8884228187919463,0.027348993288590605,Medium
Honda Vezel HYBRID X 2021,Honda,Vezel,Automatic,"Hybrid, Octane",3700000,2021,1500.0,59654,5,11930.8,0.0424496644295302,0.006711409395973154,High
Honda Grace LX 2016,Honda,Grace,Automatic,"Hybrid, Octane",1725000,2016,1500.0,58000,10,5800.0,0.0424496644295302,0.0038590604026845637,Low
Toyota Noah Octen G 2020,Toyota,Noah,Automatic,Octane,3650000,2020,1800.0,54646,6,9107.666666666666,0.8884228187919463,0.10671140939597315,High
Toyota Fielder Hybrid EX 2021,Toyota,Fielder,Automatic,Hybrid,22500000,2021,1500.0,54452,5,10890.4,0.8884228187919463,0.057885906040268456,Luxury
Toyota Noah Hybrid 2021,Toyota,Noah,Automatic,Hybrid,3300000,2021,1800.0,69341,5,13868.2,0.8884228187919463,0.10671140939597315,Medium
Toyota Corolla Cross Z PKG 4.5 BLACK 2022,Toyota,Corolla Cross,Automatic,"Hybrid, Octane",4850000,2022,1800.0,62950,4,15737.5,0.8884228187919463,0.07097315436241611,Luxury
Nissan X-Trail Emergency Brake Pkg 2016,Nissan,X-Trail,Automatic,"Hybrid, Octane",2150000,2016,2000.0,59220,10,5922.0,0.02365771812080537,0.015436241610738255,Low
Toyota Corolla Cross Z Black Full Option 2022,Toyota,Corolla Cross,Automatic,Hybrid,4740000,2022,1800.0,56000,4,14000.0,0.8884228187919463,0.07097315436241611,Luxury
Toyota Voxy S-G PKG HYB 2023,Toyota,Voxy,Automatic,Hybrid,4450000,2023,1800.0,42000,3,14000.0,0.8884228187919463,0.027348993288590605,Luxury
Toyota Corolla Sports 2021,Toyota,Corolla,Automatic,Octane,2900000,2021,1800.0,62000,5,12400.0,0.8884228187919463,0.04848993288590604,Medium
Honda CR-V SUNROOF 2005,Honda,CR-V,Automatic,"Octane, LPG",1450000,2005,2000.0,86598,21,4123.714285714285,0.0424496644295302,0.011241610738255034,Low
Toyota Harrier Z Pkg 2025,Toyota,Harrier,Automatic,Hybrid,10900000,2025,2500.0,5,1,5.0,0.8884228187919463,0.03976510067114094,Luxury
Proton Saga FX 2020,Proton,Saga,Automatic,Octane,1095000,2020,1332.0,70000,6,11666.666666666666,0.0016778523489932886,0.0005033557046979866,Low
Toyota Harrier Z leather Package 2020,Toyota,Harrier,Automatic,"Petrol, Hybrid, Octane",7550000,2020,2500.0,52000,6,8666.666666666666,0.8884228187919463,0.03976510067114094,Luxury
Toyota Voxy ZS KIRAMIKI 3 2020,Toyota,Voxy,Automatic,"Petrol, Hybrid, Octane, LPG",3500000,2020,1800.0,68000,6,11333.333333333334,0.8884228187919463,0.027348993288590605,High
Toyota Prius HYBRID S TOURING PKG 2019,Toyota,Prius,Automatic,Hybrid,3150000,2019,1800.0,97423,7,13917.57142857143,0.8884228187919463,0.029865771812080538,Medium
Toyota Paseo G PACKAGE 2010,Toyota,Paseo,Automatic,Octane,1299999,2010,1500.0,79685,16,4980.3125,0.8884228187919463,0.00016778523489932885,Low
Toyota Allion  2003,Toyota,Allion,Automatic,"Petrol, Octane",1585000,2003,1500.0,230000,23,10000.0,0.8884228187919463,0.03120805369127517,Low
Toyota Axio Hybrid Ex Grade- 4 2020,Toyota,Axio,Automatic,Hybrid,2300000,2020,1500.0,89351,6,14891.833333333334,0.8884228187919463,0.10939597315436242,Low
Toyota Corolla PKG. S SEELIK GRAY 2021,Toyota,Corolla,Automatic,"Petrol, Hybrid, Octane",3050000,2021,1800.0,57234,5,11446.8,0.8884228187919463,0.04848993288590604,Medium
Toyota Axio Ex Hybrid Silver 2020,Toyota,Axio,Automatic,"Petrol, Hybrid, Octane",2100000,2020,1500.0,150000,6,25000.0,0.8884228187919463,0.10939597315436242,Low
Toyota Harrier aaaaaaRaaYaaR aaaaaa.aao 2020,Toyota,Harrier,Automatic,"Petrol, Octane",6950000,2020,2000.0,77000,6,12833.333333333334,0.8884228187919463,0.03976510067114094,Luxury
Toyota Fielder Hybrid EX package 2021,Toyota,Fielder,Automatic,Hybrid,2250000,2021,1500.0,123,5,24.6,0.8884228187919463,0.057885906040268456,Low
Toyota Axio HYBRID 2021,Toyota,Axio,Automatic,Hybrid,2200000,2021,1500.0,36542,5,7308.4,0.8884228187919463,0.10939597315436242,Low
Toyota Hiace SUPER GL DARK PRIME 2020,Toyota,Hiace,Automatic,Petrol,4450000,2020,2000.0,58000,6,9666.666666666666,0.8884228187919463,0.09429530201342282,Luxury
Toyota Yaris Cross Z Pearl 4.586k km 2020,Toyota,Yaris Cross,Automatic,Hybrid,3490000,2020,1500.0,86000,6,14333.333333333334,0.8884228187919463,0.02097315436241611,High
Toyota Aqua s push start 2020,Toyota,Aqua,Automatic,Hybrid,2050000,2020,1500.0,78345,6,13057.5,0.8884228187919463,0.015771812080536914,Low
Toyota Hiace Super GL Dark Prime2 2020,Toyota,Hiace,Automatic,Petrol,4490000,2020,2000.0,48000,6,8000.0,0.8884228187919463,0.09429530201342282,Luxury
Toyota Hiace DX White Single AC 2020,Toyota,Hiace,Automatic,Petrol,3100000,2020,2000.0,172000,6,28666.666666666668,0.8884228187919463,0.09429530201342282,Medium
Toyota Noah Non hybrid 2021,Toyota,Noah,Automatic,"Petrol, Octane",3630000,2021,2000.0,65608,5,13121.6,0.8884228187919463,0.10671140939597315,High
Toyota Corolla Cross Z LEATHER 4.5 POINT 2022,Toyota,Corolla Cross,Automatic,Hybrid,4550000,2022,1800.0,79351,4,19837.75,0.8884228187919463,0.07097315436241611,Luxury
Toyota Esquire XI 2020,Toyota,Esquire,Automatic,Octane,4000000,2020,2000.0,162000,6,27000.0,0.8884228187919463,0.05855704697986577,High
Toyota Esquire GI HYBRI PUSH 2DR PW 2020,Toyota,Esquire,Automatic,"Petrol, Hybrid, Octane",3600000,2020,1800.0,68235,6,11372.5,0.8884228187919463,0.05855704697986577,High
Toyota Harrier Z Leather non hybrid 2020,Toyota,Harrier,Automatic,Octane,8050000,2020,2000.0,27000,6,4500.0,0.8884228187919463,0.03976510067114094,Luxury
Toyota Land Cruiser Prado TX 2018,Toyota,Land Cruiser,Automatic,Octane,11700000,2018,2700.0,38963,8,4870.375,0.8884228187919463,0.008557046979865772,Luxury
Toyota Fielder Hybrid 2016,Toyota,Fielder,Automatic,"Hybrid, Octane",1745000,2016,1500.0,81000,10,8100.0,0.8884228187919463,0.057885906040268456,Low
Toyota Esquire GI PREMIUM NON-HY 2021,Toyota,Esquire,Automatic,"Petrol, Octane",3820000,2021,2000.0,36824,5,7364.8,0.8884228187919463,0.05855704697986577,High
Toyota Fielder Non Hybrid Ex 2020,Toyota,Fielder,Automatic,Octane,2620000,2020,1500.0,80632,6,13438.666666666666,0.8884228187919463,0.057885906040268456,Medium
Toyota Corolla WXB 2020 Hybrid,Toyota,Corolla,Automatic,"Hybrid, Octane",3020000,2020,1800.0,50802,6,8467.0,0.8884228187919463,0.04848993288590604,Medium
Toyota Axio Non Hybrid 2020,Toyota,Axio,Automatic,Octane,2590000,2020,1500.0,96000,6,16000.0,0.8884228187919463,0.10939597315436242,Medium
Toyota C-HR 2020 Hybrid,Toyota,C-HR,Automatic,"Hybrid, Octane",3350000,2020,1800.0,45600,6,7600.0,0.8884228187919463,0.027181208053691275,Medium
Toyota Prius Hybrid 2020,Toyota,Prius,Automatic,"Hybrid, Octane",3050000,2020,1800.0,50632,6,8438.666666666666,0.8884228187919463,0.029865771812080538,Medium
Toyota Hiace Super GL 2020,Toyota,Hiace,Automatic,"Petrol, Octane",4180000,2020,2000.0,104000,6,17333.333333333332,0.8884228187919463,0.09429530201342282,High
Toyota Hiace Super GL 2020,Toyota,Hiace,Automatic,"Petrol, Octane",4150000,2020,2000.0,104000,6,17333.333333333332,0.8884228187919463,0.09429530201342282,High
Toyota Premio Non Hybrid 2020,Toyota,Premio,Automatic,Octane,3950000,2020,1500.0,60944,6,10157.333333333334,0.8884228187919463,0.05285234899328859,High
Toyota Noah Non Hybrid 2020,Toyota,Noah,Automatic,Octane,3550000,2020,2000.0,88000,6,14666.666666666666,0.8884228187919463,0.10671140939597315,High
Toyota Hiace DX 2020,Toyota,Hiace,Automatic,"Petrol, Octane",3050000,2020,2000.0,96000,6,16000.0,0.8884228187919463,0.09429530201342282,Medium
Toyota Hiace DX 2020,Toyota,Hiace,Automatic,"Petrol, Octane",3050000,2020,2000.0,90478,6,15079.666666666666,0.8884228187919463,0.09429530201342282,Medium
Toyota Aqua Hybrid 2020,Toyota,Aqua,Automatic,"Hybrid, Octane",1820000,2020,1500.0,93652,6,15608.666666666666,0.8884228187919463,0.015771812080536914,Low
Toyota Hiace GL 2020,Toyota,Hiace,Automatic,"Petrol, Octane",3380000,2020,2000.0,85400,6,14233.333333333334,0.8884228187919463,0.09429530201342282,Medium
Toyota Hiace Super GL 2020,Toyota,Hiace,Automatic,"Petrol, Octane",4060000,2020,2000.0,105000,6,17500.0,0.8884228187919463,0.09429530201342282,High
Toyota Noah S-Z New shape hybrid 2022,Toyota,Noah,Automatic,"Petrol, Hybrid, Octane",5050000,2022,1800.0,23000,4,5750.0,0.8884228187919463,0.10671140939597315,Luxury
Toyota Prius HYBRIDPKG.S MICABLUE 2021,Toyota,Prius,Automatic,"Petrol, Hybrid, Octane",3300000,2021,1800.0,29234,5,5846.8,0.8884228187919463,0.029865771812080538,Medium
Toyota Noah Si WXB Hybrid Bodykt 2020,Toyota,Noah,Automatic,"Petrol, Hybrid, Octane",3700000,2020,1800.0,10100,6,1683.3333333333333,0.8884228187919463,0.10671140939597315,High
Toyota Hiace SUPER GL 4.0 BLACK 2022,Toyota,Hiace,Automatic,Octane,4920000,2022,2000.0,34907,4,8726.75,0.8884228187919463,0.09429530201342282,Luxury
Toyota Axio Hybrid EX 2020,Toyota,Axio,Automatic,Hybrid,2250000,2020,1500.0,68553,6,11425.5,0.8884228187919463,0.10939597315436242,Low
Toyota Corolla WXB METALIC BLACK 2020,Toyota,Corolla,Automatic,Hybrid,3250000,2020,1800.0,40351,6,6725.166666666667,0.8884228187919463,0.04848993288590604,Medium
Toyota Premio F-EX 2020,Toyota,Premio,Automatic,Petrol,4150000,2020,1500.0,26000,6,4333.333333333333,0.8884228187919463,0.05285234899328859,High
Toyota Premio F-EX Mica-Blue 4.5 2020,Toyota,Premio,Automatic,"Petrol, Octane",4800000,2020,1500.0,32125,6,5354.166666666667,0.8884228187919463,0.05285234899328859,Luxury
Toyota Corolla Cross Z Black Full Option 2021,Toyota,Corolla Cross,Automatic,Hybrid,4730000,2021,1800.0,29000,5,5800.0,0.8884228187919463,0.07097315436241611,Luxury
Toyota Premio FL Black 343900 km 2020,Toyota,Premio,Automatic,Petrol,4280000,2020,1500.0,43900,6,7316.666666666667,0.8884228187919463,0.05285234899328859,High
Honda Vezel Z PLAY 2024,Honda,Vezel,Automatic,"Petrol, Hybrid, Octane",5900000,2024,1500.0,13000,2,6500.0,0.0424496644295302,0.006711409395973154,Luxury
Toyota Harrier Premium Non Hybrid 2020,Toyota,Harrier,Automatic,"Petrol, Octane",7000000,2020,2000.0,21159,6,3526.5,0.8884228187919463,0.03976510067114094,Luxury
Toyota Axio EX HYBRID PUSH GP-4 2020,Toyota,Axio,Automatic,"Petrol, Hybrid, Octane",2220000,2020,1500.0,82569,6,13761.5,0.8884228187919463,0.10939597315436242,Low
Toyota Axio Ex Push StartGP-4 2021,Toyota,Axio,Automatic,"Petrol, Hybrid, Octane",2560000,2021,1500.0,81000,5,16200.0,0.8884228187919463,0.10939597315436242,Medium
Toyota Corolla Cross Z-LEATHER HY MON ROF 2022,Toyota,Corolla Cross,Automatic,"Petrol, Hybrid, Octane",4650000,2022,1800.0,43857,4,10964.25,0.8884228187919463,0.07097315436241611,Luxury
Toyota Corolla READY SHOWROOM 2020,Toyota,Corolla,Automatic,"Petrol, Hybrid, Octane",2800000,2020,1800.0,46013,6,7668.833333333333,0.8884228187919463,0.04848993288590604,Medium
Toyota Harrier Z Leather non hybrid 2020,Toyota,Harrier,Automatic,Octane,7750000,2020,2000.0,31000,6,5166.666666666667,0.8884228187919463,0.03976510067114094,Luxury
Toyota Prius HYBRID 2020,Toyota,Prius,Automatic,"Petrol, Hybrid, Octane, Other fuel type",2750000,2020,1800.0,78000,6,13000.0,0.8884228187919463,0.029865771812080538,Medium
Toyota Noah Hybrid SG 2022,Toyota,Noah,Automatic,Hybrid,4200000,2022,1800.0,45412,4,11353.0,0.8884228187919463,0.10671140939597315,High
Toyota Fielder HYBRID 2020,Toyota,Fielder,Automatic,Hybrid,2150000,2020,1500.0,65412,6,10902.0,0.8884228187919463,0.057885906040268456,Low
Honda Grace 2020,Honda,Grace,Automatic,Hybrid,2200000,2020,1500.0,89000,6,14833.333333333334,0.0424496644295302,0.0038590604026845637,Low
Toyota Corolla Cross HYBRID S 2021,Toyota,Corolla Cross,Automatic,Hybrid,3750000,2021,1800.0,87000,5,17400.0,0.8884228187919463,0.07097315436241611,High
Toyota Corolla HYBRID 2020,Toyota,Corolla,Automatic,Hybrid,2350000,2020,1800.0,65415,6,10902.5,0.8884228187919463,0.04848993288590604,Medium
Toyota Voxy Hybrid X package 2020,Toyota,Voxy,Automatic,Hybrid,2800000,2020,1800.0,1234,6,205.66666666666666,0.8884228187919463,0.027348993288590605,Medium
Toyota Voxy hybrid 2022,Toyota,Voxy,Automatic,"Petrol, Hybrid, Octane",4700000,2022,1800.0,53627,4,13406.75,0.8884228187919463,0.027348993288590605,Luxury
Toyota C-HR 2020,Toyota,C-HR,Automatic,Hybrid,3050000,2020,1800.0,89000,6,14833.333333333334,0.8884228187919463,0.027181208053691275,Medium
Toyota Axio 2020,Toyota,Axio,Automatic,Hybrid,2150000,2020,1500.0,79000,6,13166.666666666666,0.8884228187919463,0.10939597315436242,Low
Toyota Alphard Hybrid S 2021,Toyota,Alphard,Automatic,Hybrid,8700000,2021,2500.0,15320,5,3064.0,0.8884228187919463,0.0050335570469798654,Luxury
Toyota Harrier Hybrid Z 2021,Toyota,Harrier,Automatic,Hybrid,6000000,2021,2500.0,15450,5,3090.0,0.8884228187919463,0.03976510067114094,Luxury
Toyota Aqua Z Leather New Shape 2021,Toyota,Aqua,Automatic,"Petrol, Hybrid, Octane",2500000,2021,1500.0,29001,5,5800.2,0.8884228187919463,0.015771812080536914,Medium
Toyota Voxy ZS KIRAMIKE PEARL 2020,Toyota,Voxy,Automatic,Hybrid,3400000,2020,1800.0,103000,6,17166.666666666668,0.8884228187919463,0.027348993288590605,High
Toyota Aqua S Push Start Grey 2020,Toyota,Aqua,Automatic,"Petrol, Hybrid, Octane",1870000,2020,1500.0,137021,6,22836.833333333332,0.8884228187919463,0.015771812080536914,Low
Toyota Harrier Z LEATHER FULL LOAD 2020,Toyota,Harrier,Automatic,Hybrid,7400000,2020,2500.0,70000,6,11666.666666666666,0.8884228187919463,0.03976510067114094,Luxury
Toyota Hiace SUPER GL -PEARL 2020,Toyota,Hiace,Automatic,"Petrol, Octane",4170000,2020,2000.0,109370,6,18228.333333333332,0.8884228187919463,0.09429530201342282,High
Toyota Corolla Cross Z LEATHER BLACK 2021,Toyota,Corolla Cross,Automatic,Petrol,4500000,2021,1800.0,17000,5,3400.0,0.8884228187919463,0.07097315436241611,Luxury
Toyota Esquire GI PREMIUM AP 4.5 2021,Toyota,Esquire,Automatic,Hybrid,3950000,2021,1800.0,58370,5,11674.0,0.8884228187919463,0.05855704697986577,High
Toyota Prius A TOURING SELECTION 2021,Toyota,Prius,Automatic,Hybrid,3280000,2021,1800.0,53170,5,10634.0,0.8884228187919463,0.029865771812080538,Medium
Toyota Hiace GL PEARL AP 4 2020,Toyota,Hiace,Automatic,"Petrol, Octane",3370000,2020,2000.0,63190,6,10531.666666666666,0.8884228187919463,0.09429530201342282,Medium
Toyota Noah S-Z HYBRID BLACK 2025,Toyota,Noah,Automatic,Hybrid,5850000,2025,1800.0,12,1,12.0,0.8884228187919463,0.10671140939597315,Luxury
Toyota Prado TX Limited  7 Seat 2012,Toyota,Prado,Automatic,Octane,7280000,2012,2700.0,68300,14,4878.571428571428,0.8884228187919463,0.013926174496644295,Luxury
Toyota Noah S-Z HYBRID PEARL 2022,Toyota,Noah,Automatic,Hybrid,4680000,2022,1800.0,51380,4,12845.0,0.8884228187919463,0.10671140939597315,Luxury
Toyota Premio FL- HID LTD. 2010,Toyota,Premio,Automatic,"CNG, Octane",2070000,2010,1500.0,85800,16,5362.5,0.8884228187919463,0.05285234899328859,Low
Nissan X-Trail Hybrid XForc 5 Point 2023,Nissan,X-Trail,Automatic,Hybrid,7050000,2023,1500.0,42000,3,14000.0,0.02365771812080537,0.015436241610738255,Luxury
Toyota Esquire GI PREMIUM HYBRID 2020,Toyota,Esquire,Automatic,"Petrol, Hybrid, Octane",3650000,2020,1800.0,72000,6,12000.0,0.8884228187919463,0.05855704697986577,High
Toyota Crown G 4.0 BLACK 2019,Toyota,Crown,Automatic,"Hybrid, Octane",7000000,2019,2500.0,106320,7,15188.57142857143,0.8884228187919463,0.00587248322147651,Luxury
Toyota Hiace Super GL 2020,Toyota,Hiace,Automatic,"Petrol, Octane",3800000,2020,2000.0,49702,6,8283.666666666666,0.8884228187919463,0.09429530201342282,High
Toyota Esquire Gi Wine 4.5 Grade 2020,Toyota,Esquire,Automatic,"Petrol, Hybrid, Octane",4030000,2020,1800.0,69500,6,11583.333333333334,0.8884228187919463,0.05855704697986577,High
Toyota Corolla Cross Z Leather Brand New 2025,Toyota,Corolla Cross,Automatic,"Petrol, Hybrid, Octane",5650000,2025,1800.0,9,1,9.0,0.8884228187919463,0.07097315436241611,Luxury
Toyota Axio 2017,Toyota,Axio,Automatic,"Hybrid, Octane",1795000,2021,1500.0,57633,5,11526.6,0.8884228187919463,0.10939597315436242,Low
Toyota Prado TX 2014,Toyota,Prado,Automatic,Octane,7900000,2014,2700.0,88039,12,7336.583333333333,0.8884228187919463,0.013926174496644295,Luxury
Toyota Noah square 2017,Toyota,Noah,Automatic,Octane,2980000,2017,2000.0,765434,9,85048.22222222222,0.8884228187919463,0.10671140939597315,Medium
Toyota Noah X 2013,Toyota,Noah,Automatic,Octane,1980000,2013,2000.0,87345,13,6718.846153846154,0.8884228187919463,0.10671140939597315,Low
Toyota Axio Ex 2020,Toyota,Axio,Automatic,"Petrol, Hybrid, Octane",2150000,2020,1500.0,49800,6,8300.0,0.8884228187919463,0.10939597315436242,Low
Toyota Axio EX Non Hybrid 4.5 2020,Toyota,Axio,Automatic,"Petrol, Octane",3060000,2020,1500.0,6700,6,1116.6666666666667,0.8884228187919463,0.10939597315436242,Medium
Toyota Corolla Cross Z LEATHER 2025,Toyota,Corolla Cross,Automatic,"Petrol, Hybrid, Octane",6150000,2025,1800.0,6,1,6.0,0.8884228187919463,0.07097315436241611,Luxury
Toyota Corolla Cross Z Leather 2025,Toyota,Corolla Cross,Automatic,"Petrol, Hybrid, Octane",6200000,2025,1800.0,3131,1,3131.0,0.8884228187919463,0.07097315436241611,Luxury
Toyota Noah X HYBRID BLACK 2020,Toyota,Noah,Automatic,"Petrol, Hybrid, Octane",3020000,2020,1800.0,72000,6,12000.0,0.8884228187919463,0.10671140939597315,Medium
Toyota Noah X NON Hybrid 2020,Toyota,Noah,Automatic,"Petrol, Octane",3550000,2020,2000.0,51000,6,8500.0,0.8884228187919463,0.10671140939597315,High
Toyota Hiace Super GL DarkPrime 2 2022,Toyota,Hiace,Automatic,"Petrol, Octane",4400000,2022,2000.0,36962,4,9240.5,0.8884228187919463,0.09429530201342282,High
Toyota Axio Hybrid Push 4 Point 2020,Toyota,Axio,Automatic,Hybrid,2380000,2020,1500.0,94378,6,15729.666666666666,0.8884228187919463,0.10939597315436242,Medium
Toyota Axio EX PUSH HV READY 2020,Toyota,Axio,Automatic,"Hybrid, Octane",2260000,2020,1500.0,68932,6,11488.666666666666,0.8884228187919463,0.10939597315436242,Low
Toyota Axio NON HYBRID EX PUSH 2020,Toyota,Axio,Automatic,Octane,2570000,2020,1500.0,70425,6,11737.5,0.8884228187919463,0.10939597315436242,Medium
Toyota Esquire NON HYBRID Push 2020,Toyota,Esquire,Automatic,"Petrol, Octane",4400000,2020,2000.0,31000,6,5166.666666666667,0.8884228187919463,0.05855704697986577,High
Toyota Axio G 2011,Toyota,Axio,Automatic,"CNG, Octane",1550000,2011,1500.0,68000,15,4533.333333333333,0.8884228187919463,0.10939597315436242,Low
Toyota Noah Non Hybrid Push 4-AP 2020,Toyota,Noah,Automatic,"Petrol, Octane",3800000,2020,2000.0,85000,6,14166.666666666666,0.8884228187919463,0.10671140939597315,High
Toyota RAV4 4.547k Km 360Sunrf 2021,Toyota,RAV4,Automatic,"Petrol, Hybrid, Octane",7100000,2021,2500.0,47000,5,9400.0,0.8884228187919463,0.009731543624161074,Luxury
Toyota Noah G PKG HYBRID WINE 2020,Toyota,Noah,Automatic,"Hybrid, Octane",3250000,2020,1800.0,48000,6,8000.0,0.8884228187919463,0.10671140939597315,Medium
Toyota Corolla Cross S PKG NARDO GRAY 2022,Toyota,Corolla Cross,Automatic,"Hybrid, Octane",4280000,2022,1800.0,26800,4,6700.0,0.8884228187919463,0.07097315436241611,High
Toyota Passo 1000 cc 2009,Toyota,Passo,Automatic,Octane,790000,2009,1000.0,56000,17,3294.1176470588234,0.8884228187919463,0.0038590604026845637,Low
Toyota Premio FL pkg pearl 2020,Toyota,Premio,Automatic,Octane,4290000,2020,1500.0,40631,6,6771.833333333333,0.8884228187919463,0.05285234899328859,High
Toyota Alphard EXECUTIVE LOUNGE 2019,Toyota,Alphard,Automatic,"Hybrid, Octane",9750000,2019,2500.0,34500,7,4928.571428571428,0.8884228187919463,0.0050335570469798654,Luxury
Toyota Noah S-z 2023,Toyota,Noah,Automatic,"Hybrid, Octane",5350000,2023,1800.0,41800,3,13933.333333333334,0.8884228187919463,0.10671140939597315,Luxury
Toyota Esquire Gi premium Non Hyb 2020,Toyota,Esquire,Automatic,Octane,4480000,2020,2000.0,64000,6,10666.666666666666,0.8884228187919463,0.05855704697986577,Luxury
Toyota RAV4 G-Z NON-HB 2020,Toyota,RAV4,Automatic,"Petrol, Octane",7500000,2020,2000.0,26570,6,4428.333333333333,0.8884228187919463,0.009731543624161074,Luxury
Toyota Corolla Cross DHAKA READY NEW 2025,Toyota,Corolla Cross,Automatic,"Hybrid, Octane",6300000,2025,1800.0,5,1,5.0,0.8884228187919463,0.07097315436241611,Luxury
Toyota Voxy ZS KIRAMEKI-3 2021,Toyota,Voxy,Automatic,"Petrol, Hybrid, Octane",3650000,2021,1800.0,56808,5,11361.6,0.8884228187919463,0.027348993288590605,High
Toyota C-HR G MODE NIRO 2020,Toyota,C-HR,Automatic,"Petrol, Hybrid, Octane",3400000,2020,1800.0,58848,6,9808.0,0.8884228187919463,0.027181208053691275,High
Honda CR-V EX-Masterpiece BLACK 2020,Honda,CR-V,Automatic,Octane,5870000,2020,1500.0,86000,6,14333.333333333334,0.0424496644295302,0.011241610738255034,Luxury
Toyota Esquire Gi Premium Hybrid 2021,Toyota,Esquire,Automatic,"Petrol, Hybrid, Octane",4300000,2021,1800.0,62000,5,12400.0,0.8884228187919463,0.05855704697986577,High
Toyota Noah X 2011,Toyota,Noah,Automatic,Octane,1980000,2011,2000.0,98584,15,6572.266666666666,0.8884228187919463,0.10671140939597315,Low
Toyota Axio EX NON HV PUSH ST. 2020,Toyota,Axio,Automatic,Octane,2600000,2020,1500.0,205127,6,34187.833333333336,0.8884228187919463,0.10939597315436242,Medium
Toyota RAV4 NON HYBRID G Z PKG 2021,Toyota,RAV4,Automatic,Octane,7450000,2021,2000.0,45278,5,9055.6,0.8884228187919463,0.009731543624161074,Luxury
Toyota Voxy Zs Kiramki NonHybrid 2020,Toyota,Voxy,Automatic,"Petrol, Octane",3930000,2020,2000.0,58624,6,9770.666666666666,0.8884228187919463,0.027348993288590605,High
Toyota Yaris Cross SHOWROOM-READY 2021,Toyota,Yaris Cross,Automatic,"Petrol, Hybrid, Octane",3590000,2021,1500.0,57512,5,11502.4,0.8884228187919463,0.02097315436241611,High
"Toyota Esquire GI-PKG, HYBRID G-4.0 2020",Toyota,Esquire,Automatic,Hybrid,3880000,2020,1800.0,99000,6,16500.0,0.8884228187919463,0.05855704697986577,High
"Toyota Esquire GI-PREMIUM, NON-HYB 2020",Toyota,Esquire,Automatic,Octane,4700000,2020,2000.0,34000,6,5666.666666666667,0.8884228187919463,0.05855704697986577,Luxury
Toyota Allion G 2021,Toyota,Allion,Automatic,"Petrol, Octane",3900000,2021,1500.0,95000,5,19000.0,0.8884228187919463,0.03120805369127517,High
Toyota Noah S-Z NON HYBRID 2022,Toyota,Noah,Automatic,"Petrol, Octane",6750000,2022,2000.0,38000,4,9500.0,0.8884228187919463,0.10671140939597315,Luxury
Toyota Hiace super gl 2020,Toyota,Hiace,Automatic,"Petrol, CNG, Octane, LPG",4350000,2020,2000.0,50000,6,8333.333333333334,0.8884228187919463,0.09429530201342282,High
Toyota Esquire Gi Non Hybrid 2020,Toyota,Esquire,Automatic,Petrol,4500000,2020,2000.0,43000,6,7166.666666666667,0.8884228187919463,0.05855704697986577,Luxury
Toyota Corolla Cross Z Leather 2021,Toyota,Corolla Cross,Automatic,Hybrid,4600000,2021,1800.0,13847,5,2769.4,0.8884228187919463,0.07097315436241611,Luxury
Toyota Hiace Super Gl Dark Prime 2020,Toyota,Hiace,Automatic,Petrol,4400000,2020,2000.0,61000,6,10166.666666666666,0.8884228187919463,0.09429530201342282,High
Toyota Axio Ex Non Hybrid 2021,Toyota,Axio,Automatic,Petrol,2700000,2021,1500.0,149000,5,29800.0,0.8884228187919463,0.10939597315436242,Medium
Toyota Premio FEX 2021,Toyota,Premio,Automatic,"Petrol, Octane",4800000,2021,1500.0,9454,5,1890.8,0.8884228187919463,0.05285234899328859,Luxury
Toyota Esquire Gi Non Hybrid 2020,Toyota,Esquire,Automatic,Petrol,4350000,2020,2000.0,30000,6,5000.0,0.8884228187919463,0.05855704697986577,High
Toyota Corolla Cross Z Leather 2023,Toyota,Corolla Cross,Automatic,Hybrid,5180000,2023,1800.0,25000,3,8333.333333333334,0.8884228187919463,0.07097315436241611,Luxury
Toyota Axio EX Non Hybrid 2021,Toyota,Axio,Automatic,"Petrol, Octane",2920000,2021,1500.0,91600,5,18320.0,0.8884228187919463,0.10939597315436242,Medium
Toyota Esquire Xi non hybrid 2020,Toyota,Esquire,Automatic,"Petrol, Octane",3970000,2020,2000.0,870000,6,145000.0,0.8884228187919463,0.05855704697986577,High
Toyota Esquire GI NON HYB 3.5 POINT 2021,Toyota,Esquire,Automatic,Octane,4490000,2021,2000.0,56000,5,11200.0,0.8884228187919463,0.05855704697986577,Luxury
Toyota Corolla Cross Z HARDTOP 45000KM 2022,Toyota,Corolla Cross,Automatic,Hybrid,4280000,2022,1800.0,45000,4,11250.0,0.8884228187919463,0.07097315436241611,High
Toyota Prius S 4.5POINT49000KM 2020,Toyota,Prius,Automatic,Hybrid,3040000,2020,1800.0,49000,6,8166.666666666667,0.8884228187919463,0.029865771812080538,Medium
Toyota Corolla Cross Z PKG BRAND NEW 2025,Toyota,Corolla Cross,Automatic,Hybrid,6200000,2025,1800.0,14,1,14.0,0.8884228187919463,0.07097315436241611,Luxury
Toyota Corolla Cross Z PKG FULL LOAD 2023,Toyota,Corolla Cross,Automatic,Hybrid,5199999,2023,1800.0,33000,3,11000.0,0.8884228187919463,0.07097315436241611,Luxury
Toyota Corolla Cross Z PKG BRAND NEW 2025,Toyota,Corolla Cross,Automatic,Hybrid,6300000,2025,1800.0,5,1,5.0,0.8884228187919463,0.07097315436241611,Luxury
Toyota Yaris Cross Z LEATHER PKG 2021,Toyota,Yaris Cross,Automatic,Hybrid,3400000,2021,1500.0,40000,5,8000.0,0.8884228187919463,0.02097315436241611,High
Toyota Harrier S PKG 2022,Toyota,Harrier,Automatic,Octane,8950000,2022,1980.0,47800,4,11950.0,0.8884228187919463,0.03976510067114094,Luxury
Honda CR-V EX-Masterpiece 2020,Honda,CR-V,Automatic,Octane,6100000,2020,1490.0,24390,6,4065.0,0.0424496644295302,0.011241610738255034,Luxury
Toyota Noah SI WXB OCTEN 52000KM 2020,Toyota,Noah,Automatic,Octane,4179999,2020,2000.0,52000,6,8666.666666666666,0.8884228187919463,0.10671140939597315,High
Toyota Noah X NON HYB KEY START 2021,Toyota,Noah,Automatic,Octane,3750000,2021,2000.0,148000,5,29600.0,0.8884228187919463,0.10671140939597315,High
Toyota Corolla TOURING WXB 48000KM 2020,Toyota,Corolla,Automatic,Hybrid,3050000,2020,1800.0,48000,6,8000.0,0.8884228187919463,0.04848993288590604,Medium
Toyota Noah X PACKAGE 2020,Toyota,Noah,Automatic,Octane,3990000,2020,1980.0,64758,6,10793.0,0.8884228187919463,0.10671140939597315,High
Honda Insight EX PKG 4.5 POINT 2020,Honda,Insight,Automatic,Hybrid,4200000,2020,1500.0,55000,6,9166.666666666666,0.0424496644295302,0.015100671140939598,High
Toyota Noah X PACKAGE 2021,Toyota,Noah,Automatic,Octane,4300000,2021,1980.0,92762,5,18552.4,0.8884228187919463,0.10671140939597315,High
Toyota Harrier Z 2020,Toyota,Harrier,Automatic,Octane,8500000,2020,1980.0,11900,6,1983.3333333333333,0.8884228187919463,0.03976510067114094,Luxury
Toyota Yaris Cross Z TRD 2TONE 4.5POINT 2020,Toyota,Yaris Cross,Automatic,Hybrid,3400000,2020,1500.0,86000,6,14333.333333333334,0.8884228187919463,0.02097315436241611,High
Toyota Prius Sunroof a Turing 2020,Toyota,Prius,Automatic,"Hybrid, Octane",3820000,2020,1800.0,9350,6,1558.3333333333333,0.8884228187919463,0.029865771812080538,High
Honda Insight Ex leather pkg 2020,Honda,Insight,Automatic,"Petrol, Hybrid",3550000,2020,1500.0,96580,6,16096.666666666666,0.0424496644295302,0.015100671140939598,High
Toyota Noah X NON-HYBRID 2021,Toyota,Noah,Automatic,"Petrol, Octane",3280000,2021,2000.0,74326,5,14865.2,0.8884228187919463,0.10671140939597315,Medium
Honda Grace RED 2021,Honda,Grace,Automatic,Hybrid,2800000,2021,1500.0,39521,5,7904.2,0.0424496644295302,0.0038590604026845637,Medium
Toyota Noah SI WXB HYBRID 2020,Toyota,Noah,Automatic,"Hybrid, Octane",3350000,2020,1800.0,67521,6,11253.5,0.8884228187919463,0.10671140939597315,Medium
Honda Insight HYBRID LX PACKAGE 2021,Honda,Insight,Automatic,Hybrid,3650000,2021,1500.0,123452,5,24690.4,0.0424496644295302,0.015100671140939598,High
Toyota Axio EX NON HV PKG 2020,Toyota,Axio,Automatic,Octane,2600000,2020,1500.0,207433,6,34572.166666666664,0.8884228187919463,0.10939597315436242,Medium
Toyota Corolla Hybrid 2021,Toyota,Corolla,Automatic,"Petrol, Hybrid, Octane",2400000,2021,1800.0,55660,5,11132.0,0.8884228187919463,0.04848993288590604,Medium
Toyota Voxy Hybrid 2021,Toyota,Voxy,Automatic,"Petrol, Hybrid, Octane",3300000,2021,1800.0,123,5,24.6,0.8884228187919463,0.027348993288590605,Medium
Toyota Corolla Hybrid WxB Package 2021,Toyota,Corolla,Automatic,"Petrol, Hybrid, Octane",2750000,2021,1800.0,123,5,24.6,0.8884228187919463,0.04848993288590604,Medium
Toyota Yaris Hybrid X Package 2021,Toyota,Yaris,Automatic,"Petrol, Hybrid, Octane",1900000,2021,1500.0,123,5,24.6,0.8884228187919463,0.003355704697986577,Low
Toyota Corona SELACT SALON 1500 1992,Toyota,Corona,Automatic,"Petrol, CNG",350000,1992,1500.0,90000,34,2647.0588235294117,0.8884228187919463,0.0006711409395973154,Low
Toyota Yaris Cross Hybrid 2021,Toyota,Yaris Cross,Automatic,Hybrid,3000000,2021,1500.0,66000,5,13200.0,0.8884228187919463,0.02097315436241611,Medium
Toyota Hiace GL 2020,Toyota,Hiace,Automatic,"Petrol, Octane",3250000,2020,2000.0,74000,6,12333.333333333334,0.8884228187919463,0.09429530201342282,Medium
Toyota Corolla Cross Z Grey New Shape 2025,Toyota,Corolla Cross,Automatic,Hybrid,6450000,2025,1800.0,32,1,32.0,0.8884228187919463,0.07097315436241611,Luxury
Toyota Axio EX NON HYBRID SILVER 2021,Toyota,Axio,Automatic,Petrol,2650000,2021,1500.0,10537,5,2107.4,0.8884228187919463,0.10939597315436242,Medium
Toyota Hiace GL 2020,Toyota,Hiace,Automatic,"Petrol, Octane",3350000,2020,2000.0,73673,6,12278.833333333334,0.8884228187919463,0.09429530201342282,Medium
Toyota Premio F-EX PKG 4 WINE 2021,Toyota,Premio,Automatic,Octane,4850000,2021,1500.0,31910,5,6382.0,0.8884228187919463,0.05285234899328859,Luxury
Toyota Corolla WXB HY FULL LOADED 2020,Toyota,Corolla,Automatic,"Petrol, Hybrid, Octane",3100000,2020,1800.0,74569,6,12428.166666666666,0.8884228187919463,0.04848993288590604,Medium
Toyota Noah S-Z-Foot--Leg-Loaded 2022,Toyota,Noah,Automatic,"Petrol, Hybrid, Octane",4500000,2022,1800.0,76000,4,19000.0,0.8884228187919463,0.10671140939597315,Luxury
Toyota Fielder Hybrid 4 Grade 2020,Toyota,Fielder,Automatic,Hybrid,2320000,2020,1500.0,90254,6,15042.333333333334,0.8884228187919463,0.057885906040268456,Low
Toyota Corolla Cross Z-LEATHER HY HARD TP 2022,Toyota,Corolla Cross,Automatic,"Petrol, Hybrid, Octane",4550000,2022,1800.0,53689,4,13422.25,0.8884228187919463,0.07097315436241611,Luxury
Honda Insight Ex leather pkg 2020,Honda,Insight,Automatic,"Hybrid, Octane",3790000,2020,1500.0,81000,6,13500.0,0.0424496644295302,0.015100671140939598,High
Toyota Prado Tx 7 Seats 2007,Toyota,Prado,Automatic,Octane,3850000,2007,2700.0,56000,19,2947.3684210526317,0.8884228187919463,0.013926174496644295,High
Toyota Noah HYB PUSH 2DR POWER 2022,Toyota,Noah,Automatic,Hybrid,3780000,2022,1800.0,119000,4,29750.0,0.8884228187919463,0.10671140939597315,High
Toyota Corolla Cross Z 2023,Toyota,Corolla Cross,Automatic,"Hybrid, Octane",5350000,2023,1790.0,34918,3,11639.333333333334,0.8884228187919463,0.07097315436241611,Luxury
Toyota Prius ALPHA S 73000km 2018,Toyota,Prius,Automatic,Hybrid,2700000,2018,1800.0,73000,8,9125.0,0.8884228187919463,0.029865771812080538,Medium
Toyota Premio F-L 2021,Toyota,Premio,Automatic,Octane,4400000,2021,1490.0,33305,5,6661.0,0.8884228187919463,0.05285234899328859,High
Toyota Esquire GI NON HYB 4.5 POINT 2021,Toyota,Esquire,Automatic,Octane,4800000,2021,2000.0,67000,5,13400.0,0.8884228187919463,0.05855704697986577,Luxury
Toyota Voxy SZ 2022,Toyota,Voxy,Automatic,"Hybrid, Octane",5400000,2022,1790.0,49400,4,12350.0,0.8884228187919463,0.027348993288590605,Luxury
Toyota Voxy Z-S KIRAMIKI NON-HYB 2020,Toyota,Voxy,Automatic,Octane,3880000,2020,2000.0,48000,6,8000.0,0.8884228187919463,0.027348993288590605,High
Toyota Harrier Z 2021,Toyota,Harrier,Automatic,Octane,8800000,2021,1980.0,24300,5,4860.0,0.8884228187919463,0.03976510067114094,Luxury
Toyota Fielder X PACKAGE 2018,Toyota,Fielder,Automatic,"Petrol, Hybrid, Octane",2080000,2018,1500.0,74000,8,9250.0,0.8884228187919463,0.057885906040268456,Low
Toyota Harrier ZLP PKG 2020,Toyota,Harrier,Automatic,Octane,8350000,2020,1980.0,48100,6,8016.666666666667,0.8884228187919463,0.03976510067114094,Luxury
Toyota Noah X NON HYB 4.5POINT 2021,Toyota,Noah,Automatic,Octane,3980000,2021,2000.0,93000,5,18600.0,0.8884228187919463,0.10671140939597315,High
Volvo XC90 HARD JEEP 2019,Volvo,XC90,Automatic,Octane,10500000,2019,2000.0,59800,7,8542.857142857143,0.00016778523489932885,0.00016778523489932885,Luxury
Toyota Fielder EX HYBRID BLACK 2021,Toyota,Fielder,Automatic,"Hybrid, Octane",2300000,2021,1500.0,51532,5,10306.4,0.8884228187919463,0.057885906040268456,Low
Toyota Harrier 2009,Toyota,Harrier,Automatic,Octane,2930000,2014,2400.0,70000,12,5833.333333333333,0.8884228187919463,0.03976510067114094,Medium
Toyota Axio Non Hybrid 2020,Toyota,Axio,Automatic,Octane,2580000,2020,1500.0,91000,6,15166.666666666666,0.8884228187919463,0.10939597315436242,Medium
Toyota Axio 2020 Hybrid,Toyota,Axio,Automatic,"Hybrid, Octane",2220000,2020,1500.0,85000,6,14166.666666666666,0.8884228187919463,0.10939597315436242,Low
Toyota C-HR Hybrid 2020,Toyota,C-HR,Automatic,"Hybrid, Octane",3250000,2020,1800.0,45000,6,7500.0,0.8884228187919463,0.027181208053691275,Medium
Toyota Aqua 2020 Hybrid,Toyota,Aqua,Automatic,"Hybrid, Octane",1740000,2020,1500.0,80000,6,13333.333333333334,0.8884228187919463,0.015771812080536914,Low
Toyota Axio Hybrid 2020,Toyota,Axio,Automatic,"Hybrid, Octane",2280000,2020,1500.0,65385,6,10897.5,0.8884228187919463,0.10939597315436242,Low
Toyota Fielder Non Hybrid 2020,Toyota,Fielder,Automatic,Octane,2590000,2020,1500.0,89562,6,14927.0,0.8884228187919463,0.057885906040268456,Medium
Toyota Noah X non hybrid kye 2020,Toyota,Noah,Automatic,"Petrol, Octane",3600000,2020,2000.0,96000,6,16000.0,0.8884228187919463,0.10671140939597315,High
Toyota Noah NON HYBRID G BLACK 2021,Toyota,Noah,Automatic,"Petrol, Octane",5080000,2021,2000.0,37234,5,7446.8,0.8884228187919463,0.10671140939597315,Luxury
Toyota Axio EX HYBRID UNIT 2020,Toyota,Axio,Automatic,Hybrid,2300000,2020,1500.0,114390,6,19065.0,0.8884228187919463,0.10939597315436242,Low
Toyota Axio PUSH HYBRID EX UNIT 2020,Toyota,Axio,Automatic,Hybrid,2390000,2020,1500.0,104290,6,17381.666666666668,0.8884228187919463,0.10939597315436242,Medium
Toyota Harrier Z PAKAGE HYBRID 2021,Toyota,Harrier,Automatic,Hybrid,7700000,2021,2500.0,14325,5,2865.0,0.8884228187919463,0.03976510067114094,Luxury
Honda Vezel E PLAY eHEV 2022,Honda,Vezel,Automatic,Hybrid,4600000,2022,1500.0,17178,4,4294.5,0.0424496644295302,0.006711409395973154,Luxury
Honda Vezel E PLAY eHEV 2022,Honda,Vezel,Automatic,Hybrid,4600000,2022,1500.0,17892,4,4473.0,0.0424496644295302,0.006711409395973154,Luxury
Toyota Axio HYBRID EX PKG UNIT 2020,Toyota,Axio,Automatic,Hybrid,2350000,2020,1500.0,114983,6,19163.833333333332,0.8884228187919463,0.10939597315436242,Medium
Toyota Axio G PACKAGE 2019,Toyota,Axio,Automatic,"Petrol, Hybrid, Octane",2460000,2019,1500.0,42000,7,6000.0,0.8884228187919463,0.10939597315436242,Medium
Toyota Axio EX-NON HYBRID-PUSH 2020,Toyota,Axio,Automatic,Octane,2600000,2020,2000.0,207983,6,34663.833333333336,0.8884228187919463,0.10939597315436242,Medium
Toyota Axio HYBRID PUSH EX UNIT 2020,Toyota,Axio,Automatic,Hybrid,2390000,2020,1500.0,104232,6,17372.0,0.8884228187919463,0.10939597315436242,Medium
Toyota Corolla Cross Z PKG MOONROOF 360 2021,Toyota,Corolla Cross,Automatic,Hybrid,4490000,2021,1800.0,449000,5,89800.0,0.8884228187919463,0.07097315436241611,Luxury
Toyota Prius A Premium Touring 2020,Toyota,Prius,Automatic,"Hybrid, Octane",3720000,2020,1800.0,53157,6,8859.5,0.8884228187919463,0.029865771812080538,High
Toyota Voxy ZS KIRAMEKI HYBRID 2020,Toyota,Voxy,Automatic,"Petrol, Hybrid, Octane",3300000,2020,1800.0,123,6,20.5,0.8884228187919463,0.027348993288590605,Medium
Toyota Noah Hybrid 2022,Toyota,Noah,Automatic,Hybrid,4150000,2022,1800.0,55000,4,13750.0,0.8884228187919463,0.10671140939597315,High
Toyota Yaris Cross hybrid Ready 2021,Toyota,Yaris Cross,Automatic,"Petrol, Hybrid, Octane",3380000,2021,1500.0,38965,5,7793.0,0.8884228187919463,0.02097315436241611,Medium
Toyota Axio Hybrid Fielder 2021,Toyota,Axio,Automatic,Hybrid,2250000,2021,1500.0,78543,5,15708.6,0.8884228187919463,0.10939597315436242,Low
Toyota Noah hybrid 2020,Toyota,Noah,Automatic,"Petrol, Hybrid, Octane",2900000,2020,1800.0,54862,6,9143.666666666666,0.8884228187919463,0.10671140939597315,Medium
Toyota RAV4 Hybrid G READY 2020,Toyota,RAV4,Automatic,Hybrid,5250000,2020,2500.0,65550,6,10925.0,0.8884228187919463,0.009731543624161074,Luxury
Toyota Allion 2020,Toyota,Allion,Automatic,Octane,3650000,2020,1500.0,78661,6,13110.166666666666,0.8884228187919463,0.03120805369127517,High
Toyota C-HR Hybrid 2020,Toyota,C-HR,Automatic,Hybrid,3250000,2020,1800.0,48645,6,8107.5,0.8884228187919463,0.027181208053691275,Medium
Toyota Esquire HYBRID 2020,Toyota,Esquire,Automatic,"Petrol, Hybrid, Octane, Other fuel type",3300000,2020,1800.0,70000,6,11666.666666666666,0.8884228187919463,0.05855704697986577,Medium
Toyota Esquire NON HYBRID X i 2020,Toyota,Esquire,Automatic,"Petrol, Octane, Other fuel type",3600000,2020,2000.0,67000,6,11166.666666666666,0.8884228187919463,0.05855704697986577,High
Toyota C-HR hybrid 2020,Toyota,C-HR,Automatic,"Petrol, Hybrid, Octane",2350000,2020,1800.0,48567,6,8094.5,0.8884228187919463,0.027181208053691275,Medium
Toyota Corolla Hybrid GX TOURING 2021,Toyota,Corolla,Automatic,Hybrid,2350000,2021,1800.0,48464,5,9692.8,0.8884228187919463,0.04848993288590604,Medium
Toyota Voxy ZS Kerameki 2020,Toyota,Voxy,Automatic,"Petrol, Hybrid, Octane",3150000,2020,1800.0,58324,6,9720.666666666666,0.8884228187919463,0.027348993288590605,Medium
Toyota Fielder Hybrid EX Package 2021,Toyota,Fielder,Automatic,"Petrol, Hybrid, Octane",2200000,2021,1500.0,123,5,24.6,0.8884228187919463,0.057885906040268456,Low
Toyota Fielder NON HYBRID SILVER EX 2020,Toyota,Fielder,Automatic,"Petrol, Octane",2700000,2020,1500.0,124000,6,20666.666666666668,0.8884228187919463,0.057885906040268456,Medium
Toyota C-HR hybrid 2020,Toyota,C-HR,Automatic,"Petrol, Hybrid, Octane",3400000,2020,1800.0,52647,6,8774.5,0.8884228187919463,0.027181208053691275,High
Toyota Corolla Cross Z Leather 360 Camera 2021,Toyota,Corolla Cross,Automatic,"Petrol, Hybrid, Octane",4460000,2021,1800.0,44100,5,8820.0,0.8884228187919463,0.07097315436241611,Luxury
Toyota Voxy ZS KIRAMIKE2 BODYKIT 2020,Toyota,Voxy,Automatic,Hybrid,3400000,2020,1800.0,76538,6,12756.333333333334,0.8884228187919463,0.027348993288590605,High
Toyota Aqua Z Leather New Shape 2021,Toyota,Aqua,Automatic,"Petrol, Hybrid, Octane",2500000,2021,1500.0,29000,5,5800.0,0.8884228187919463,0.015771812080536914,Medium
Hyundai Sonata LUXURY  SUN ROOF 2016,Hyundai,Sonata,Automatic,Octane,2430000,2016,2400.0,44180,10,4418.0,0.0028523489932885905,0.0010067114093959733,Medium
Toyota Allion A15 SILVER AP 4 2020,Toyota,Allion,Automatic,Petrol,3650000,2020,1500.0,71360,6,11893.333333333334,0.8884228187919463,0.03120805369127517,High
Toyota Hiace SUPER GL BLACK 2021,Toyota,Hiace,Automatic,Petrol,4800000,2021,2000.0,20000,5,4000.0,0.8884228187919463,0.09429530201342282,Luxury
Toyota Hiace Super GL Dark Prime2 2021,Toyota,Hiace,Automatic,Petrol,4690000,2021,2000.0,109200,5,21840.0,0.8884228187919463,0.09429530201342282,Luxury
Toyota Hiace GL Silver Dual AC 2020,Toyota,Hiace,Automatic,Petrol,3570000,2020,2000.0,75000,6,12500.0,0.8884228187919463,0.09429530201342282,High
Toyota Harrier Hybrid Black Z Pkg 2020,Toyota,Harrier,Automatic,Hybrid,7650000,2020,2500.0,45000,6,7500.0,0.8884228187919463,0.03976510067114094,Luxury
Nissan X-Trail 20XI Pearl 5 Point 2021,Nissan,X-Trail,Automatic,Hybrid,5050000,2021,2000.0,35200,5,7040.0,0.02365771812080537,0.015436241610738255,Luxury
Toyota Hiace Super GL Dark Prime2 2023,Toyota,Hiace,Automatic,Petrol,5030000,2023,2000.0,42600,3,14200.0,0.8884228187919463,0.09429530201342282,Luxury
Toyota Voxy SZ Pkg Hybrid Pearl 2022,Toyota,Voxy,Automatic,Hybrid,4750000,2022,1800.0,55100,4,13775.0,0.8884228187919463,0.027348993288590605,Luxury
Toyota Hiace Super GL Dark Prime2 2020,Toyota,Hiace,Automatic,Petrol,4490000,2020,2000.0,77000,6,12833.333333333334,0.8884228187919463,0.09429530201342282,Luxury
Toyota Noah Hybrid SG Pkg Grey 2022,Toyota,Noah,Automatic,Hybrid,4480000,2022,1800.0,23500,4,5875.0,0.8884228187919463,0.10671140939597315,Luxury
Toyota Corolla Cross Z Red wine 5 Point 2025,Toyota,Corolla Cross,Automatic,Hybrid,5650000,2025,1800.0,15000,1,15000.0,0.8884228187919463,0.07097315436241611,Luxury
Toyota Aqua S Pkg Black Color 2020,Toyota,Aqua,Automatic,Hybrid,1900000,2020,1500.0,78000,6,13000.0,0.8884228187919463,0.015771812080536914,Low
Toyota Hiace Super GL Pkg Silver 2020,Toyota,Hiace,Automatic,Petrol,3980000,2020,2000.0,105000,6,17500.0,0.8884228187919463,0.09429530201342282,High
Toyota Harrier Premium Pearl 440k 2020,Toyota,Harrier,Automatic,Petrol,6890000,2020,2000.0,40000,6,6666.666666666667,0.8884228187919463,0.03976510067114094,Luxury
Toyota Harrier Z LEATHER 2020,Toyota,Harrier,Automatic,"Petrol, Octane",7900000,2020,2000.0,40120,6,6686.666666666667,0.8884228187919463,0.03976510067114094,Luxury
Toyota Harrier Z LEATHER 2020,Toyota,Harrier,Automatic,"Petrol, Octane",7850000,2020,2000.0,34700,6,5783.333333333333,0.8884228187919463,0.03976510067114094,Luxury
Toyota Noah Nonhybrid push 2 D.P 2020,Toyota,Noah,Automatic,"Petrol, Octane",3780000,2020,2000.0,93517,6,15586.166666666666,0.8884228187919463,0.10671140939597315,High
Toyota Hiace AMBULANCE3.5 SILVER 2020,Toyota,Hiace,Automatic,Octane,2810000,2020,2000.0,82877,6,13812.833333333334,0.8884228187919463,0.09429530201342282,Medium
Toyota Fielder Ex Non Hybrid Push 2020,Toyota,Fielder,Automatic,"Petrol, Octane",2600000,2020,1500.0,77924,6,12987.333333333334,0.8884228187919463,0.057885906040268456,Medium
Toyota Axio EX 2020,Toyota,Axio,Automatic,Octane,2300000,2020,1500.0,77833,6,12972.166666666666,0.8884228187919463,0.10939597315436242,Low
Toyota Hiace Super GL Dark Prime 2020,Toyota,Hiace,Automatic,Octane,4300000,2020,2000.0,76000,6,12666.666666666666,0.8884228187919463,0.09429530201342282,High
Toyota Axio HYBRID-EX PACKAGE 2020,Toyota,Axio,Automatic,Hybrid,2300000,2020,1500.0,114276,6,19046.0,0.8884228187919463,0.10939597315436242,Low
Toyota Esquire Gi Premium 2020,Toyota,Esquire,Automatic,"Petrol, Hybrid, Octane",3650000,2020,1800.0,72522,6,12087.0,0.8884228187919463,0.05855704697986577,High
Toyota Fielder Ex Non Hybrid 2020,Toyota,Fielder,Automatic,"Petrol, Octane",2750000,2020,1500.0,60100,6,10016.666666666666,0.8884228187919463,0.057885906040268456,Medium
Toyota Axio Ex 2020,Toyota,Axio,Automatic,"Petrol, Hybrid, Octane",2100000,2020,1500.0,48900,6,8150.0,0.8884228187919463,0.10939597315436242,Low
Toyota Fielder Ex 2020,Toyota,Fielder,Automatic,"Petrol, Hybrid, Octane",2550000,2020,1500.0,81000,6,13500.0,0.8884228187919463,0.057885906040268456,Medium
Toyota Esquire Gi Premium Non HYB 2020,Toyota,Esquire,Automatic,"Petrol, Octane",4750000,2020,2000.0,49000,6,8166.666666666667,0.8884228187919463,0.05855704697986577,Luxury
Toyota Axio EX PKG 2020,Toyota,Axio,Automatic,"Petrol, Hybrid, Octane",2150000,2020,1500.0,70000,6,11666.666666666666,0.8884228187919463,0.10939597315436242,Low
Toyota Noah Si Wxb 2 2020,Toyota,Noah,Automatic,"Petrol, Hybrid, Octane",3400000,2020,1800.0,61500,6,10250.0,0.8884228187919463,0.10671140939597315,High
Toyota Axio EX Non hybrid 2020,Toyota,Axio,Automatic,"Petrol, Octane",2750000,2020,1500.0,95930,6,15988.333333333334,0.8884228187919463,0.10939597315436242,Medium
Toyota Noah G Hybrid 2020,Toyota,Noah,Automatic,"Petrol, Hybrid, Octane",3350000,2020,1800.0,54100,6,9016.666666666666,0.8884228187919463,0.10671140939597315,Medium
Toyota Noah SI WXB 4.5 PEARL 2020,Toyota,Noah,Automatic,"Hybrid, Octane",3780000,2020,1800.0,82350,6,13725.0,0.8884228187919463,0.10671140939597315,High
Toyota Hiace SUPER GL 2020 OFFER,Toyota,Hiace,Automatic,"Petrol, Octane",4100000,2020,2000.0,80000,6,13333.333333333334,0.8884228187919463,0.09429530201342282,High
Toyota C-HR GLED DhakaReady 2020,Toyota,C-HR,Automatic,Octane,3520000,2020,1500.0,70000,6,11666.666666666666,0.8884228187919463,0.027181208053691275,High
Toyota Hiace GL DUAL AC READY 2020,Toyota,Hiace,Automatic,Octane,3400000,2020,2000.0,74522,6,12420.333333333334,0.8884228187919463,0.09429530201342282,High
Toyota Axio EX HYBRID DHAKAREADY 2020,Toyota,Axio,Automatic,"Hybrid, Octane",2270000,2020,1500.0,76532,6,12755.333333333334,0.8884228187919463,0.10939597315436242,Low
Nissan X-Trail 2012,Nissan,X-Trail,Automatic,Octane,2140000,2012,2000.0,78000,14,5571.428571428572,0.02365771812080537,0.015436241610738255,Low
Toyota Probox GL 2011,Toyota,Probox,Automatic,"CNG, Octane",980000,2011,1500.0,87200,15,5813.333333333333,0.8884228187919463,0.00436241610738255,Low
Toyota Noah X smart 2014,Toyota,Noah,Automatic,Octane,2795000,2014,2000.0,85000,12,7083.333333333333,0.8884228187919463,0.10671140939597315,Medium
Toyota Prado TX-L Grade-Five 2022,Toyota,Prado,Automatic,"Petrol, Octane",18000000,2022,2700.0,27000,4,6750.0,0.8884228187919463,0.013926174496644295,Luxury
Toyota Hiace S GL DARK PRIME 2 2022,Toyota,Hiace,Automatic,"Petrol, Octane",4700000,2022,2000.0,57000,4,14250.0,0.8884228187919463,0.09429530201342282,Luxury
Toyota Fielder Hybrid EX Push 2020,Toyota,Fielder,Automatic,"Petrol, Hybrid, Octane",2420000,2020,1500.0,70000,6,11666.666666666666,0.8884228187919463,0.057885906040268456,Medium
Toyota Premio FEX BEAGE SIT GP-4.5 2020,Toyota,Premio,Automatic,"Petrol, Octane",4850000,2020,1500.0,37845,6,6307.5,0.8884228187919463,0.05285234899328859,Luxury
Toyota Harrier Z Leather New 2020,Toyota,Harrier,Automatic,Octane,7500000,2020,2000.0,85452,6,14242.0,0.8884228187919463,0.03976510067114094,Luxury
"Nissan X-Trail G E 40RCE, e-POWER 2023",Nissan,X-Trail,Automatic,"Petrol, Octane",6990000,2023,1500.0,43000,3,14333.333333333334,0.02365771812080537,0.015436241610738255,Luxury
Toyota Premio F-L PKG 2020,Toyota,Premio,Automatic,Octane,4650000,2020,1490.0,43078,6,7179.666666666667,0.8884228187919463,0.05285234899328859,Luxury
Toyota Harrier Z 2021,Toyota,Harrier,Automatic,Octane,8400000,2021,1980.0,26600,5,5320.0,0.8884228187919463,0.03976510067114094,Luxury
Toyota Corolla Cross Z LEATHER PANAROMIC 2025,Toyota,Corolla Cross,Automatic,"Petrol, Hybrid, Octane",6300000,2025,1800.0,16,1,16.0,0.8884228187919463,0.07097315436241611,Luxury
Toyota Axio HYBRID EX PUSH START 2020,Toyota,Axio,Automatic,Hybrid,2350000,2020,1500.0,88167,6,14694.5,0.8884228187919463,0.10939597315436242,Medium
Toyota Probox GL 2004,Toyota,Probox,Automatic,"CNG, Octane",750000,2004,1500.0,68000,22,3090.909090909091,0.8884228187919463,0.00436241610738255,Low
Toyota Harrier HYBRID 2021,Toyota,Harrier,Automatic,Hybrid,6000000,2021,2000.0,32657,5,6531.4,0.8884228187919463,0.03976510067114094,Luxury
Toyota Corolla Cross 360 CAM DHAKA READY 2022,Toyota,Corolla Cross,Automatic,"Hybrid, Octane",4600000,2022,1800.0,26013,4,6503.25,0.8884228187919463,0.07097315436241611,Luxury
Toyota Yaris Cross showroom ready 2020,Toyota,Yaris Cross,Automatic,"Petrol, Hybrid, Octane",3450000,2020,1500.0,31748,6,5291.333333333333,0.8884228187919463,0.02097315436241611,High
Toyota Yaris Cross Z PKG-HYBRID 2020,Toyota,Yaris Cross,Automatic,"Petrol, Hybrid, Octane",3450000,2020,1500.0,57748,6,9624.666666666666,0.8884228187919463,0.02097315436241611,High
Toyota RAV4 HYBRID FULL OPTION 2022,Toyota,RAV4,Automatic,"Hybrid, Octane",8500000,2022,2500.0,16013,4,4003.25,0.8884228187919463,0.009731543624161074,Luxury
Toyota RAV4 HYBRID NEW SHAPE 2022,Toyota,RAV4,Automatic,"Petrol, Hybrid, Octane",8500000,2022,2000.0,19013,4,4753.25,0.8884228187919463,0.009731543624161074,Luxury
Toyota Sienta G GRANPA READY CAR 2020,Toyota,Sienta,Automatic,"Hybrid, Octane",2650000,2020,1500.0,51013,6,8502.166666666666,0.8884228187919463,0.009228187919463088,Medium
Toyota Noah NON HYBRID X PKG 2021,Toyota,Noah,Automatic,"Petrol, Octane",3700000,2021,2000.0,48013,5,9602.6,0.8884228187919463,0.10671140939597315,High
Toyota Hiace GL Ambulance 2020,Toyota,Hiace,Automatic,"Petrol, Octane",2950000,2020,2000.0,87000,6,14500.0,0.8884228187919463,0.09429530201342282,Medium
Toyota Esquire GI-PREMIUM MODILISTA 2020,Toyota,Esquire,Automatic,Hybrid,4000000,2020,1800.0,87000,6,14500.0,0.8884228187919463,0.05855704697986577,High
Toyota Yaris Cross Z-Leather 2021,Toyota,Yaris Cross,Automatic,Hybrid,3770000,2021,1500.0,60500,5,12100.0,0.8884228187919463,0.02097315436241611,High
Toyota Fielder Ex Hybrid 2020,Toyota,Fielder,Automatic,Hybrid,2400000,2020,1500.0,60125,6,10020.833333333334,0.8884228187919463,0.057885906040268456,Medium
Toyota Axio Ex Non Hybrid 2020,Toyota,Axio,Automatic,Petrol,2880000,2020,1500.0,73000,6,12166.666666666666,0.8884228187919463,0.10939597315436242,Medium
Toyota Yaris Cross Z 2021,Toyota,Yaris Cross,Automatic,Hybrid,3690000,2021,1500.0,55000,5,11000.0,0.8884228187919463,0.02097315436241611,High
Toyota Corolla Gx 2020,Toyota,Corolla,Automatic,Hybrid,2950000,2020,1800.0,54000,6,9000.0,0.8884228187919463,0.04848993288590604,Medium
Honda Insight EX 5POINT8000KM 2021,Honda,Insight,Automatic,Hybrid,4500000,2021,1500.0,8000,5,1600.0,0.0424496644295302,0.015100671140939598,Luxury
Toyota Premio F-L PKG 2020,Toyota,Premio,Automatic,Octane,4650000,2020,1490.0,32882,6,5480.333333333333,0.8884228187919463,0.05285234899328859,Luxury
Toyota Prius STS PKG 2021,Toyota,Prius,Automatic,"Hybrid, Octane",3975000,2021,1790.0,29500,5,5900.0,0.8884228187919463,0.029865771812080538,High
Toyota Harrier Z PKG 2023,Toyota,Harrier,Automatic,"Hybrid, Octane",9450000,2023,2480.0,32301,3,10767.0,0.8884228187919463,0.03976510067114094,Luxury
Toyota Noah X PKG NON HYB 2020,Toyota,Noah,Automatic,Octane,3750000,2020,2000.0,94000,6,15666.666666666666,0.8884228187919463,0.10671140939597315,High
Toyota C-HR G 2020,Toyota,C-HR,Automatic,"Hybrid, Octane",3700000,2020,1790.0,19800,6,3300.0,0.8884228187919463,0.027181208053691275,High
Toyota Corolla Cross Z 2023,Toyota,Corolla Cross,Automatic,"Hybrid, Octane",5300000,2023,1790.0,32000,3,10666.666666666666,0.8884228187919463,0.07097315436241611,Luxury
Toyota Noah X PKG 2022,Toyota,Noah,Automatic,Octane,5800000,2022,1980.0,61995,4,15498.75,0.8884228187919463,0.10671140939597315,Luxury
Honda CR-V EX-M 2022,Honda,CR-V,Automatic,Octane,7100000,2022,1490.0,28690,4,7172.5,0.0424496644295302,0.011241610738255034,Luxury
Toyota Esquire PREMIUM PKG PUSH 2020,Toyota,Esquire,Automatic,Hybrid,3900000,2020,1800.0,97254,6,16209.0,0.8884228187919463,0.05855704697986577,High
Toyota Fielder EX NON HV PUSH 2020,Toyota,Fielder,Automatic,Octane,2650000,2020,1500.0,125420,6,20903.333333333332,0.8884228187919463,0.057885906040268456,Medium
Toyota Hiace AMBULANCE GL WHITE 2020,Toyota,Hiace,Automatic,Petrol,2980000,2020,2000.0,81360,6,13560.0,0.8884228187919463,0.09429530201342282,Medium
Toyota Hiace DX Dhaka Ready 2020,Toyota,Hiace,Automatic,Octane,3350000,2020,2000.0,78000,6,13000.0,0.8884228187919463,0.09429530201342282,Medium
Toyota Axio 2017,Toyota,Axio,Automatic,"CNG, Octane",1720000,2022,1500.0,54309,4,13577.25,0.8884228187919463,0.10939597315436242,Low
Toyota Hiace DX Dhaka Ready 2020,Toyota,Hiace,Automatic,Octane,3380000,2020,2000.0,69865,6,11644.166666666666,0.8884228187919463,0.09429530201342282,Medium
Toyota Harrier Z PKG MOONROOF-360 2021,Toyota,Harrier,Automatic,Hybrid,7600000,2021,2500.0,14367,5,2873.4,0.8884228187919463,0.03976510067114094,Luxury
Toyota Axio PUSH HYBRID EX 2020,Toyota,Axio,Automatic,Hybrid,2350000,2020,1500.0,88278,6,14713.0,0.8884228187919463,0.10939597315436242,Medium
Toyota Axio EX PUSH START HYBRID 2021,Toyota,Axio,Automatic,Hybrid,2250000,2021,1500.0,118763,5,23752.6,0.8884228187919463,0.10939597315436242,Low
Toyota Harrier NON HYBRID PREMIUM 2020,Toyota,Harrier,Automatic,Octane,6550000,2020,2000.0,53652,6,8942.0,0.8884228187919463,0.03976510067114094,Luxury
Toyota Axio PUSH START HYBRID 2020,Toyota,Axio,Automatic,Hybrid,2400000,2020,1500.0,88763,6,14793.833333333334,0.8884228187919463,0.10939597315436242,Medium
Toyota Axio HYBRID EX 2020,Toyota,Axio,Automatic,Hybrid,2390000,2020,1500.0,88763,6,14793.833333333334,0.8884228187919463,0.10939597315436242,Medium
Toyota Prius S WITH SUNROOF 2019,Toyota,Prius,Automatic,"Petrol, Hybrid, Octane",3370000,2019,1800.0,67000,7,9571.42857142857,0.8884228187919463,0.029865771812080538,Medium
Toyota Axio EX PUSH START HYBRID 2021,Toyota,Axio,Automatic,Hybrid,2250000,2021,1500.0,119873,5,23974.6,0.8884228187919463,0.10939597315436242,Low
Toyota Premio F-EX 2020,Toyota,Premio,Automatic,"Petrol, Hybrid, Octane",4600000,2020,1500.0,42481,6,7080.166666666667,0.8884228187919463,0.05285234899328859,Luxury
Toyota Corolla Cross HYBRID 2021,Toyota,Corolla Cross,Automatic,"Petrol, Hybrid, Octane",3800000,2021,1800.0,67843,5,13568.6,0.8884228187919463,0.07097315436241611,High
Toyota Voxy HYBRID 2022,Toyota,Voxy,Automatic,Hybrid,3800000,2022,1800.0,35421,4,8855.25,0.8884228187919463,0.027348993288590605,High
Toyota Corolla Cross Hybrid NEW 2023,Toyota,Corolla Cross,Automatic,Hybrid,4850000,2023,1800.0,14546,3,4848.666666666667,0.8884228187919463,0.07097315436241611,Luxury
Toyota Axio hybrid 2020,Toyota,Axio,Automatic,"Petrol, Hybrid, Octane",2150000,2020,1500.0,56328,6,9388.0,0.8884228187919463,0.10939597315436242,Low
Toyota Corolla Fielder Hybrid EX 2020,Toyota,Corolla,Automatic,Hybrid,2150000,2020,1500.0,48900,6,8150.0,0.8884228187919463,0.04848993288590604,Low
Nissan X-Trail E-4orce MASSIVE GREY 2022,Nissan,X-Trail,Automatic,Hybrid,6750000,2022,1500.0,19000,4,4750.0,0.02365771812080537,0.015436241610738255,Luxury
Toyota Hiace SUPER GL 4.5 PURPLE 2021,Toyota,Hiace,Automatic,Octane,4730000,2021,2000.0,22890,5,4578.0,0.8884228187919463,0.09429530201342282,Luxury
Toyota Corolla G 2004,Toyota,Corolla,Automatic,"CNG, Octane",1250000,2004,1500.0,68000,22,3090.909090909091,0.8884228187919463,0.04848993288590604,Low
Toyota Raum 2005,Toyota,Raum,Automatic,Octane,960000,2008,1500.0,96205,18,5344.722222222223,0.8884228187919463,0.0015100671140939597,Low
Toyota Corolla Cross Hybrid Z Leather 2022,Toyota,Corolla Cross,Automatic,"Petrol, Hybrid, Octane",4400000,2022,1800.0,50000,4,12500.0,0.8884228187919463,0.07097315436241611,High
MG ZS 2021,MG,ZS,Automatic,Octane,2280000,2022,1500.0,38885,4,9721.25,0.001174496644295302,0.0005033557046979866,Low
Toyota Noah X Pkg Push Hy 1DP 2020,Toyota,Noah,Automatic,"Petrol, Hybrid, Octane",3050000,2020,1800.0,121094,6,20182.333333333332,0.8884228187919463,0.10671140939597315,Medium
Toyota C-HR G-LED HY NEW SHAPE 2020,Toyota,C-HR,Automatic,"Petrol, Hybrid, Octane",3680000,2020,1800.0,69845,6,11640.833333333334,0.8884228187919463,0.027181208053691275,High
Toyota Hiace SGL  S 2020,Toyota,Hiace,Automatic,"Petrol, Octane",3900000,2020,2000.0,50000,6,8333.333333333334,0.8884228187919463,0.09429530201342282,High
Toyota Yaris Cross G Hybrid 2020,Toyota,Yaris Cross,Automatic,"Hybrid, Octane",3500000,2020,1500.0,35338,6,5889.666666666667,0.8884228187919463,0.02097315436241611,High
Toyota Allion A15 White 4 Grade 2020,Toyota,Allion,Automatic,"Petrol, Octane",3750000,2020,1500.0,36201,6,6033.5,0.8884228187919463,0.03120805369127517,High
Toyota Corolla Cross Z-LEATHER 360 CAM 2022,Toyota,Corolla Cross,Automatic,"Petrol, Hybrid, Octane",4600000,2022,1800.0,11000,4,2750.0,0.8884228187919463,0.07097315436241611,Luxury
Honda Insight EX BLACK STYLE 2021,Honda,Insight,Automatic,Hybrid,4500000,2021,1500.0,37000,5,7400.0,0.0424496644295302,0.015100671140939598,Luxury
Toyota Harrier ZLP Package 2025,Toyota,Harrier,Automatic,"Hybrid, Octane",12100000,2025,2480.0,8,1,8.0,0.8884228187919463,0.03976510067114094,Luxury
Toyota Esquire PUSH HV GI PREMIUM 2020,Toyota,Esquire,Automatic,Hybrid,3750000,2020,1800.0,97196,6,16199.333333333334,0.8884228187919463,0.05855704697986577,High
Toyota RAV4 hybrid 2020,Toyota,RAV4,Automatic,"Petrol, Hybrid, Octane",5150000,2020,2500.0,56847,6,9474.5,0.8884228187919463,0.009731543624161074,Luxury
Toyota Corolla TOURING WXB PEARL 2021,Toyota,Corolla,Automatic,Hybrid,3000000,2021,1800.0,109000,5,21800.0,0.8884228187919463,0.04848993288590604,Medium
Toyota Corolla Cross HYBRID 2021,Toyota,Corolla Cross,Automatic,Hybrid,3750000,2021,1800.0,52546,5,10509.2,0.8884228187919463,0.07097315436241611,High
Toyota Voxy HYBRID 2020,Toyota,Voxy,Automatic,Hybrid,3300000,2020,1800.0,125000,6,20833.333333333332,0.8884228187919463,0.027348993288590605,Medium
Toyota Aqua Hybrid S 2020,Toyota,Aqua,Automatic,Hybrid,1700000,2020,1500.0,76875,6,12812.5,0.8884228187919463,0.015771812080536914,Low
Toyota Noah X NON HYBRID 2020,Toyota,Noah,Automatic,Petrol,3570000,2020,2000.0,99066,6,16511.0,0.8884228187919463,0.10671140939597315,High
Toyota Noah SI WXB II HYBRID 2020,Toyota,Noah,Automatic,Hybrid,3460000,2020,1800.0,69922,6,11653.666666666666,0.8884228187919463,0.10671140939597315,High
Toyota Noah Si Wxb Hybrid 4 2020,Toyota,Noah,Automatic,"Petrol, Hybrid, Octane",3450000,2020,1800.0,98677,6,16446.166666666668,0.8884228187919463,0.10671140939597315,High
Range Rover Evoque Moonroof 2012,Range Rover,Evoque,Automatic,Octane,4850000,2012,2000.0,26000,14,1857.142857142857,0.002181208053691275,0.0005033557046979866,Luxury
Toyota Hiace DX 2021 Dhaka Ready,Toyota,Hiace,Automatic,Octane,3200000,2021,2000.0,75000,5,15000.0,0.8884228187919463,0.09429530201342282,Medium
Toyota Axio EX HYBRID DHAKAREADY 2020,Toyota,Axio,Automatic,"Hybrid, Octane",2260000,2020,1500.0,56925,6,9487.5,0.8884228187919463,0.10939597315436242,Low
Toyota Hiace GL Dhaka Ready 2020,Toyota,Hiace,Automatic,Octane,3500000,2020,2000.0,67000,6,11166.666666666666,0.8884228187919463,0.09429530201342282,High
Proton X70 2021,Proton,Other Model,Automatic,Octane,2550000,2021,1477.0,46048,5,9209.6,0.0016778523489932886,0.005369127516778523,Medium
Toyota Harrier Z Leather 2020,Toyota,Harrier,Automatic,Octane,7800000,2020,2000.0,33300,6,5550.0,0.8884228187919463,0.03976510067114094,Luxury
Toyota ist 1.5L LIMITED EDTION 2005,Toyota,ist,Automatic,Octane,1094999,2005,1500.0,69000,21,3285.714285714286,0.8884228187919463,0.002181208053691275,Low
Toyota Hiace SUPER-GL DPS GP-4 2020,Toyota,Hiace,Automatic,"Petrol, Octane",4400000,2020,2000.0,59214,6,9869.0,0.8884228187919463,0.09429530201342282,High
Toyota Axio Ex Pkg hybrid Gp-4 2020,Toyota,Axio,Automatic,"Petrol, Hybrid, Octane",2500000,2020,1500.0,78254,6,13042.333333333334,0.8884228187919463,0.10939597315436242,Medium
Toyota Axio EX Package 2019,Toyota,Axio,Automatic,Octane,2600000,2019,1500.0,20000,7,2857.1428571428573,0.8884228187919463,0.10939597315436242,Medium
Suzuki 2026,Suzuki,Other Model,Manual,Petrol,75000,2026,150.0,46000,0,46000.0,0.002348993288590604,0.005369127516778523,Low
Toyota Esquire GI PREMIUM HYBRID 2021,Toyota,Esquire,Automatic,"Hybrid, Octane",3500000,2021,1800.0,35862,5,7172.4,0.8884228187919463,0.05855704697986577,High
Toyota Harrier PREMIUM-PKG SUNROOF 2020,Toyota,Harrier,Automatic,Octane,6550000,2020,2000.0,54328,6,9054.666666666666,0.8884228187919463,0.03976510067114094,Luxury
Tata Mahindra 2016,Tata,Other Model,Automatic,"Octane, LPG",670000,2016,1500.0,99582,10,9958.2,0.0003355704697986577,0.005369127516778523,Low
Toyota Corolla Cross Hybrid Z 2023,Toyota,Corolla Cross,Automatic,Hybrid,4400000,2023,1800.0,55463,3,18487.666666666668,0.8884228187919463,0.07097315436241611,High
Toyota Esquire Hybrid GI PRIMEUM 2021,Toyota,Esquire,Automatic,Hybrid,3400000,2021,1800.0,45210,5,9042.0,0.8884228187919463,0.05855704697986577,High
Toyota Noah Hybrid 2021,Toyota,Noah,Automatic,Hybrid,2950000,2021,1800.0,66000,5,13200.0,0.8884228187919463,0.10671140939597315,Medium
Toyota Voxy Z-S KIRAMEKI BLACK 2020,Toyota,Voxy,Automatic,Petrol,3650000,2020,1500.0,68360,6,11393.333333333334,0.8884228187919463,0.027348993288590605,High
Toyota Fielder EX HYBRID SILVER 2021,Toyota,Fielder,Automatic,"Petrol, Hybrid, Octane",2550000,2021,1500.0,32400,5,6480.0,0.8884228187919463,0.057885906040268456,Medium
Toyota Prius S-Touring Selection 2020,Toyota,Prius,Automatic,"Petrol, Hybrid, Octane",3450000,2020,1800.0,111999,6,18666.5,0.8884228187919463,0.029865771812080538,High
Toyota Prius S 2020,Toyota,Prius,Automatic,"Petrol, Hybrid, Octane",2950000,2020,1800.0,64000,6,10666.666666666666,0.8884228187919463,0.029865771812080538,Medium
Toyota Prius S Touring Selection 2020,Toyota,Prius,Automatic,"Petrol, Hybrid, Octane",3400000,2020,1800.0,53800,6,8966.666666666666,0.8884228187919463,0.029865771812080538,High
Toyota Hiace Super GL Dark Prime 2022,Toyota,Hiace,Automatic,"Petrol, Octane",4470000,2022,2000.0,53157,4,13289.25,0.8884228187919463,0.09429530201342282,Luxury
Toyota Hiace Super GL Dark Prime 2022,Toyota,Hiace,Automatic,"Petrol, Octane",4450000,2022,2000.0,37000,4,9250.0,0.8884228187919463,0.09429530201342282,Luxury
Toyota Harrier NON HYBRID Z-LEATHER 2020,Toyota,Harrier,Automatic,Octane,7000000,2020,2000.0,74852,6,12475.333333333334,0.8884228187919463,0.03976510067114094,Luxury
Toyota Corolla Cross Z-LEATHER HYBRID 2023,Toyota,Corolla Cross,Automatic,"Hybrid, Octane",4520000,2023,1800.0,47562,3,15854.0,0.8884228187919463,0.07097315436241611,Luxury
Honda Vezel RS 2016,Honda,Vezel,Automatic,Octane,2220000,2016,1500.0,65219,10,6521.9,0.0424496644295302,0.006711409395973154,Low
Toyota Premio G Superior 2012,Toyota,Premio,Automatic,Petrol,2380000,2012,1500.0,2015,14,143.92857142857142,0.8884228187919463,0.05285234899328859,Medium
Toyota Harrier NON HYBRID Z-LEATHER 2020,Toyota,Harrier,Automatic,Octane,7750000,2020,2000.0,44752,6,7458.666666666667,0.8884228187919463,0.03976510067114094,Luxury
Toyota Fielder EX HYBRID FUL LOADED 2020,Toyota,Fielder,Automatic,"Petrol, Hybrid, Octane",2300000,2020,1500.0,82546,6,13757.666666666666,0.8884228187919463,0.057885906040268456,Low
Toyota Prado Octane 7 Seats 2014,Toyota,Prado,Automatic,Octane,8500000,2014,2700.0,63000,12,5250.0,0.8884228187919463,0.013926174496644295,Luxury
Toyota Harrier FULL OPTION READY 2020,Toyota,Harrier,Automatic,"Petrol, Octane",7700000,2020,2000.0,41013,6,6835.5,0.8884228187919463,0.03976510067114094,Luxury
Honda CR-V HYBRID EX MASTER PKG 2020,Honda,CR-V,Automatic,"Petrol, Hybrid, Octane",5700000,2020,2000.0,47013,6,7835.5,0.0424496644295302,0.011241610738255034,Luxury
Toyota Hiace showroom ready 2020,Toyota,Hiace,Automatic,"Petrol, Octane",4300000,2020,2000.0,440013,6,73335.5,0.8884228187919463,0.09429530201342282,High
Toyota Corolla Cross Z Leather 2023,Toyota,Corolla Cross,Automatic,Hybrid,5100000,2023,1800.0,35000,3,11666.666666666666,0.8884228187919463,0.07097315436241611,Luxury
Toyota Raize Z 2022,Toyota,Raize Z,Automatic,Hybrid,4300000,2022,1200.0,38500,4,9625.0,0.8884228187919463,0.0013422818791946308,High
Toyota Noah X HYBRID 2022,Toyota,Noah,Automatic,Hybrid,3750000,2022,1800.0,63000,4,15750.0,0.8884228187919463,0.10671140939597315,High
Toyota Corolla Cross Z PANORAMIC 4POINT 2022,Toyota,Corolla Cross,Automatic,Hybrid,4700000,2022,1800.0,54000,4,13500.0,0.8884228187919463,0.07097315436241611,Luxury
Toyota Hiace SUPER GL 4.5 POINT 2022,Toyota,Hiace,Automatic,Octane,4750000,2022,2000.0,17000,4,4250.0,0.8884228187919463,0.09429530201342282,Luxury
Toyota Noah X PKG NON HYB 2022,Toyota,Noah,Automatic,Octane,4599999,2022,2000.0,102000,4,25500.0,0.8884228187919463,0.10671140939597315,Luxury
Toyota Probox  2004,Toyota,Probox,Automatic,"CNG, Octane",670000,2004,1331.0,95000,22,4318.181818181818,0.8884228187919463,0.00436241610738255,Low
Toyota Premio F-EX NEW ARRIVAL 2021,Toyota,Premio,Automatic,Petrol,4820000,2021,1500.0,42500,5,8500.0,0.8884228187919463,0.05285234899328859,Luxury
Toyota Alphard Executive Lou. Black 2025,Toyota,Alphard,Automatic,Hybrid,20200000,2025,2500.0,24,1,24.0,0.8884228187919463,0.0050335570469798654,Luxury
Toyota Axio X S   2012,Toyota,Axio,Automatic,"Octane, LPG",1535000,2012,1320.0,76000,14,5428.571428571428,0.8884228187919463,0.10939597315436242,Low
Toyota Prius S PACKAGE 2021,Toyota,Prius,Automatic,Hybrid,3370000,2021,1800.0,58000,5,11600.0,0.8884228187919463,0.029865771812080538,Medium
Toyota Fielder X-Limited 2011,Toyota,Fielder,Automatic,"Octane, LPG",1580000,2011,1500.0,68000,15,4533.333333333333,0.8884228187919463,0.057885906040268456,Low
Toyota Premio G PKG. SUPER FRESH 2010,Toyota,Premio,Automatic,"Octane, LPG",2180000,2010,1500.0,78000,16,4875.0,0.8884228187919463,0.05285234899328859,Low
Toyota Premio F EX PACKAGE 2015,Toyota,Premio,Automatic,"Petrol, CNG",2720000,2015,1500.0,63000,11,5727.272727272727,0.8884228187919463,0.05285234899328859,Medium
Toyota Axio EX PACKAGE PUSH 2020,Toyota,Axio,Automatic,Octane,2880000,2020,1500.0,45000,6,7500.0,0.8884228187919463,0.10939597315436242,Medium
Toyota Corolla Cross Z Black New Shape 2025,Toyota,Corolla Cross,Automatic,Hybrid,6350000,2025,1800.0,1900,1,1900.0,0.8884228187919463,0.07097315436241611,Luxury
Toyota Corolla Cross Z LEATHER BODYKIT 2022,Toyota,Corolla Cross,Automatic,Hybrid,4650000,2022,1800.0,28000,4,7000.0,0.8884228187919463,0.07097315436241611,Luxury
Toyota Probox 2004,Toyota,Probox,Automatic,Octane,800000,2008,1300.0,102945,18,5719.166666666667,0.8884228187919463,0.00436241610738255,Low
Toyota C-HR HYBRID G LED TWO TON 2019,Toyota,C-HR,Automatic,Hybrid,3380000,2019,1800.0,31234,7,4462.0,0.8884228187919463,0.027181208053691275,Medium
Toyota Axio Hybrid 2021,Toyota,Axio,Automatic,"Petrol, Hybrid, Octane",2200000,2021,1500.0,81555,5,16311.0,0.8884228187919463,0.10939597315436242,Low
Toyota Corolla Hybrid 2021,Toyota,Corolla,Automatic,Hybrid,2400000,2021,1800.0,32000,5,6400.0,0.8884228187919463,0.04848993288590604,Medium
Toyota Corolla Cross Z-PKG 2023,Toyota,Corolla Cross,Automatic,"Hybrid, Octane",5300000,2023,1790.0,31982,3,10660.666666666666,0.8884228187919463,0.07097315436241611,Luxury
Toyota Esquire GI PREMIUM 2020,Toyota,Esquire,Automatic,Hybrid,3750000,2020,1800.0,81000,6,13500.0,0.8884228187919463,0.05855704697986577,High
Toyota Harrier MOONROOF 360 Z HV 2021,Toyota,Harrier,Automatic,Hybrid,7600000,2021,2500.0,14189,5,2837.8,0.8884228187919463,0.03976510067114094,Luxury
Toyota Axio G EDITION  OCTANE 2019,Toyota,Axio,Automatic,Octane,2590000,2019,1500.0,57340,7,8191.428571428572,0.8884228187919463,0.10939597315436242,Medium
Toyota Fielder HYBRID-EX PACKAGE 2020,Toyota,Fielder,Automatic,Hybrid,2350000,2020,1500.0,88126,6,14687.666666666666,0.8884228187919463,0.057885906040268456,Medium
Toyota Hiace SUPER GL DARK PRIME2 2020,Toyota,Hiace,Automatic,Octane,4200000,2020,2000.0,55423,6,9237.166666666666,0.8884228187919463,0.09429530201342282,High
Honda Vezel Play Package Moonrof 2021,Honda,Vezel,Automatic,"Petrol, Hybrid, Octane",4400000,2021,1500.0,80120,5,16024.0,0.0424496644295302,0.006711409395973154,High
Toyota Fielder EX HYBRID 2020,Toyota,Fielder,Automatic,Hybrid,2200000,2020,1500.0,131000,6,21833.333333333332,0.8884228187919463,0.057885906040268456,Low
Toyota Premio 2010,Toyota,Premio,Automatic,CNG,2175000,2014,1500.0,100000,12,8333.333333333334,0.8884228187919463,0.05285234899328859,Low
Toyota Hiace Super Gl Dark prime2 2022,Toyota,Hiace,Automatic,"Petrol, Octane",4850000,2022,2000.0,41000,4,10250.0,0.8884228187919463,0.09429530201342282,Luxury
Toyota C-HR ORGINAL 2 TON  360 2019,Toyota,C-HR,Automatic,Hybrid,3380000,2019,1800.0,31762,7,4537.428571428572,0.8884228187919463,0.027181208053691275,Medium
Toyota Esquire HV-GI PREMIUM PUSH 2020,Toyota,Esquire,Automatic,Hybrid,3700000,2020,1800.0,63127,6,10521.166666666666,0.8884228187919463,0.05855704697986577,High
Toyota Esquire HV PUSH GI PREMIUM. 2020,Toyota,Esquire,Automatic,Hybrid,3900000,2020,1800.0,77845,6,12974.166666666666,0.8884228187919463,0.05855704697986577,High
Toyota Harrier Z HV FULL LOADED 2021,Toyota,Harrier,Automatic,Hybrid,7600000,2021,2500.0,14278,5,2855.6,0.8884228187919463,0.03976510067114094,Luxury
Toyota Harrier SUNROOF NON HV 360 2020,Toyota,Harrier,Automatic,Octane,6550000,2020,2000.0,54169,6,9028.166666666666,0.8884228187919463,0.03976510067114094,Luxury
Toyota Corolla Hybrid S TOURING 2020,Toyota,Corolla,Automatic,Hybrid,2650000,2020,1800.0,57884,6,9647.333333333334,0.8884228187919463,0.04848993288590604,Medium
Toyota C-HR HYBRID 2020,Toyota,C-HR,Automatic,Hybrid,3100000,2020,1800.0,65447,6,10907.833333333334,0.8884228187919463,0.027181208053691275,Medium
Toyota Noah NON HYBRID x 2020,Toyota,Noah,Automatic,"Petrol, Hybrid, Octane",3300000,2020,2000.0,63873,6,10645.5,0.8884228187919463,0.10671140939597315,Medium
Toyota Yaris Cross HYBRID X 2021,Toyota,Yaris Cross,Automatic,"Hybrid, Octane",2800000,2021,1500.0,59654,5,11930.8,0.8884228187919463,0.02097315436241611,Medium
Toyota Corolla Cross Hybrid Z 2023,Toyota,Corolla Cross,Automatic,Hybrid,4400000,2023,1800.0,14500,3,4833.333333333333,0.8884228187919463,0.07097315436241611,High
Honda Civic Hybrid EX package 2021,Honda,Civic,Automatic,"Petrol, Hybrid, Octane",4500000,2021,1500.0,123,5,24.6,0.0424496644295302,0.003355704697986577,Luxury
Toyota Aqua HYBRID 2021,Toyota,Aqua,Automatic,Hybrid,1850000,2021,1500.0,48732,5,9746.4,0.8884228187919463,0.015771812080536914,Low
Toyota Alphard Executive Lou. Pearl 2025,Toyota,Alphard,Automatic,Hybrid,20200000,2025,2500.0,9,1,9.0,0.8884228187919463,0.0050335570469798654,Luxury
Honda Vezel Play Pkg 2021,Honda,Vezel,Automatic,"Petrol, Hybrid, Octane",4500000,2021,1500.0,80100,5,16020.0,0.0424496644295302,0.006711409395973154,Luxury
Toyota Aqua Z 2022,Toyota,Aqua,Automatic,"Petrol, Hybrid, Octane",2700000,2022,1500.0,46000,4,11500.0,0.8884228187919463,0.015771812080536914,Medium
Toyota Prius S Touring Selection 2020,Toyota,Prius,Automatic,"Petrol, Hybrid, Octane",3400000,2020,1800.0,54000,6,9000.0,0.8884228187919463,0.029865771812080538,High
Toyota Noah X 2022,Toyota,Noah,Automatic,"Petrol, Hybrid, Octane",4480000,2022,1800.0,54000,4,13500.0,0.8884228187919463,0.10671140939597315,Luxury
Toyota Corolla Cross Z-LEATHER HYBRID 2021,Toyota,Corolla Cross,Automatic,"Hybrid, Octane",4170000,2021,1800.0,65789,5,13157.8,0.8884228187919463,0.07097315436241611,High
Toyota Noah Non Hybrid X 4 Grade 2020,Toyota,Noah,Automatic,"Petrol, Octane",3550000,2020,2000.0,85000,6,14166.666666666666,0.8884228187919463,0.10671140939597315,High
Honda Insight EX HYBR PUSH GP-4.5 2020,Honda,Insight,Automatic,"Petrol, Hybrid, Octane",4050000,2020,1500.0,60026,6,10004.333333333334,0.0424496644295302,0.015100671140939598,High
Toyota Hiace Super GL 2023,Toyota,Hiace,Automatic,Octane,4600000,2023,2000.0,23278,3,7759.333333333333,0.8884228187919463,0.09429530201342282,Luxury
Toyota C-HR G LED TRD 360 Cam 2020,Toyota,C-HR,Automatic,"Petrol, Hybrid, Octane",3550000,2020,1800.0,70120,6,11686.666666666666,0.8884228187919463,0.027181208053691275,High
Toyota Voxy ZS-KIRAMIK 2 HY C-TV 2020,Toyota,Voxy,Automatic,"Petrol, Hybrid, Octane",3400000,2020,1800.0,69874,6,11645.666666666666,0.8884228187919463,0.027348993288590605,High
Toyota Allion A15 CLASSIC CAR 2005,Toyota,Allion,Automatic,"CNG, Octane",1520000,2005,1500.0,86000,21,4095.2380952380954,0.8884228187919463,0.03120805369127517,Low
Toyota Harrier Z LEATHER-PKG-NON HY 2020,Toyota,Harrier,Automatic,"Petrol, Octane",7700000,2020,2000.0,39048,6,6508.0,0.8884228187919463,0.03976510067114094,Luxury
Toyota Corolla Cross Z-PKG 2022,Toyota,Corolla Cross,Automatic,"Hybrid, Octane",4800000,2022,1790.0,64134,4,16033.5,0.8884228187919463,0.07097315436241611,Luxury
Toyota Esquire GI PREMIUM BRONZE 2021,Toyota,Esquire,Automatic,"Petrol, Octane",4060000,2021,2000.0,45678,5,9135.6,0.8884228187919463,0.05855704697986577,High
Toyota Axio EX PACKAGE NON-HY 2021,Toyota,Axio,Automatic,"Petrol, Octane",2570000,2021,1500.0,75628,5,15125.6,0.8884228187919463,0.10939597315436242,Medium
Toyota C-HR G-LED PEARL 2 TONE 2021,Toyota,C-HR,Automatic,"Hybrid, Octane",3450000,2021,1800.0,53581,5,10716.2,0.8884228187919463,0.027181208053691275,High
Toyota Corolla WXB PACKAGE ONLY 25K 2021,Toyota,Corolla,Automatic,Hybrid,3140000,2021,1800.0,25687,5,5137.4,0.8884228187919463,0.04848993288590604,Medium
Toyota Axio EX NON HYBRID 2021,Toyota,Axio,Automatic,"Petrol, Octane",2450000,2021,1500.0,52486,5,10497.2,0.8884228187919463,0.10939597315436242,Medium
Mitsubishi Pajero 2001,Mitsubishi,Pajero,Manual,"Octane, LPG",790000,2001,2350.0,100000,25,4000.0,0.012583892617449664,0.0041946308724832215,Low
Toyota Premio f badg interior 2003,Toyota,Premio,Automatic,"Petrol, CNG",1494999,2003,1500.0,78000,23,3391.304347826087,0.8884228187919463,0.05285234899328859,Low
Toyota Fielder G EDITION PUSH 2012,Toyota,Fielder,Automatic,"Petrol, Octane",1780000,2012,1500.0,72000,14,5142.857142857143,0.8884228187919463,0.057885906040268456,Low
Toyota Hiace GL 2018,Toyota,Hiace,Automatic,"Octane, LPG",3120000,2018,2000.0,87546,8,10943.25,0.8884228187919463,0.09429530201342282,Medium
Toyota Allion GPLUSREADYDHAKA 2020,Toyota,Allion,Automatic,"Petrol, Octane",4450000,2020,1500.0,41000,6,6833.333333333333,0.8884228187919463,0.03120805369127517,Luxury
Toyota Corolla Cross Hybrid Z Full Option 2025,Toyota,Corolla Cross,Automatic,Hybrid,6000000,2025,1800.0,1500,1,1500.0,0.8884228187919463,0.07097315436241611,Luxury
Toyota Harrier Z LEATHER HYBRID 2022,Toyota,Harrier,Automatic,"Petrol, Hybrid, Octane",8500000,2022,2500.0,33100,4,8275.0,0.8884228187919463,0.03976510067114094,Luxury
Toyota Axio Hybrid 2021,Toyota,Axio,Automatic,"Petrol, Hybrid, Octane",2200000,2021,1500.0,83650,5,16730.0,0.8884228187919463,0.10939597315436242,Low
Toyota Axio HYBRID EX 2020,Toyota,Axio,Automatic,"Hybrid, Octane",2200000,2020,1500.0,59645,6,9940.833333333334,0.8884228187919463,0.10939597315436242,Low
Toyota Noah NON HYBRID X Ready 2020,Toyota,Noah,Automatic,"Petrol, Octane, Other fuel type",3650000,2020,2000.0,90000,6,15000.0,0.8884228187919463,0.10671140939597315,High
Toyota Noah Hybrid Z 2022,Toyota,Noah,Automatic,Hybrid,4050000,2022,1800.0,48521,4,12130.25,0.8884228187919463,0.10671140939597315,High
Toyota Premio FEX PKG RED WINE 2020,Toyota,Premio,Automatic,"Petrol, Octane",4650000,2020,1500.0,15000,6,2500.0,0.8884228187919463,0.05285234899328859,Luxury
Honda Insight Hybrid Ex package 2021,Honda,Insight,Automatic,Hybrid,3800000,2021,1500.0,1234,5,246.8,0.0424496644295302,0.015100671140939598,High
Jaguar XJ SUNROOF WITH TURBO 2016,Jaguar,XJ,Automatic,Petrol,6750000,2016,2000.0,25000,10,2500.0,0.0003355704697986577,0.0003355704697986577,Luxury
Toyota Noah X SMART HYBRID AP-4 2020,Toyota,Noah,Automatic,Hybrid,3070000,2020,1800.0,128350,6,21391.666666666668,0.8884228187919463,0.10671140939597315,Medium
Toyota Voxy Hybrid Grey S point 2025,Toyota,Voxy,Automatic,Hybrid,6680000,2025,1800.0,8,1,8.0,0.8884228187919463,0.027348993288590605,Luxury
Toyota Sienta G Hybrid 2020,Toyota,Sienta,Automatic,"Petrol, Hybrid, Octane",2800000,2020,1500.0,72000,6,12000.0,0.8884228187919463,0.009228187919463088,Medium
Toyota Noah X Smart  Grade-4  2020,Toyota,Noah,Automatic,"Petrol, Hybrid, Octane",3150000,2020,1800.0,77125,6,12854.166666666666,0.8884228187919463,0.10671140939597315,Medium
Toyota Corolla Cross Z Leather Hybrid 4.5 2023,Toyota,Corolla Cross,Automatic,"Petrol, Hybrid, Octane",5150000,2023,1800.0,21329,3,7109.666666666667,0.8884228187919463,0.07097315436241611,Luxury
Toyota Hiace DX Dhaka Ready 2020,Toyota,Hiace,Automatic,Octane,3250000,2020,2000.0,65800,6,10966.666666666666,0.8884228187919463,0.09429530201342282,Medium
Toyota C-HR HYBRID G LED 4.5 AP 2021,Toyota,C-HR,Automatic,"Petrol, Hybrid, Octane",3900000,2021,1800.0,57000,5,11400.0,0.8884228187919463,0.027181208053691275,High
Toyota Hiace GL LED Dhaka Ready 2020,Toyota,Hiace,Automatic,Octane,3350000,2020,2000.0,72000,6,12000.0,0.8884228187919463,0.09429530201342282,Medium
Toyota Aqua S-Style Hybrid GP-4 2020,Toyota,Aqua,Automatic,"Petrol, Hybrid, Octane",1950000,2020,1500.0,96176,6,16029.333333333334,0.8884228187919463,0.015771812080536914,Low
Toyota Noah SZ HYBRID 360CM CL-T 2022,Toyota,Noah,Automatic,"Petrol, Hybrid, Octane",5000000,2022,1800.0,45870,4,11467.5,0.8884228187919463,0.10671140939597315,Luxury
Toyota Noah X NON HY PUSH 2DR PW 2021,Toyota,Noah,Automatic,"Petrol, Octane",3800000,2021,2000.0,71160,5,14232.0,0.8884228187919463,0.10671140939597315,High
Toyota C-HR GR-SPORTS GP-4.5 2020,Toyota,C-HR,Automatic,"Petrol, Hybrid, Octane",3680000,2020,1800.0,52000,6,8666.666666666666,0.8884228187919463,0.027181208053691275,High
Toyota Crown RS ADVANCE READY 2022,Toyota,Crown,Automatic,"Hybrid, Octane",12500000,2022,2400.0,13013,4,3253.25,0.8884228187919463,0.00587248322147651,Luxury
Toyota Harrier DHAKA READY 2022,Toyota,Harrier,Automatic,"Petrol, Octane",7800000,2022,2000.0,55013,4,13753.25,0.8884228187919463,0.03976510067114094,Luxury
Toyota RAV4 showroom ready 2020,Toyota,RAV4,Automatic,"Petrol, Octane",7500000,2020,2000.0,33013,6,5502.166666666667,0.8884228187919463,0.009731543624161074,Luxury
Honda Insight EX PRIME PORT READY 2021,Honda,Insight,Automatic,"Diesel, Octane",4400000,2021,1500.0,42013,5,8402.6,0.0424496644295302,0.015100671140939598,High
Honda Insight EX-PKG 2021,Honda,Insight,Automatic,"Hybrid, Octane",4300000,2021,1500.0,62493,5,12498.6,0.0424496644295302,0.015100671140939598,High
Toyota Corolla Cross Z Leather full load 2021,Toyota,Corolla Cross,Automatic,Hybrid,4650000,2021,1800.0,36800,5,7360.0,0.8884228187919463,0.07097315436241611,Luxury
"Toyota Esquire GI-PREMIUM, GRAD-3.5 2020",Toyota,Esquire,Automatic,Octane,4470000,2020,2000.0,135000,6,22500.0,0.8884228187919463,0.05855704697986577,Luxury
Toyota Harrier PML PKG 2020,Toyota,Harrier,Automatic,Octane,7990000,2020,1980.0,27660,6,4610.0,0.8884228187919463,0.03976510067114094,Luxury
Toyota Corolla Cross Z Leather 2023,Toyota,Corolla Cross,Automatic,Hybrid,5150000,2023,1800.0,33000,3,11000.0,0.8884228187919463,0.07097315436241611,Luxury
Toyota Sienta G PKG 2020,Toyota,Sienta,Automatic,"Hybrid, Octane",3300000,2020,1490.0,65111,6,10851.833333333334,0.8884228187919463,0.009228187919463088,Medium
Toyota Noah G PKG HYBRID 2020,Toyota,Noah,Automatic,Hybrid,3350000,2020,1800.0,54000,6,9000.0,0.8884228187919463,0.10671140939597315,Medium
Toyota Harrier Premium Package 2020,Toyota,Harrier,Automatic,Octane,7200000,2020,1980.0,62714,6,10452.333333333334,0.8884228187919463,0.03976510067114094,Luxury
Toyota Corolla Cross Z 2023,Toyota,Corolla Cross,Automatic,"Hybrid, Octane",4975000,2023,1790.0,42093,3,14031.0,0.8884228187919463,0.07097315436241611,Luxury
Toyota Prius S touring Selection 2020,Toyota,Prius,Automatic,"Hybrid, Octane",3650000,2020,1790.0,66100,6,11016.666666666666,0.8884228187919463,0.029865771812080538,High
Toyota Harrier Z L P 2020,Toyota,Harrier,Automatic,Octane,8400000,2020,1980.0,58000,6,9666.666666666666,0.8884228187919463,0.03976510067114094,Luxury
Honda CR-V EX-Masterpiece 2022,Honda,CR-V,Automatic,"Hybrid, Octane",6600000,2022,1990.0,45100,4,11275.0,0.0424496644295302,0.011241610738255034,Luxury
Toyota Corolla G-X PKG 2020,Toyota,Corolla,Automatic,"Hybrid, Octane",3150000,2020,1790.0,49184,6,8197.333333333334,0.8884228187919463,0.04848993288590604,Medium
Toyota Hiace DX GL. AMBULANCE 2020,Toyota,Hiace,Automatic,Petrol,2990000,2020,2000.0,65000,6,10833.333333333334,0.8884228187919463,0.09429530201342282,Medium
Toyota Premio F-EX 4P 2020,Toyota,Premio,Automatic,Petrol,4450000,2020,1500.0,55000,6,9166.666666666666,0.8884228187919463,0.05285234899328859,Luxury
Toyota Prius S PKG HYB 4 POINT 2020,Toyota,Prius,Automatic,Hybrid,2950000,2020,1800.0,66000,6,11000.0,0.8884228187919463,0.029865771812080538,Medium
Toyota Voxy Z-S KIRAMIKI NON-HYB 2020,Toyota,Voxy,Automatic,Octane,3700000,2020,2000.0,214000,6,35666.666666666664,0.8884228187919463,0.027348993288590605,High
Toyota Esquire XI PKG HYB 2020,Toyota,Esquire,Automatic,Hybrid,3450000,2020,1800.0,158000,6,26333.333333333332,0.8884228187919463,0.05855704697986577,High
Toyota Corolla Cross Z 2023,Toyota,Corolla Cross,Automatic,"Hybrid, Octane",4950000,2023,1800.0,36900,3,12300.0,0.8884228187919463,0.07097315436241611,Luxury
Toyota Corolla G-X PKG 2020,Toyota,Corolla,Automatic,"Hybrid, Octane",3100000,2020,1790.0,76695,6,12782.5,0.8884228187919463,0.04848993288590604,Medium
Proton X70 TGDI PANAROMIC 2020,Proton,Other Model,Automatic,"Petrol, Octane",2450000,2020,1500.0,22500,6,3750.0,0.0016778523489932886,0.005369127516778523,Medium
Toyota Fielder X Hid Selection 2011,Toyota,Fielder,Automatic,"Petrol, CNG, Octane",1580000,2011,1500.0,67000,15,4466.666666666667,0.8884228187919463,0.057885906040268456,Low
Toyota Esquire Gi premium hybrid 2020,Toyota,Esquire,Automatic,"Petrol, Hybrid, Octane",3850000,2020,1800.0,96000,6,16000.0,0.8884228187919463,0.05855704697986577,High
Toyota Esquire Gi premium non Hyv 2020,Toyota,Esquire,Automatic,"Petrol, Octane",4450000,2020,2000.0,98000,6,16333.333333333334,0.8884228187919463,0.05855704697986577,Luxury
Toyota Axio Ex Hybrid Silver 2020,Toyota,Axio,Automatic,"Petrol, Hybrid, Octane",2170000,2020,1500.0,91000,6,15166.666666666666,0.8884228187919463,0.10939597315436242,Low
Toyota Axio EX PUSH NON HV 2020,Toyota,Axio,Automatic,Octane,2600000,2020,1500.0,207652,6,34608.666666666664,0.8884228187919463,0.10939597315436242,Medium
Toyota Axio HYBRID EX PUSH PKG 2020,Toyota,Axio,Automatic,Hybrid,2350000,2020,1500.0,114873,6,19145.5,0.8884228187919463,0.10939597315436242,Medium
Toyota Esquire 2 DOOR POWER PUSH 2020,Toyota,Esquire,Automatic,Hybrid,3700000,2020,1800.0,63123,6,10520.5,0.8884228187919463,0.05855704697986577,High
Toyota Aqua S 2020,Toyota,Aqua,Automatic,"Petrol, Hybrid, Octane",2140000,2020,1500.0,77050,6,12841.666666666666,0.8884228187919463,0.015771812080536914,Low
Toyota Axio NON HYBRID EX 2020,Toyota,Axio,Automatic,Hybrid,2600000,2020,1500.0,202763,6,33793.833333333336,0.8884228187919463,0.10939597315436242,Medium
Toyota Corolla S LED 2020,Toyota,Corolla,Automatic,"Petrol, Hybrid, Octane",3170000,2020,1800.0,14000,6,2333.3333333333335,0.8884228187919463,0.04848993288590604,Medium
Toyota Prius S READY SHOWROOM 2020,Toyota,Prius,Automatic,"Petrol, Hybrid, Octane",3030000,2020,1800.0,35411,6,5901.833333333333,0.8884228187919463,0.029865771812080538,Medium
Toyota Fielder EX NON HYBRID PUSH 2020,Toyota,Fielder,Automatic,Octane,2690000,2020,1500.0,125873,6,20978.833333333332,0.8884228187919463,0.057885906040268456,Medium
Toyota Noah Non-HYBRID 2021,Toyota,Noah,Automatic,Octane,3650000,2021,2000.0,95000,5,19000.0,0.8884228187919463,0.10671140939597315,High
Toyota Harrier NON HYBRID PREMIUM 2020,Toyota,Harrier,Automatic,Octane,6550000,2020,2000.0,53983,6,8997.166666666666,0.8884228187919463,0.03976510067114094,Luxury
Toyota Axio HYBRID EX PUSH PKG 2020,Toyota,Axio,Automatic,Hybrid,2390000,2020,1500.0,104983,6,17497.166666666668,0.8884228187919463,0.10939597315436242,Medium
Toyota Yaris G PKG  360 CAMERA 2020,Toyota,Yaris,Automatic,"Petrol, Hybrid, Octane",2320000,2020,1500.0,86649,6,14441.5,0.8884228187919463,0.003355704697986577,Low
Toyota Passo Settee 7Seat Push 2009,Toyota,Passo,Automatic,"Petrol, CNG, Octane",1380000,2009,1500.0,67000,17,3941.176470588235,0.8884228187919463,0.0038590604026845637,Low
Toyota Noah X PACKAGE NON HYBRID 2021,Toyota,Noah,Automatic,Octane,3680000,2021,2000.0,96875,5,19375.0,0.8884228187919463,0.10671140939597315,High
Toyota Noah X PKG ONE DOOR POWER 2021,Toyota,Noah,Automatic,Octane,3680000,2021,2000.0,96873,5,19374.6,0.8884228187919463,0.10671140939597315,High
Toyota Noah X-PACKAGE-NON HYBRID 2021,Toyota,Noah,Automatic,Octane,3680000,2021,2000.0,107625,5,21525.0,0.8884228187919463,0.10671140939597315,High
Toyota Corolla Cross Z LEATHER PANORAMIC 2021,Toyota,Corolla Cross,Automatic,Hybrid,4500000,2021,1800.0,23541,5,4708.2,0.8884228187919463,0.07097315436241611,Luxury
Toyota Esquire GI PREMIUM NONHYBRID 2020,Toyota,Esquire,Automatic,"Petrol, Octane",4450000,2020,2000.0,70000,6,11666.666666666666,0.8884228187919463,0.05855704697986577,Luxury
Toyota Axio HYBRID EX 2020,Toyota,Axio,Automatic,Hybrid,2300000,2020,1500.0,114000,6,19000.0,0.8884228187919463,0.10939597315436242,Low
Toyota Noah X PACKAGE NON HYBRID 2021,Toyota,Noah,Automatic,Octane,3680000,2021,2000.0,107322,5,21464.4,0.8884228187919463,0.10671140939597315,High
Toyota Esquire GI PREMIUM-HV-PKG 2020,Toyota,Esquire,Automatic,Hybrid,3800000,2020,1800.0,69743,6,11623.833333333334,0.8884228187919463,0.05855704697986577,High
Toyota Fielder EX PACKAGE HYBRID 2020,Toyota,Fielder,Automatic,Hybrid,2400000,2020,1500.0,88366,6,14727.666666666666,0.8884228187919463,0.057885906040268456,Medium
Toyota Harrier PREMIUM-PKG-NON-HV 2020,Toyota,Harrier,Automatic,Octane,6550000,2020,2000.0,53722,6,8953.666666666666,0.8884228187919463,0.03976510067114094,Luxury
Toyota Esquire PUSH HV GI PREMIUM 2020,Toyota,Esquire,Automatic,Hybrid,3750000,2020,1800.0,97123,6,16187.166666666666,0.8884228187919463,0.05855704697986577,High
Toyota Yaris Cross Hybrid Z 2021,Toyota,Yaris Cross,Automatic,Hybrid,2800000,2021,1500.0,454654,5,90930.8,0.8884228187919463,0.02097315436241611,Medium
Toyota Aqua Hybrid Z 2021,Toyota,Aqua,Automatic,"Petrol, Hybrid, Octane",1850000,2021,1500.0,48192,5,9638.4,0.8884228187919463,0.015771812080536914,Low
Toyota Axio HYBRID 2020,Toyota,Axio,Automatic,Hybrid,2150000,2020,1500.0,56421,6,9403.5,0.8884228187919463,0.10939597315436242,Low
Toyota Corolla Cross HYBRID 2021,Toyota,Corolla Cross,Automatic,Hybrid,3800000,2021,1800.0,45624,5,9124.8,0.8884228187919463,0.07097315436241611,High
Toyota Yaris Cross HYBRID 2020,Toyota,Yaris Cross,Automatic,Hybrid,2800000,2020,1500.0,64521,6,10753.5,0.8884228187919463,0.02097315436241611,Medium
Toyota Fielder EX 2021,Toyota,Fielder,Automatic,"Petrol, Hybrid, Octane",2600000,2021,1500.0,1234,5,246.8,0.8884228187919463,0.057885906040268456,Medium
Toyota Noah Hybrid SZ package 2022,Toyota,Noah,Automatic,Hybrid,4150000,2022,1800.0,59643,4,14910.75,0.8884228187919463,0.10671140939597315,High
Toyota Corolla Cross 2021,Toyota,Corolla Cross,Automatic,Hybrid,3850000,2021,1800.0,57631,5,11526.2,0.8884228187919463,0.07097315436241611,High
Toyota Fielder 2020,Toyota,Fielder,Automatic,Hybrid,2150000,2020,1500.0,78000,6,13000.0,0.8884228187919463,0.057885906040268456,Low
Toyota Aqua HYBRID 2020,Toyota,Aqua,Automatic,Hybrid,1700000,2020,1500.0,64525,6,10754.166666666666,0.8884228187919463,0.015771812080536914,Low
Toyota Axio Non Hybrid EX 2020,Toyota,Axio,Automatic,"Petrol, Octane",2500000,2020,1500.0,65124,6,10854.0,0.8884228187919463,0.10939597315436242,Medium
Toyota Noah X PKG PEARL COLOUR 2020,Toyota,Noah,Automatic,Hybrid,3650000,2020,1800.0,90000,6,15000.0,0.8884228187919463,0.10671140939597315,High
Toyota Harrier Z-LEATHER PANORAMIC 2021,Toyota,Harrier,Automatic,"Petrol, Hybrid, Octane",7500000,2021,2000.0,45338,5,9067.6,0.8884228187919463,0.03976510067114094,Luxury
Toyota Hiace Super GL Dark Prime2 2021,Toyota,Hiace,Automatic,Petrol,4730000,2021,2000.0,73000,5,14600.0,0.8884228187919463,0.09429530201342282,Luxury
Toyota Fielder Ex 2020,Toyota,Fielder,Automatic,"Petrol, Hybrid, Octane",2200000,2020,1500.0,58600,6,9766.666666666666,0.8884228187919463,0.057885906040268456,Low
Toyota Prado TXL 5 Grade 2022,Toyota,Prado,Automatic,"Petrol, Octane",17500000,2022,2700.0,14500,4,3625.0,0.8884228187919463,0.013926174496644295,Luxury
Toyota Hiace SUPER GL 3.0 BLACK 2021,Toyota,Hiace,Automatic,Octane,4400000,2021,2000.0,84440,5,16888.0,0.8884228187919463,0.09429530201342282,High
Toyota Hiace GL DUAL AC READY 2020,Toyota,Hiace,Automatic,Octane,3190000,2020,2000.0,78526,6,13087.666666666666,0.8884228187919463,0.09429530201342282,Medium
Toyota Hiace SUPER GL 2020,Toyota,Hiace,Automatic,"Petrol, Octane",4030000,2020,2000.0,69713,6,11618.833333333334,0.8884228187919463,0.09429530201342282,High
Toyota Esquire HY GI PREMIUM 4 AP 2020,Toyota,Esquire,Automatic,"Petrol, Hybrid, Octane",3900000,2020,1800.0,80000,6,13333.333333333334,0.8884228187919463,0.05855704697986577,High
Toyota Esquire HY GI PREMIUM-4 AP 2021,Toyota,Esquire,Automatic,"Petrol, Hybrid, Octane",4200000,2021,1800.0,60000,5,12000.0,0.8884228187919463,0.05855704697986577,High
Toyota Corolla Cross Z Leather Hybrid 2022,Toyota,Corolla Cross,Automatic,"Hybrid, Octane",4550000,2022,1800.0,12127,4,3031.75,0.8884228187919463,0.07097315436241611,Luxury
Toyota Axio EX-PKG 2020,Toyota,Axio,Automatic,Octane,3175000,2020,1490.0,11243,6,1873.8333333333333,0.8884228187919463,0.10939597315436242,Medium
Toyota C-HR TWO TON COLOR 360 2019,Toyota,C-HR,Automatic,Hybrid,3380000,2019,1800.0,31890,7,4555.714285714285,0.8884228187919463,0.027181208053691275,Medium
Toyota Esquire GI PREMIUM PUSH ST. 2020,Toyota,Esquire,Automatic,Hybrid,3750000,2020,1800.0,97245,6,16207.5,0.8884228187919463,0.05855704697986577,High
Toyota Harrier SUNROOF 360 NON HV 2020,Toyota,Harrier,Automatic,Octane,6550000,2020,2000.0,54283,6,9047.166666666666,0.8884228187919463,0.03976510067114094,Luxury
Toyota Fielder Hybrid EX 2021,Toyota,Fielder,Automatic,"Petrol, Hybrid, Octane",2200000,2021,1500.0,1234,5,246.8,0.8884228187919463,0.057885906040268456,Low
Toyota Aqua Hybrid S 2020,Toyota,Aqua,Automatic,Hybrid,1700000,2020,1500.0,49650,6,8275.0,0.8884228187919463,0.015771812080536914,Low
Toyota C-HR Hybrid S Package 2021,Toyota,C-HR,Automatic,"Petrol, Hybrid, Octane",3100000,2021,1800.0,123,5,24.6,0.8884228187919463,0.027181208053691275,Medium
Toyota Prius Hybrid S 2021,Toyota,Prius,Automatic,Hybrid,2800000,2021,1800.0,12540,5,2508.0,0.8884228187919463,0.029865771812080538,Medium
Toyota RAV4 G 360 Cam  Sunroof 2022,Toyota,RAV4,Automatic,"Petrol, Hybrid, Octane",7260000,2022,2500.0,50012,4,12503.0,0.8884228187919463,0.009731543624161074,Luxury
Nissan X-Trail G e-4ORCE Sunroof 2023,Nissan,X-Trail,Automatic,"Petrol, Hybrid, Octane",6520000,2023,1500.0,53024,3,17674.666666666668,0.02365771812080537,0.015436241610738255,Luxury
Toyota Voxy ZS KIRAMEKI 2 BLACK 2020,Toyota,Voxy,Automatic,Hybrid,3400000,2020,1800.0,76000,6,12666.666666666666,0.8884228187919463,0.027348993288590605,High
Toyota Esquire GI PREMIUM HYBRID 2020,Toyota,Esquire,Automatic,Hybrid,3950000,2020,1800.0,78354,6,13059.0,0.8884228187919463,0.05855704697986577,High
Toyota Noah S-Z HYBRID PEARL 2023,Toyota,Noah,Automatic,Hybrid,4850000,2023,1800.0,27160,3,9053.333333333334,0.8884228187919463,0.10671140939597315,Luxury
Toyota Premio F-EX MICA BLUE 4.5 2021,Toyota,Premio,Automatic,Hybrid,4830000,2021,1500.0,31270,5,6254.0,0.8884228187919463,0.05285234899328859,Luxury
Toyota Voxy V HYBRID AP 4.5 2020,Toyota,Voxy,Automatic,Hybrid,3190000,2020,1800.0,61370,6,10228.333333333334,0.8884228187919463,0.027348993288590605,Medium
Toyota Noah SI WXB HYBRID AP 4 2020,Toyota,Noah,Automatic,Hybrid,3680000,2020,1800.0,71680,6,11946.666666666666,0.8884228187919463,0.10671140939597315,High
Toyota Corolla Cross Z LEATHER HARDTOP4.5 2021,Toyota,Corolla Cross,Automatic,Hybrid,4200000,2021,1800.0,72737,5,14547.4,0.8884228187919463,0.07097315436241611,High
Toyota Crown G PKG READY DHAKA. 2020,Toyota,Crown,Automatic,"Petrol, Hybrid, Octane",7300000,2020,2500.0,54005,6,9000.833333333334,0.8884228187919463,0.00587248322147651,Luxury
Toyota Corolla HYBRID READY 2020,Toyota,Corolla,Automatic,"Hybrid, Octane",3200000,2020,1800.0,66013,6,11002.166666666666,0.8884228187919463,0.04848993288590604,Medium
Toyota RAV4 ADVENTURE 2022,Toyota,RAV4,Automatic,"Hybrid, Octane",8500000,2022,2500.0,19510,4,4877.5,0.8884228187919463,0.009731543624161074,Luxury
Toyota Yaris Cross z ready 2020,Toyota,Yaris Cross,Automatic,"Petrol, Hybrid, Octane",3450000,2020,1500.0,54893,6,9148.833333333334,0.8884228187919463,0.02097315436241611,High
Honda Insight EX PKG READY 2021,Honda,Insight,Automatic,"Hybrid, Octane",4300000,2021,1500.0,39013,5,7802.6,0.0424496644295302,0.015100671140939598,High
Toyota Hiace Super GL 2023,Toyota,Hiace,Automatic,"Petrol, Octane",5100000,2023,2000.0,3000,3,1000.0,0.8884228187919463,0.09429530201342282,Luxury
Toyota Sienta G CUERO 2020,Toyota,Sienta,Automatic,"Hybrid, Octane",3250000,2020,1490.0,79397,6,13232.833333333334,0.8884228187919463,0.009228187919463088,Medium
Toyota Corolla Cross Z Leather 2022,Toyota,Corolla Cross,Automatic,Hybrid,4750000,2022,1800.0,9000,4,2250.0,0.8884228187919463,0.07097315436241611,Luxury
Toyota Voxy Z-S KIRAMIKI NON-HYB 2020,Toyota,Voxy,Automatic,Hybrid,3980000,2020,2000.0,37000,6,6166.666666666667,0.8884228187919463,0.027348993288590605,High
Toyota Premio FL PUSH BEIGE INT 2020,Toyota,Premio,Automatic,Octane,4300000,2020,1500.0,87000,6,14500.0,0.8884228187919463,0.05285234899328859,High
Toyota Corolla Cross Z PKG HARDTOP 2022,Toyota,Corolla Cross,Automatic,Hybrid,4550000,2022,1800.0,25000,4,6250.0,0.8884228187919463,0.07097315436241611,Luxury
Toyota Corolla Cross Z PKG 2025,Toyota,Corolla Cross,Automatic,"Hybrid, Octane",5750000,2025,1790.0,11978,1,11978.0,0.8884228187919463,0.07097315436241611,Luxury
Toyota Axio NON HYBRID 2021,Toyota,Axio,Automatic,Octane,2600000,2021,1500.0,42359,5,8471.8,0.8884228187919463,0.10939597315436242,Medium
Honda Insight EX Blue 496000 km 2020,Honda,Insight,Automatic,Hybrid,3990000,2020,1500.0,96000,6,16000.0,0.0424496644295302,0.015100671140939598,High
Toyota Axio EX White 485000 km 2020,Toyota,Axio,Automatic,Hybrid,2300000,2020,1500.0,85000,6,14166.666666666666,0.8884228187919463,0.10939597315436242,Low
Toyota Noah G Pearl 3.572000 km 2020,Toyota,Noah,Automatic,Hybrid,3580000,2020,1800.0,72000,6,12000.0,0.8884228187919463,0.10671140939597315,High
Toyota Harrier Z Black 4.527000 km 2020,Toyota,Harrier,Automatic,Petrol,8080000,2020,2000.0,27000,6,4500.0,0.8884228187919463,0.03976510067114094,Luxury
Toyota Harrier Z Black 530000 km 2020,Toyota,Harrier,Automatic,Hybrid,7580000,2020,2500.0,30000,6,5000.0,0.8884228187919463,0.03976510067114094,Luxury
Toyota Fielder Ex 2020,Toyota,Fielder,Automatic,"Petrol, Hybrid, Octane",2250000,2020,1500.0,63000,6,10500.0,0.8884228187919463,0.057885906040268456,Low
Toyota Hiace GL AMBULANCE 2021,Toyota,Hiace,Automatic,"Petrol, Octane",3000000,2021,2000.0,76120,5,15224.0,0.8884228187919463,0.09429530201342282,Medium
Toyota Prius S-Touring 2020,Toyota,Prius,Automatic,"Petrol, Hybrid, Octane",3300000,2020,1800.0,48000,6,8000.0,0.8884228187919463,0.029865771812080538,Medium
Toyota Esquire GI PREMIUM HYBRID 2020,Toyota,Esquire,Automatic,"Petrol, Hybrid, Octane",3520000,2020,1800.0,40000,6,6666.666666666667,0.8884228187919463,0.05855704697986577,High
Toyota Corolla Cross Z Leather Brand New 2025,Toyota,Corolla Cross,Automatic,"Petrol, Hybrid, Octane",6250000,2025,1800.0,1700,1,1700.0,0.8884228187919463,0.07097315436241611,Luxury
Toyota Esquire GI NON HYBRID 2020,Toyota,Esquire,Automatic,"Petrol, Octane",4250000,2020,2000.0,40000,6,6666.666666666667,0.8884228187919463,0.05855704697986577,High
Toyota Esquire GI HYBRID 2020,Toyota,Esquire,Automatic,"Petrol, Hybrid, Octane",3550000,2020,1800.0,75421,6,12570.166666666666,0.8884228187919463,0.05855704697986577,High
Toyota Corolla Wxb Hybrid 4.5 Grade 2020,Toyota,Corolla,Automatic,"Petrol, Hybrid, Octane",3300000,2020,1800.0,38388,6,6398.0,0.8884228187919463,0.04848993288590604,Medium
Toyota Esquire GI HYBRID 2020,Toyota,Esquire,Automatic,"Petrol, Hybrid, Octane",3650000,2020,1800.0,60481,6,10080.166666666666,0.8884228187919463,0.05855704697986577,High
Toyota Esquire GI HYBRID 2020,Toyota,Esquire,Automatic,"Petrol, Hybrid, Octane",3550000,2020,1800.0,85642,6,14273.666666666666,0.8884228187919463,0.05855704697986577,High
Toyota Axio Hybrid Ex 4 Point 2020,Toyota,Axio,Automatic,Hybrid,2300000,2020,1500.0,97571,6,16261.833333333334,0.8884228187919463,0.10939597315436242,Low
Toyota Land Cruiser TX-L PKG 4.5 PEARL 2022,Toyota,Land Cruiser,Automatic,Octane,16800000,2022,2700.0,18010,4,4502.5,0.8884228187919463,0.008557046979865772,Luxury
Toyota Fielder Non hybrid Ex push 2020,Toyota,Fielder,Automatic,"Petrol, Octane",2600000,2020,1500.0,79360,6,13226.666666666666,0.8884228187919463,0.057885906040268456,Medium
Haval H2 Sunroof 2018,Haval,H2,Automatic,Octane,1950000,2018,1500.0,52000,8,6500.0,0.001174496644295302,0.0006711409395973154,Low
Toyota Aqua 2013,Toyota,Aqua,Automatic,Hybrid,1200000,2019,1500.0,70000,7,10000.0,0.8884228187919463,0.015771812080536914,Low
Toyota Noah GI HYBRI PUSH 2DR PW 2020,Toyota,Noah,Automatic,"Petrol, Hybrid, Octane",3250000,2020,1800.0,92548,6,15424.666666666666,0.8884228187919463,0.10671140939597315,Medium
Toyota Noah XI-HY PUSH 2DOR POW 2020,Toyota,Noah,Automatic,"Petrol, Hybrid, Octane",3250000,2020,1800.0,87546,6,14591.0,0.8884228187919463,0.10671140939597315,Medium
Toyota Sienta G Non-HV 7 Seat 2020,Toyota,Sienta,Automatic,"Petrol, Octane",2700000,2020,1500.0,48458,6,8076.333333333333,0.8884228187919463,0.009228187919463088,Medium
Toyota Axio Ex Push Start 2020,Toyota,Axio,Automatic,"Petrol, Hybrid, Octane",2350000,2020,1500.0,48055,6,8009.166666666667,0.8884228187919463,0.10939597315436242,Medium
Toyota Noah X NON HY PUSH 2DR PW 2021,Toyota,Noah,Automatic,"Petrol, Octane",3800000,2021,2000.0,71601,5,14320.2,0.8884228187919463,0.10671140939597315,High
Toyota Hiace Grand Cabin 2025,Toyota,Hiace,Automatic,Octane,6800000,2025,2700.0,58,1,58.0,0.8884228187919463,0.09429530201342282,Luxury
Toyota Axio hybrid super fresh 2015,Toyota,Axio,Automatic,"Hybrid, Octane",1685000,2015,1500.0,64000,11,5818.181818181818,0.8884228187919463,0.10939597315436242,Low
Toyota Yaris Cross 360 CAM READY CAR 2020,Toyota,Yaris Cross,Automatic,"Hybrid, Octane",3450000,2020,1500.0,42013,6,7002.166666666667,0.8884228187919463,0.02097315436241611,High
Toyota Prius Alpha Pano moonroof 2013,Toyota,Prius,Automatic,"Hybrid, Octane",1790000,2013,1800.0,116000,13,8923.076923076924,0.8884228187919463,0.029865771812080538,Low
Toyota Harrier PSN PKG 2020,Toyota,Harrier,Automatic,Octane,7300000,2020,1980.0,56094,6,9349.0,0.8884228187919463,0.03976510067114094,Luxury
Toyota Corolla Cross Z LEATHER PKG 4.5 2022,Toyota,Corolla Cross,Automatic,"Hybrid, Octane",4540000,2022,1800.0,52000,4,13000.0,0.8884228187919463,0.07097315436241611,Luxury
Toyota Voxy S-Z 2022,Toyota,Voxy,Automatic,"Hybrid, Octane",5400000,2022,1790.0,49400,4,12350.0,0.8884228187919463,0.027348993288590605,Luxury
Toyota Corolla Cross Z PKG 2025,Toyota,Corolla Cross,Automatic,"Hybrid, Octane",5800000,2025,1790.0,21,1,21.0,0.8884228187919463,0.07097315436241611,Luxury
Toyota Corolla WXB PKG 2020,Toyota,Corolla,Automatic,"Hybrid, Octane",3575000,2020,1790.0,42400,6,7066.666666666667,0.8884228187919463,0.04848993288590604,High
Toyota Corolla WXB PKG 2021,Toyota,Corolla,Automatic,"Hybrid, Octane",3450000,2021,1790.0,88790,5,17758.0,0.8884228187919463,0.04848993288590604,High
Toyota Hiace GL LED DUAL AC PKG 2020,Toyota,Hiace,Automatic,"Petrol, Octane",3450000,2020,2000.0,39329,6,6554.833333333333,0.8884228187919463,0.09429530201342282,High
Toyota Premio G Superior 2016,Toyota,Premio,Automatic,Octane,2900000,2016,1500.0,60000,10,6000.0,0.8884228187919463,0.05285234899328859,Medium
Toyota Hiace SUPER GL 2015,Toyota,Hiace,Automatic,"Octane, LPG",3500000,2015,2000.0,95000,11,8636.363636363636,0.8884228187919463,0.09429530201342282,High
Toyota Corolla Hybrid X 2016,Toyota,Corolla,Automatic,Hybrid,1700000,2016,1500.0,98000,10,9800.0,0.8884228187919463,0.04848993288590604,Low
Toyota Prius S Touring Selection 2018,Toyota,Prius,Automatic,Octane,2750000,2018,1800.0,51340,8,6417.5,0.8884228187919463,0.029865771812080538,Medium
Toyota Harrier 2020,Toyota,Harrier,Automatic,Octane,6550000,2020,2000.0,54300,6,9050.0,0.8884228187919463,0.03976510067114094,Luxury
Toyota Corolla Cross MOONROOF Z PKG 2021,Toyota,Corolla Cross,Automatic,Hybrid,4490000,2021,1800.0,23149,5,4629.8,0.8884228187919463,0.07097315436241611,Luxury
Honda Grace EX MICA BLUE 2020,Honda,Grace,Automatic,"Petrol, Hybrid, Octane",2980000,2020,1500.0,47000,6,7833.333333333333,0.0424496644295302,0.0038590604026845637,Medium
Toyota Noah 2021,Toyota,Noah,Automatic,Hybrid,2970000,2021,1800.0,78000,5,15600.0,0.8884228187919463,0.10671140939597315,Medium
Toyota Esquire GI PREMIUM HYBRID 2020,Toyota,Esquire,Automatic,Hybrid,3650000,2020,1800.0,93122,6,15520.333333333334,0.8884228187919463,0.05855704697986577,High
Toyota Hiace Ambulance HighRof DX 2023,Toyota,Hiace,Automatic,Petrol,3200000,2023,2000.0,119000,3,39666.666666666664,0.8884228187919463,0.09429530201342282,Medium
Toyota Rush Octane 2021,Toyota,Rush,Automatic,Octane,3580000,2021,1500.0,47300,5,9460.0,0.8884228187919463,0.0025167785234899327,High
Toyota Hiace SUPPERGL DHAKA READY 2023,Toyota,Hiace,Automatic,Octane,5050000,2023,2000.0,33896,3,11298.666666666666,0.8884228187919463,0.09429530201342282,Luxury
Toyota Corolla Cross Land Cruiser TX 2017,Toyota,Corolla Cross,Automatic,Octane,10700000,2017,2700.0,52292,9,5810.222222222223,0.8884228187919463,0.07097315436241611,Luxury
Toyota Esquire XI Push Dhaka Ready 2020,Toyota,Esquire,Automatic,Octane,3930000,2020,2000.0,79000,6,13166.666666666666,0.8884228187919463,0.05855704697986577,High
Toyota Axio Hybrid EX 4 Grade 2020,Toyota,Axio,Automatic,"Petrol, Hybrid, Octane",2570000,2020,1500.0,49000,6,8166.666666666667,0.8884228187919463,0.10939597315436242,Medium
Toyota Axio Non Hybrid EX 2020,Toyota,Axio,Automatic,"Petrol, Octane",2720000,2020,1500.0,80000,6,13333.333333333334,0.8884228187919463,0.10939597315436242,Medium
Toyota Hiace Super GL 2020,Toyota,Hiace,Automatic,Octane,3850000,2020,2000.0,124725,6,20787.5,0.8884228187919463,0.09429530201342282,High
Toyota C-HR G-LED HY NEW SHAPE 2020,Toyota,C-HR,Automatic,"Petrol, Hybrid, Octane",3600000,2020,1800.0,604197,6,100699.5,0.8884228187919463,0.027181208053691275,High
Toyota Hiace SUPER GL PUSH 2020,Toyota,Hiace,Automatic,Petrol,4300000,2020,2000.0,83231,6,13871.833333333334,0.8884228187919463,0.09429530201342282,High
Toyota Corolla Cross Z HYBRID-FULL LOAD 2022,Toyota,Corolla Cross,Automatic,"Petrol, Hybrid, Octane",5000000,2022,1800.0,47780,4,11945.0,0.8884228187919463,0.07097315436241611,Luxury
Toyota C-HR GR SPORTS 2020,Toyota,C-HR,Automatic,"Petrol, Hybrid, Octane",3750000,2020,1800.0,57748,6,9624.666666666666,0.8884228187919463,0.027181208053691275,High
Toyota Noah SZ HYBRID 2024,Toyota,Noah,Automatic,Hybrid,5900000,2024,1800.0,16779,2,8389.5,0.8884228187919463,0.10671140939597315,Luxury
Toyota Esquire GI VERTICAL GRILL 2020,Toyota,Esquire,Automatic,"Petrol, Octane",4500000,2020,2000.0,99000,6,16500.0,0.8884228187919463,0.05855704697986577,Luxury
Toyota Esquire GI Package 2020,Toyota,Esquire,Automatic,"Hybrid, Octane",4200000,2020,1790.0,76948,6,12824.666666666666,0.8884228187919463,0.05855704697986577,High
Honda Insight Ex black style 2021,Honda,Insight,Automatic,Hybrid,4600000,2021,1500.0,9000,5,1800.0,0.0424496644295302,0.015100671140939598,Luxury
Toyota Premio F-L 2020,Toyota,Premio,Automatic,Octane,4650000,2020,1490.0,32900,6,5483.333333333333,0.8884228187919463,0.05285234899328859,Luxury
Toyota Premio F-L 2020,Toyota,Premio,Automatic,Octane,4650000,2020,1490.0,43100,6,7183.333333333333,0.8884228187919463,0.05285234899328859,Luxury
Toyota Yaris Cross Z LEATHER 29000KM 2022,Toyota,Yaris Cross,Automatic,"Hybrid, Octane",3830000,2022,1500.0,29000,4,7250.0,0.8884228187919463,0.02097315436241611,High
Toyota Axio EX 2020,Toyota,Axio,Automatic,Octane,3125000,2020,1490.0,33300,6,5550.0,0.8884228187919463,0.10939597315436242,Medium
Toyota Axio EX 2020,Toyota,Axio,Automatic,Octane,3125000,2020,1490.0,25800,6,4300.0,0.8884228187919463,0.10939597315436242,Medium
Toyota Sienta G SEAFTY EDITION HYB 2021,Toyota,Sienta,Automatic,Hybrid,2799999,2021,1500.0,89000,5,17800.0,0.8884228187919463,0.009228187919463088,Medium
Toyota Premio F-L 2020,Toyota,Premio,Automatic,Octane,4700000,2020,1490.0,51000,6,8500.0,0.8884228187919463,0.05285234899328859,Luxury
Toyota Noah SI WXB HYBRID 2020,Toyota,Noah,Automatic,Hybrid,3500000,2020,1800.0,46000,6,7666.666666666667,0.8884228187919463,0.10671140939597315,High
Toyota Esquire XI PKG NON HYB 4 2020,Toyota,Esquire,Automatic,Octane,4380000,2020,2000.0,65000,6,10833.333333333334,0.8884228187919463,0.05855704697986577,High
Toyota Prado TX LTD ALL MOST NEW 2018,Toyota,Prado,Automatic,Octane,11950000,2018,2700.0,32300,8,4037.5,0.8884228187919463,0.013926174496644295,Luxury
Toyota Fielder HYBRID EX PUSH START 2020,Toyota,Fielder,Automatic,Hybrid,2350000,2020,1500.0,88924,6,14820.666666666666,0.8884228187919463,0.057885906040268456,Medium
Honda Insight EX Black Style 2021,Honda,Insight,Automatic,"Petrol, Hybrid, Octane",3900000,2021,1500.0,31286,5,6257.2,0.0424496644295302,0.015100671140939598,High
Toyota Voxy S-Z 2022,Toyota,Voxy,Automatic,"Petrol, Hybrid, Octane",5400000,2022,1800.0,52000,4,13000.0,0.8884228187919463,0.027348993288590605,Luxury
Toyota Noah . 2010,Toyota,Noah,Automatic,"Petrol, LPG",2100000,2010,2000.0,120000,16,7500.0,0.8884228187919463,0.10671140939597315,Low
Honda Grace Silver 2020,Honda,Grace,Automatic,Hybrid,2699999,2020,1500.0,43582,6,7263.666666666667,0.0424496644295302,0.0038590604026845637,Medium
Toyota Noah SI WXB Hybrid Pearl 2021,Toyota,Noah,Automatic,"Hybrid, Octane",3580000,2021,1800.0,29679,5,5935.8,0.8884228187919463,0.10671140939597315,High
Toyota Harrier Hybrid Z package 2021,Toyota,Harrier,Automatic,Hybrid,6200000,2021,2500.0,127,5,25.4,0.8884228187919463,0.03976510067114094,Luxury
Toyota Fielder NON FILEDER PUSH 2020,Toyota,Fielder,Automatic,Octane,2650000,2020,1500.0,125359,6,20893.166666666668,0.8884228187919463,0.057885906040268456,Medium
Toyota Axio 2020,Toyota,Axio,Automatic,Hybrid,2150000,2020,1500.0,88000,6,14666.666666666666,0.8884228187919463,0.10939597315436242,Low
Toyota Spacio all auto 1500cc 2002,Toyota,Spacio,Automatic,"Petrol, CNG, Octane",850000,2002,1500.0,95352,24,3973.0,0.8884228187919463,0.00016778523489932885,Low
Toyota C-HR S GR SPORTS 2020,Toyota,C-HR,Automatic,"Petrol, Hybrid, Octane",3700000,2020,1800.0,51000,6,8500.0,0.8884228187919463,0.027181208053691275,High
Toyota Corolla Cross Z Red 6 Point 2024,Toyota,Corolla Cross,Automatic,Hybrid,5590000,2024,1800.0,43,2,21.5,0.8884228187919463,0.07097315436241611,Luxury
Toyota Hiace DX Dhaka Ready 2020,Toyota,Hiace,Automatic,Octane,3350000,2020,2000.0,75000,6,12500.0,0.8884228187919463,0.09429530201342282,Medium
Toyota Voxy S-Z GRAY 2024,Toyota,Voxy,Automatic,"Hybrid, Octane",5350000,2024,1800.0,2065,2,1032.5,0.8884228187919463,0.027348993288590605,Luxury
Toyota Esquire Gi Premium 2018,Toyota,Esquire,Automatic,"Hybrid, Octane",3245000,2018,1800.0,47000,8,5875.0,0.8884228187919463,0.05855704697986577,Medium
Toyota Hiace GL Dhaka Ready 2020,Toyota,Hiace,Automatic,Octane,3450000,2020,2000.0,68000,6,11333.333333333334,0.8884228187919463,0.09429530201342282,High
Toyota Hiace Super GL Alloy Reem 2020,Toyota,Hiace,Automatic,"Petrol, Octane",3900000,2020,2000.0,82000,6,13666.666666666666,0.8884228187919463,0.09429530201342282,High
Toyota RAV4 NON HYBRID G-Z PKG 2020,Toyota,RAV4,Automatic,"Petrol, Octane",7400000,2020,2000.0,31548,6,5258.0,0.8884228187919463,0.009731543624161074,Luxury
Toyota Yaris Cross Z PKG READY 2021,Toyota,Yaris Cross,Automatic,"Hybrid, Octane",3500000,2021,1500.0,49582,5,9916.4,0.8884228187919463,0.02097315436241611,High
Honda CR-V EX-MASTER PIECE READ 2020,Honda,CR-V,Automatic,"Hybrid, Octane",5500000,2020,2000.0,47980,6,7996.666666666667,0.0424496644295302,0.011241610738255034,Luxury
Toyota Harrier NON HYBRID NEW SHAPE 2024,Toyota,Harrier,Automatic,"Petrol, Octane",11800000,2024,2000.0,8013,2,4006.5,0.8884228187919463,0.03976510067114094,Luxury
Nissan X-Trail E.B.P HYBRID READY 2020,Nissan,X-Trail,Automatic,"Petrol, Hybrid, Octane",3850000,2020,2000.0,26013,6,4335.5,0.02365771812080537,0.015436241610738255,High
Lexus RX 500h F SPORTS READY 2023,Lexus,RX,Automatic,"Petrol, Hybrid, Octane",21000000,2023,2400.0,9013,3,3004.3333333333335,0.0068791946308724835,0.0028523489932885905,Luxury
Lexus RX 500h F.S DHAKA READY 2023,Lexus,RX,Automatic,"Petrol, Hybrid, Octane",20500000,2023,2400.0,1000,3,333.3333333333333,0.0068791946308724835,0.0028523489932885905,Luxury
Toyota Harrier NON HYBRID NEW SHAPE 2022,Toyota,Harrier,Automatic,"Petrol, Octane",8200000,2022,2000.0,44013,4,11003.25,0.8884228187919463,0.03976510067114094,Luxury
Honda CR-V Ex Master piece 2020,Honda,CR-V,Automatic,"Petrol, Hybrid, Octane",5700000,2020,2000.0,57748,6,9624.666666666666,0.0424496644295302,0.011241610738255034,Luxury
Honda CR-V EX- MASTERPICS 2019,Honda,CR-V,Automatic,"Petrol, Octane",5830000,2019,1500.0,26000,7,3714.285714285714,0.0424496644295302,0.011241610738255034,Luxury
Toyota Hiace Super GL 2021,Toyota,Hiace,Automatic,"Petrol, Octane",4600000,2021,2000.0,45000,5,9000.0,0.8884228187919463,0.09429530201342282,Luxury
Toyota Corolla Cross Z-LEATHER 2022,Toyota,Corolla Cross,Automatic,Hybrid,4630000,2022,1800.0,67500,4,16875.0,0.8884228187919463,0.07097315436241611,Luxury
Toyota Premio 2020,Toyota,Premio,Automatic,Petrol,3890000,2021,1497.0,15900,5,3180.0,0.8884228187919463,0.05285234899328859,High
Toyota funcargo 2002,Toyota,Other Model,Automatic,"Petrol, CNG, Octane",495000,2002,1331.0,82535,24,3438.9583333333335,0.8884228187919463,0.005369127516778523,Low
Toyota Corolla Cross Z leader panoramic 2024,Toyota,Corolla Cross,Automatic,"Petrol, Hybrid, Octane",5290000,2024,1800.0,44000,2,22000.0,0.8884228187919463,0.07097315436241611,Luxury
Toyota Corolla Cross MOONROOF 360 Z PKG 2021,Toyota,Corolla Cross,Automatic,Hybrid,4490000,2021,1800.0,23145,5,4629.0,0.8884228187919463,0.07097315436241611,Luxury
Toyota Corolla Cross Z HYBRID MOONROOF 2021,Toyota,Corolla Cross,Automatic,Hybrid,4490000,2021,1800.0,23452,5,4690.4,0.8884228187919463,0.07097315436241611,Luxury
Toyota Esquire NON HYBRID XI PUSH 2020,Toyota,Esquire,Automatic,Octane,4000000,2020,2000.0,132111,6,22018.5,0.8884228187919463,0.05855704697986577,High
Toyota Yaris Hybrid 2021,Toyota,Yaris,Automatic,Hybrid,1900000,2021,1500.0,33000,5,6600.0,0.8884228187919463,0.003355704697986577,Low
Toyota Corolla Hybrid GX 2021,Toyota,Corolla,Automatic,Hybrid,2400000,2021,1800.0,45821,5,9164.2,0.8884228187919463,0.04848993288590604,Medium
Toyota C-HR G Yellow 4.5 Point 2020,Toyota,C-HR,Automatic,Hybrid,3500000,2020,1800.0,40000,6,6666.666666666667,0.8884228187919463,0.027181208053691275,High
Toyota Corolla Cross Z Leather Hard Top 2021,Toyota,Corolla Cross,Automatic,"Petrol, Hybrid, Octane",4550000,2021,1800.0,48000,5,9600.0,0.8884228187919463,0.07097315436241611,Luxury
Toyota Esquire GI PREMIUM HYBRID 2021,Toyota,Esquire,Automatic,Hybrid,4050000,2021,1800.0,72000,5,14400.0,0.8884228187919463,0.05855704697986577,High
Nissan X-Trail hybrid 2017,Nissan,X-Trail,Automatic,"Hybrid, Octane",2450000,2017,2000.0,44000,9,4888.888888888889,0.02365771812080537,0.015436241610738255,Medium
Toyota Prius S T PKG 2021,Toyota,Prius,Automatic,"Hybrid, Octane",3975000,2021,1790.0,29515,5,5903.0,0.8884228187919463,0.029865771812080538,High
Toyota Hiace SUPER GL 2016,Toyota,Hiace,Automatic,"Octane, LPG",3350000,2016,2000.0,124585,10,12458.5,0.8884228187919463,0.09429530201342282,Medium
Toyota C-HR G-LED 2017,Toyota,C-HR,Automatic,"Hybrid, Octane",2695000,2017,1800.0,76000,9,8444.444444444445,0.8884228187919463,0.027181208053691275,Medium
Toyota Esquire HV PUSH GI PREMIUM 2020,Toyota,Esquire,Automatic,Hybrid,3750000,2020,1800.0,97187,6,16197.833333333334,0.8884228187919463,0.05855704697986577,High
Toyota Noah NON HYBRID X 2021,Toyota,Noah,Automatic,Octane,3600000,2021,2000.0,95678,5,19135.6,0.8884228187919463,0.10671140939597315,High
Toyota Axio Ex Nonhybrid Gp-4.00 2020,Toyota,Axio,Automatic,"Petrol, Hybrid, Octane",2700000,2020,1500.0,93400,6,15566.666666666666,0.8884228187919463,0.10939597315436242,Medium
Toyota Axio EX PUSH NON HYBRID 2020,Toyota,Axio,Automatic,Octane,2600000,2020,1500.0,74923,6,12487.166666666666,0.8884228187919463,0.10939597315436242,Medium
Toyota Noah X NON HYBRID KEY 2021,Toyota,Noah,Automatic,Octane,3600000,2021,2000.0,95167,5,19033.4,0.8884228187919463,0.10671140939597315,High
Toyota Esquire PUSH GI PREMIUM PKG 2020,Toyota,Esquire,Automatic,Hybrid,3750000,2020,1800.0,97287,6,16214.5,0.8884228187919463,0.05855704697986577,High
Toyota Axio 2014,Toyota,Axio,Automatic,Hybrid,145000,2019,1500.0,72314,7,10330.57142857143,0.8884228187919463,0.10939597315436242,Low
Toyota C-HR G Mode Ready 2020,Toyota,C-HR,Automatic,"Hybrid, Octane",3350000,2020,1500.0,48460,6,8076.666666666667,0.8884228187919463,0.027181208053691275,Medium
Honda CR-V EX Masterpiece Turbo 2021,Honda,CR-V,Automatic,Octane,5350000,2021,1500.0,19345,5,3869.0,0.0424496644295302,0.011241610738255034,Luxury
Toyota Esquire GI PKG HYBRID PEARL 2021,Toyota,Esquire,Automatic,"Hybrid, Octane",3590000,2021,1800.0,90000,5,18000.0,0.8884228187919463,0.05855704697986577,High
Toyota Prius STS PKG 2020,Toyota,Prius,Automatic,"Hybrid, Octane",3650000,2020,1790.0,66024,6,11004.0,0.8884228187919463,0.029865771812080538,High
Toyota Hiace SUPER GL DARK PRIME 2021,Toyota,Hiace,Automatic,Octane,4130000,2021,2000.0,49235,5,9847.0,0.8884228187919463,0.09429530201342282,High
Honda Insight EX PACKAGE 2019,Honda,Insight,Automatic,Hybrid,3680000,2019,1500.0,63100,7,9014.285714285714,0.0424496644295302,0.015100671140939598,High
Toyota Sienta Hybrid X package 2021,Toyota,Sienta,Automatic,Hybrid,2400000,2021,1500.0,1234,5,246.8,0.8884228187919463,0.009228187919463088,Medium
Toyota Noah SG Hybrid New Shape 2022,Toyota,Noah,Automatic,Hybrid,4550000,2022,1800.0,63000,4,15750.0,0.8884228187919463,0.10671140939597315,Luxury
Honda CR-V EX Masterpeice Pearl 2020,Honda,CR-V,Automatic,Petrol,6050000,2020,1500.0,39000,6,6500.0,0.0424496644295302,0.011241610738255034,Luxury
Toyota Yaris Cross Z Wine 4.542000 km 2020,Toyota,Yaris Cross,Automatic,Hybrid,3600000,2020,1500.0,42000,6,7000.0,0.8884228187919463,0.02097315436241611,High
Toyota Corolla Cross Z Pearl New Shape 2025,Toyota,Corolla Cross,Automatic,Hybrid,6170000,2025,1800.0,11,1,11.0,0.8884228187919463,0.07097315436241611,Luxury
Toyota Voxy S-Z Non Hybrid 2023,Toyota,Voxy,Automatic,"Petrol, Octane",6550000,2023,2000.0,11000,3,3666.6666666666665,0.8884228187919463,0.027348993288590605,Luxury
Toyota Corolla Cross Z Pearl Full Option 2023,Toyota,Corolla Cross,Automatic,Hybrid,5200000,2023,1800.0,33000,3,11000.0,0.8884228187919463,0.07097315436241611,Luxury
Toyota Esquire HB Gi Premium Pearl 2021,Toyota,Esquire,Automatic,Hybrid,4360000,2021,1800.0,23000,5,4600.0,0.8884228187919463,0.05855704697986577,High
Toyota Corolla Cross Z Leather Ready 2022,Toyota,Corolla Cross,Automatic,"Hybrid, Octane",4250000,2022,1800.0,38319,4,9579.75,0.8884228187919463,0.07097315436241611,High
Toyota Corolla FIELDER Hybrid EX 2021,Toyota,Corolla,Automatic,Hybrid,2200000,2021,1500.0,48620,5,9724.0,0.8884228187919463,0.04848993288590604,Low
Toyota Premio G SUPIRIOUR 2012,Toyota,Premio,Automatic,"Petrol, LPG",2350000,2012,1500.0,75000,14,5357.142857142857,0.8884228187919463,0.05285234899328859,Medium
Toyota Axio Hybrid 2020,Toyota,Axio,Automatic,Hybrid,2200000,2020,1500.0,88000,6,14666.666666666666,0.8884228187919463,0.10939597315436242,Low
Toyota Esquire GI PREMIUM NON HYBRI 2020,Toyota,Esquire,Automatic,Petrol,4590000,2020,2000.0,49000,6,8166.666666666667,0.8884228187919463,0.05855704697986577,Luxury
Toyota Voxy ZS KIRAMEKI II PEARL 2020,Toyota,Voxy,Automatic,Petrol,3950000,2020,2000.0,83000,6,13833.333333333334,0.8884228187919463,0.027348993288590605,High
Toyota Hiace SUPER GL DARK PRIME 2022,Toyota,Hiace,Automatic,Petrol,4650000,2022,2000.0,58000,4,14500.0,0.8884228187919463,0.09429530201342282,Luxury
Toyota Fielder EX HYBRID BLACK AP-4 2020,Toyota,Fielder,Automatic,Hybrid,2480000,2020,1500.0,21591,6,3598.5,0.8884228187919463,0.057885906040268456,Medium
Toyota Corolla Cross Z Black 4.548500 km 2023,Toyota,Corolla Cross,Automatic,Hybrid,4880000,2023,1800.0,48500,3,16166.666666666666,0.8884228187919463,0.07097315436241611,Luxury
Toyota C-HR G Hybrid 2020,Toyota,C-HR,Automatic,"Petrol, Hybrid, Octane",3650000,2020,1800.0,41000,6,6833.333333333333,0.8884228187919463,0.027181208053691275,High
Toyota Corolla Cross Z Blue 466900 km 2022,Toyota,Corolla Cross,Automatic,Hybrid,4580000,2022,1800.0,66900,4,16725.0,0.8884228187919463,0.07097315436241611,Luxury
Toyota Corolla Cross Z Black 4.569000 km 2022,Toyota,Corolla Cross,Automatic,Hybrid,4890000,2022,1800.0,69000,4,17250.0,0.8884228187919463,0.07097315436241611,Luxury
Toyota C-HR S Yellow 4 Point 2020,Toyota,C-HR,Automatic,Hybrid,3450000,2020,1800.0,93000,6,15500.0,0.8884228187919463,0.027181208053691275,High
Toyota Yaris Cross Z Leather Hybrid 2021,Toyota,Yaris Cross,Automatic,"Petrol, Hybrid, Octane",3350000,2021,1500.0,62158,5,12431.6,0.8884228187919463,0.02097315436241611,Medium
Nissan X-Trail 20XI Blue 4.577k 2020,Nissan,X-Trail,Automatic,Petrol,5500000,2020,2000.0,77000,6,12833.333333333334,0.02365771812080537,0.015436241610738255,Luxury
Toyota Sienta G Hybrid 2020,Toyota,Sienta,Automatic,"Petrol, Hybrid, Octane",2800000,2020,1500.0,7500,6,1250.0,0.8884228187919463,0.009228187919463088,Medium
Toyota Noah X Led Non Hybrid 2022,Toyota,Noah,Automatic,"Petrol, Octane",4450000,2022,2000.0,102309,4,25577.25,0.8884228187919463,0.10671140939597315,Luxury
Toyota Corolla Cross Z PKG 4.0 PEARL 2022,Toyota,Corolla Cross,Automatic,"Hybrid, Octane",4880000,2022,1800.0,47000,4,11750.0,0.8884228187919463,0.07097315436241611,Luxury
Toyota Axio Hybrid Ex Package 2020,Toyota,Axio,Automatic,Hybrid,2200000,2020,1500.0,118676,6,19779.333333333332,0.8884228187919463,0.10939597315436242,Low
Toyota Harrier Z LEATHER 2020,Toyota,Harrier,Automatic,"Petrol, Octane",8000000,2020,2000.0,77000,6,12833.333333333334,0.8884228187919463,0.03976510067114094,Luxury
Toyota Corolla X 2001,Toyota,Corolla,Automatic,"CNG, Octane",1020000,2001,1500.0,124325,25,4973.0,0.8884228187919463,0.04848993288590604,Low
Toyota Hiace gl dual ac 2020,Toyota,Hiace,Automatic,"Petrol, Octane",3350000,2020,2000.0,92580,6,15430.0,0.8884228187919463,0.09429530201342282,Medium
Toyota Noah NONHYBRID READY UNIT 2020,Toyota,Noah,Automatic,"Petrol, Octane",3480000,2020,2000.0,68381,6,11396.833333333334,0.8884228187919463,0.10671140939597315,High
Toyota Hiace SUPPERGL DHAKA READY 2020,Toyota,Hiace,Automatic,Octane,3950000,2020,2000.0,51987,6,8664.5,0.8884228187919463,0.09429530201342282,High
Toyota Esquire GI Premium 2020,Toyota,Esquire,Automatic,Octane,3600000,2020,2000.0,45369,6,7561.5,0.8884228187919463,0.05855704697986577,High
Toyota Harrier NON HY Z LEATHER-5AP 2022,Toyota,Harrier,Automatic,"Petrol, Octane",9100000,2022,2000.0,32000,4,8000.0,0.8884228187919463,0.03976510067114094,Luxury
Toyota Fielder EX PUSH 2020,Toyota,Fielder,Automatic,"Hybrid, Octane",2280000,2020,1500.0,59000,6,9833.333333333334,0.8884228187919463,0.057885906040268456,Low
Toyota Hiace DX-GL 2020,Toyota,Hiace,Automatic,Octane,3150000,2020,2000.0,104762,6,17460.333333333332,0.8884228187919463,0.09429530201342282,Medium
Toyota Noah Hybrid SI WXB V-2 2020,Toyota,Noah,Automatic,"Petrol, Hybrid, Octane",3850000,2020,1800.0,37000,6,6166.666666666667,0.8884228187919463,0.10671140939597315,High
Toyota Hiace Super GL Push 2020,Toyota,Hiace,Automatic,"Petrol, Octane",4200000,2020,2000.0,102000,6,17000.0,0.8884228187919463,0.09429530201342282,High
Toyota Noah X NON-HYBRID 2020,Toyota,Noah,Automatic,Octane,3500000,2020,2000.0,140164,6,23360.666666666668,0.8884228187919463,0.10671140939597315,High
Toyota Axio EX Hybrid 2020,Toyota,Axio,Automatic,"Hybrid, Octane",2550000,2020,1500.0,41695,6,6949.166666666667,0.8884228187919463,0.10939597315436242,Medium
Toyota Prius S-Touring Seclection 2020,Toyota,Prius,Automatic,"Petrol, Hybrid, Octane",3400000,2020,1800.0,48400,6,8066.666666666667,0.8884228187919463,0.029865771812080538,High
Toyota Hiace Super GL FULL LOAD 2024,Toyota,Hiace,Automatic,"Petrol, Octane",5100000,2024,2000.0,40000,2,20000.0,0.8884228187919463,0.09429530201342282,Luxury
Toyota Esquire Gi premium nonhybrid 2020,Toyota,Esquire,Automatic,"Petrol, Octane",4500000,2020,2000.0,59000,6,9833.333333333334,0.8884228187919463,0.05855704697986577,Luxury
Toyota Prius ATS PKG 2021,Toyota,Prius,Automatic,"Hybrid, Octane",3975000,2021,1790.0,39200,5,7840.0,0.8884228187919463,0.029865771812080538,High
Toyota Prius S 2019,Toyota,Prius,Automatic,"Hybrid, Octane",3650000,2019,1790.0,61800,7,8828.57142857143,0.8884228187919463,0.029865771812080538,High
Toyota Prius ATS PKG 2018,Toyota,Prius,Automatic,"Hybrid, Octane",3050000,2018,1790.0,99450,8,12431.25,0.8884228187919463,0.029865771812080538,Medium
Toyota Harrier Z LEATHER NON-HYBRID 2020,Toyota,Harrier,Automatic,Octane,8000000,2020,2000.0,60000,6,10000.0,0.8884228187919463,0.03976510067114094,Luxury
Toyota Axio EX 2020,Toyota,Axio,Automatic,Octane,3025000,2020,1490.0,78200,6,13033.333333333334,0.8884228187919463,0.10939597315436242,Medium
Toyota Axio EX-PKG 2020,Toyota,Axio,Automatic,Octane,3125000,2020,1490.0,45410,6,7568.333333333333,0.8884228187919463,0.10939597315436242,Medium
Toyota Corolla Cross Z-PKG 2023,Toyota,Corolla Cross,Automatic,"Hybrid, Octane",4950000,2023,1800.0,36910,3,12303.333333333334,0.8884228187919463,0.07097315436241611,Luxury
Honda Insight HYBRID PUSH START 2021,Honda,Insight,Automatic,Hybrid,3650000,2021,1500.0,123452,5,24690.4,0.0424496644295302,0.015100671140939598,High
Toyota Sienta G QUERO 2020,Toyota,Sienta,Automatic,"Petrol, Hybrid, Octane",2700000,2020,1500.0,79000,6,13166.666666666666,0.8884228187919463,0.009228187919463088,Medium
Toyota C-HR G Mode Nero 4.5 2020,Toyota,C-HR,Automatic,"Petrol, Hybrid, Octane",3500000,2020,1800.0,50959,6,8493.166666666666,0.8884228187919463,0.027181208053691275,High
Mitsubishi Outlandar Rock Ford  Sun Roof 2011,Mitsubishi,Outlandar,Automatic,Octane,2360000,2011,2000.0,57250,15,3816.6666666666665,0.012583892617449664,0.0016778523489932886,Medium
Toyota Corolla Cross Z Leather Hard Top 2022,Toyota,Corolla Cross,Automatic,"Petrol, Hybrid, Octane",4200000,2022,1800.0,44000,4,11000.0,0.8884228187919463,0.07097315436241611,High
Toyota Noah X 2020,Toyota,Noah,Manual,Hybrid,3050000,2020,1800.0,122000,6,20333.333333333332,0.8884228187919463,0.10671140939597315,Medium
Toyota Esquire GI PACKAGE 2021,Toyota,Esquire,Automatic,"Hybrid, Octane",4300000,2021,1790.0,61710,5,12342.0,0.8884228187919463,0.05855704697986577,High
Toyota Esquire GI PKG 2021,Toyota,Esquire,Automatic,"Hybrid, Octane",4350000,2021,1790.0,78341,5,15668.2,0.8884228187919463,0.05855704697986577,High
Toyota Esquire GI PKG NON HYB 2020,Toyota,Esquire,Automatic,Octane,4499999,2020,2000.0,39000,6,6500.0,0.8884228187919463,0.05855704697986577,Luxury
Toyota Hiace 2011,Toyota,Hiace,Automatic,"CNG, Octane",2449000,2015,2000.0,80000,11,7272.727272727273,0.8884228187919463,0.09429530201342282,Medium
Toyota Corolla G Package 2006,Toyota,Corolla,Automatic,"CNG, Octane",1330000,2006,1500.0,78000,20,3900.0,0.8884228187919463,0.04848993288590604,Low
Honda CR-V JDM 2004,Honda,CR-V,Automatic,Octane,1090000,2004,2000.0,150000,22,6818.181818181818,0.0424496644295302,0.011241610738255034,Low
Toyota Corolla S - LED PACKAGE 2020,Toyota,Corolla,Automatic,"Hybrid, Octane",2950000,2020,1800.0,77218,6,12869.666666666666,0.8884228187919463,0.04848993288590604,Medium
Toyota Hiace SUPPER GL BODY KIT 2020,Toyota,Hiace,Automatic,Octane,3950000,2020,2000.0,59632,6,9938.666666666666,0.8884228187919463,0.09429530201342282,High
Toyota C-HR G LED PACKAGE-HV 2019,Toyota,C-HR,Automatic,Hybrid,3380000,2019,1800.0,31987,7,4569.571428571428,0.8884228187919463,0.027181208053691275,Medium
Toyota C-HR G-LED PACKAGE-HV 2019,Toyota,C-HR,Automatic,Hybrid,3380000,2019,1800.0,31012,7,4430.285714285715,0.8884228187919463,0.027181208053691275,Medium
Toyota Esquire GI PREMIUM-PKG 2020,Toyota,Esquire,Automatic,Hybrid,3850000,2020,1800.0,69367,6,11561.166666666666,0.8884228187919463,0.05855704697986577,High
Toyota C-HR G-LED PKG-HYBRID 2019,Toyota,C-HR,Automatic,Hybrid,3380000,2019,1800.0,31098,7,4442.571428571428,0.8884228187919463,0.027181208053691275,Medium
Honda Insight EX-PUSH START-HYBRID 2019,Honda,Insight,Automatic,Hybrid,3680000,2019,1500.0,63711,7,9101.57142857143,0.0424496644295302,0.015100671140939598,High
Toyota Noah NON HYBRID X 2020,Toyota,Noah,Automatic,Octane,3500000,2020,2000.0,95342,6,15890.333333333334,0.8884228187919463,0.10671140939597315,High
Toyota Esquire gi premium hybrid 2020,Toyota,Esquire,Automatic,Hybrid,3800000,2020,1800.0,69000,6,11500.0,0.8884228187919463,0.05855704697986577,High
Toyota Harrier PREMIUM PACKAGE 2020,Toyota,Harrier,Automatic,Octane,6550000,2020,2000.0,53987,6,8997.833333333334,0.8884228187919463,0.03976510067114094,Luxury
Toyota Noah X-NON HYBRID 2021,Toyota,Noah,Automatic,Octane,3650000,2021,2000.0,107345,5,21469.0,0.8884228187919463,0.10671140939597315,High
Toyota Axio EX READY DHAKA 2020,Toyota,Axio,Automatic,"Petrol, Hybrid, Octane",2400000,2020,1500.0,44000,6,7333.333333333333,0.8884228187919463,0.10939597315436242,Medium
Toyota Harrier PREMIUM-PKG 2020,Toyota,Harrier,Automatic,Octane,6550000,2020,2000.0,53378,6,8896.333333333334,0.8884228187919463,0.03976510067114094,Luxury
Toyota Esquire GI PREMIUM-HV 2020,Toyota,Esquire,Automatic,Hybrid,3700000,2020,1800.0,97002,6,16167.0,0.8884228187919463,0.05855704697986577,High
Toyota C-HR G LED 2019,Toyota,C-HR,Automatic,Hybrid,3380000,2019,1800.0,31444,7,4492.0,0.8884228187919463,0.027181208053691275,Medium
Toyota Noah X- Non-HYBRID 2020,Toyota,Noah,Automatic,Octane,3650000,2020,2000.0,96076,6,16012.666666666666,0.8884228187919463,0.10671140939597315,High
Toyota Prius hybrid 2020,Toyota,Prius,Automatic,"Petrol, Hybrid, Octane",2850000,2020,1800.0,56284,6,9380.666666666666,0.8884228187919463,0.029865771812080538,Medium
Toyota Fielder NON HYBRID Ready 2020,Toyota,Fielder,Automatic,"Petrol, Hybrid, Octane, Other fuel type",2620000,2020,1500.0,90000,6,15000.0,0.8884228187919463,0.057885906040268456,Medium
Toyota Allion silver 2002,Toyota,Allion,Automatic,"CNG, Octane",1170000,2002,1500.0,89000,24,3708.3333333333335,0.8884228187919463,0.03120805369127517,Low
Toyota Axio silver 2010,Toyota,Axio,Automatic,Octane,1550000,2010,1500.0,7500,16,468.75,0.8884228187919463,0.10939597315436242,Low
Toyota Yaris Cross Z LEATHER TWO TUNE 2021,Toyota,Yaris Cross,Automatic,Hybrid,3350000,2021,1500.0,51380,5,10276.0,0.8884228187919463,0.02097315436241611,Medium
Toyota Premio F EX RED WINE 2020,Toyota,Premio,Automatic,Petrol,4620000,2020,1500.0,34892,6,5815.333333333333,0.8884228187919463,0.05285234899328859,Luxury
Toyota Noah SI WXB HYBRID 2020,Toyota,Noah,Automatic,Hybrid,3650000,2020,1800.0,57970,6,9661.666666666666,0.8884228187919463,0.10671140939597315,High
Toyota Hiace AMBULENCE DX 2020,Toyota,Hiace,Automatic,"Petrol, Octane",2790000,2020,2000.0,175624,6,29270.666666666668,0.8884228187919463,0.09429530201342282,Medium
Toyota Noah X HYBRID 2020,Toyota,Noah,Automatic,Hybrid,3250000,2020,1800.0,63521,6,10586.833333333334,0.8884228187919463,0.10671140939597315,Medium
Toyota Corolla Cross s pkg 2022,Toyota,Corolla Cross,Automatic,Hybrid,3950000,2022,1800.0,36521,4,9130.25,0.8884228187919463,0.07097315436241611,High
Toyota Corolla Cross Z LEATHER 2021,Toyota,Corolla Cross,Automatic,Hybrid,4790000,2021,1800.0,67900,5,13580.0,0.8884228187919463,0.07097315436241611,Luxury
Toyota Esquire GI PREMIUM HYBRID 2020,Toyota,Esquire,Automatic,Hybrid,3780000,2020,1800.0,57360,6,9560.0,0.8884228187919463,0.05855704697986577,High
Toyota Harrier Z LEATHER BLACK 2021,Toyota,Harrier,Automatic,Petrol,8100000,2021,2000.0,27000,5,5400.0,0.8884228187919463,0.03976510067114094,Luxury
Toyota Noah S-Z BRAND NEW UNIT 2025,Toyota,Noah,Automatic,Hybrid,6180000,2025,1800.0,7,1,7.0,0.8884228187919463,0.10671140939597315,Luxury
Toyota Yaris Cross Z LEATHER AP-4.5 2021,Toyota,Yaris Cross,Automatic,Hybrid,3390000,2021,1500.0,48562,5,9712.4,0.8884228187919463,0.02097315436241611,High
Toyota Hiace Ambulance Super GL 2020,Toyota,Hiace,Automatic,Petrol,3590000,2020,2000.0,87500,6,14583.333333333334,0.8884228187919463,0.09429530201342282,High
Toyota Hiace SUPER GL 2013,Toyota,Hiace,Automatic,Octane,2695000,2013,2000.0,89580,13,6890.7692307692305,0.8884228187919463,0.09429530201342282,Medium
Toyota Noah Hybrid G Pkg Bronze 2021,Toyota,Noah,Automatic,Hybrid,3640000,2021,1800.0,101600,5,20320.0,0.8884228187919463,0.10671140939597315,High
Toyota Prius S Touring Sel. Black 2020,Toyota,Prius,Automatic,Hybrid,3430000,2020,1800.0,66000,6,11000.0,0.8884228187919463,0.029865771812080538,High
Toyota Corolla Cross Z Black 4.518000 km 2022,Toyota,Corolla Cross,Automatic,Hybrid,4970000,2022,1800.0,18000,4,4500.0,0.8884228187919463,0.07097315436241611,Luxury
Toyota Noah X Black 3.5134k km 2021,Toyota,Noah,Automatic,Hybrid,3420000,2021,1800.0,134000,5,26800.0,0.8884228187919463,0.10671140939597315,High
Toyota Hiace Super GL Dark Prime2 2023,Toyota,Hiace,Automatic,Petrol,4850000,2023,2000.0,34000,3,11333.333333333334,0.8884228187919463,0.09429530201342282,Luxury
Toyota Corolla Cross Z Black 3.527k km 2023,Toyota,Corolla Cross,Automatic,Hybrid,4880000,2023,1800.0,27000,3,9000.0,0.8884228187919463,0.07097315436241611,Luxury
Toyota Noah X Silver RA225k km 2020,Toyota,Noah,Automatic,Hybrid,3030000,2020,1800.0,225000,6,37500.0,0.8884228187919463,0.10671140939597315,Medium
Toyota Corolla Cross Z Pearl 59500 km 2023,Toyota,Corolla Cross,Automatic,Hybrid,5430000,2023,1800.0,9500,3,3166.6666666666665,0.8884228187919463,0.07097315436241611,Luxury
Toyota Noah SIWXB Black R39k km 2020,Toyota,Noah,Automatic,Hybrid,3750000,2020,1800.0,39000,6,6500.0,0.8884228187919463,0.10671140939597315,High
Toyota Corolla Cross G Pearl 458000 km 2021,Toyota,Corolla Cross,Automatic,Hybrid,4180000,2021,1800.0,58000,5,11600.0,0.8884228187919463,0.07097315436241611,High
Toyota Noah SZ Black R33000 km 2023,Toyota,Noah,Automatic,Hybrid,4860000,2023,1800.0,33000,3,11000.0,0.8884228187919463,0.10671140939597315,Luxury
Toyota Corolla Cross Z Pearl 64100 km 2025,Toyota,Corolla Cross,Automatic,Hybrid,5690000,2025,1800.0,4100,1,4100.0,0.8884228187919463,0.07097315436241611,Luxury
Toyota Raize Z Beige 3.538000 km 2022,Toyota,Raize Z,Automatic,Hybrid,4220000,2022,1200.0,38000,4,9500.0,0.8884228187919463,0.0013422818791946308,High
Toyota Noah G Pearl 3.5174k km 2020,Toyota,Noah,Automatic,Hybrid,3130000,2020,1800.0,174000,6,29000.0,0.8884228187919463,0.10671140939597315,Medium
Toyota Corolla Cross Z Pearl 354000 km 2022,Toyota,Corolla Cross,Automatic,Hybrid,4380000,2022,1800.0,54000,4,13500.0,0.8884228187919463,0.07097315436241611,High
Toyota Noah X Brown R98000 km 2021,Toyota,Noah,Automatic,Petrol,3750000,2021,2000.0,98000,5,19600.0,0.8884228187919463,0.10671140939597315,High
Toyota Corolla Cross Z Pearl RA97000 km 2022,Toyota,Corolla Cross,Automatic,Hybrid,4330000,2022,1800.0,97000,4,24250.0,0.8884228187919463,0.07097315436241611,High
Toyota Hiace Super GL Pearl R68k 2021,Toyota,Hiace,Automatic,Petrol,4230000,2021,2000.0,68000,5,13600.0,0.8884228187919463,0.09429530201342282,High
Toyota Noah G Silver 4112k km 2020,Toyota,Noah,Automatic,Hybrid,3180000,2020,1800.0,112900,6,18816.666666666668,0.8884228187919463,0.10671140939597315,Medium
Toyota Corolla Cross HYBRID Z HARDTOP 2021,Toyota,Corolla Cross,Automatic,Hybrid,4450000,2021,1800.0,44389,5,8877.8,0.8884228187919463,0.07097315436241611,Luxury
Toyota Harrier Z PACKAGE PANORAMIC 2021,Toyota,Harrier,Automatic,Hybrid,7600000,2021,2500.0,14256,5,2851.2,0.8884228187919463,0.03976510067114094,Luxury
Toyota Yaris Hybrid 2021,Toyota,Yaris,Automatic,Hybrid,1900000,2021,1500.0,31000,5,6200.0,0.8884228187919463,0.003355704697986577,Low
Toyota Probox DX 2003,Toyota,Probox,Automatic,"Petrol, CNG, Octane",565000,2003,1500.0,95352,23,4145.739130434783,0.8884228187919463,0.00436241610738255,Low
Toyota Axio EX Hybrid 2020,Toyota,Axio,Automatic,"Petrol, Hybrid, Octane",2150000,2020,1500.0,78458,6,13076.333333333334,0.8884228187919463,0.10939597315436242,Low
Toyota Corolla Cross Z Leather- 4.5 Point 2022,Toyota,Corolla Cross,Automatic,Hybrid,4730000,2022,1800.0,46981,4,11745.25,0.8884228187919463,0.07097315436241611,Luxury
Toyota Corolla Cross Z LEATHER- 4.5 POINT 2022,Toyota,Corolla Cross,Automatic,Hybrid,4730000,2022,1800.0,46981,4,11745.25,0.8884228187919463,0.07097315436241611,Luxury
Toyota Noah Hybrid 2020,Toyota,Noah,Automatic,Hybrid,3130000,2020,1800.0,77351,6,12891.833333333334,0.8884228187919463,0.10671140939597315,Medium
MG HS Octane 2021,MG,HS,Automatic,Octane,3150000,2021,1500.0,43100,5,8620.0,0.001174496644295302,0.0005033557046979866,Medium
Toyota Axio EX PKG 4.0 WHITE 2020,Toyota,Axio,Automatic,"Hybrid, Octane",2420000,2020,1500.0,84135,6,14022.5,0.8884228187919463,0.10939597315436242,Medium
Toyota Axio Non hybrid Ex push 2020,Toyota,Axio,Automatic,"Petrol, Octane",2600000,2020,1500.0,80257,6,13376.166666666666,0.8884228187919463,0.10939597315436242,Medium
Toyota Fielder Hybrid 4 Grade 2020,Toyota,Fielder,Automatic,Hybrid,2320000,2020,1800.0,85714,6,14285.666666666666,0.8884228187919463,0.057885906040268456,Low
Toyota Fielder EX Dhaka Ready 2020,Toyota,Fielder,Automatic,Octane,2750000,2020,1500.0,67000,6,11166.666666666666,0.8884228187919463,0.057885906040268456,Medium
Toyota Fielder Hybrid EX 2021,Toyota,Fielder,Automatic,"Petrol, Hybrid, Octane",2300000,2021,1800.0,56000,5,11200.0,0.8884228187919463,0.057885906040268456,Low
Toyota Hiace DX 2020,Toyota,Hiace,Automatic,Octane,3280000,2020,2000.0,39856,6,6642.666666666667,0.8884228187919463,0.09429530201342282,Medium
Toyota Voxy S-Z 2022,Toyota,Voxy,Automatic,"Hybrid, Octane",4750000,2022,1800.0,50000,4,12500.0,0.8884228187919463,0.027348993288590605,Luxury
Nissan X-Trail HYBRID SUNROOF 2019,Nissan,X-Trail,Automatic,"Petrol, Hybrid, Octane",4100000,2019,2000.0,33000,7,4714.285714285715,0.02365771812080537,0.015436241610738255,High
Toyota Corolla Cross Z Leather Moonroof 2022,Toyota,Corolla Cross,Automatic,"Petrol, Hybrid, Octane",4770000,2022,1800.0,9000,4,2250.0,0.8884228187919463,0.07097315436241611,Luxury
Toyota Voxy Hybrid S-Z 2022,Toyota,Voxy,Automatic,"Petrol, Hybrid, Octane",4100000,2022,1800.0,40000,4,10000.0,0.8884228187919463,0.027348993288590605,High
Toyota Corolla GX HYBRID PUSH GP-4 2020,Toyota,Corolla,Automatic,"Petrol, Hybrid, Octane",2900000,2020,1800.0,62122,6,10353.666666666666,0.8884228187919463,0.04848993288590604,Medium
Toyota Axio EX NON HYBRID PUSH 2021,Toyota,Axio,Automatic,"Petrol, Octane",3250000,2021,1500.0,46950,5,9390.0,0.8884228187919463,0.10939597315436242,Medium
Toyota Esquire GI- PUSH BODY KIT 2020,Toyota,Esquire,Automatic,"Petrol, Hybrid, Octane",3700000,2020,1800.0,60690,6,10115.0,0.8884228187919463,0.05855704697986577,High
Toyota Fielder Ex Push Start GP-4 2020,Toyota,Fielder,Automatic,"Petrol, Hybrid, Octane",2300000,2020,1500.0,58069,6,9678.166666666666,0.8884228187919463,0.057885906040268456,Low
Toyota Hiace Super GL Push Projec 2020,Toyota,Hiace,Automatic,"Petrol, Octane",4150000,2020,2000.0,102000,6,17000.0,0.8884228187919463,0.09429530201342282,High
Toyota Voxy 2022,Toyota,Voxy,Automatic,"Hybrid, Octane",5300000,2022,1800.0,54300,4,13575.0,0.8884228187919463,0.027348993288590605,Luxury
Toyota Prius S Touring Selection 2020,Toyota,Prius,Automatic,"Petrol, Hybrid, Octane",3350000,2020,1800.0,87000,6,14500.0,0.8884228187919463,0.029865771812080538,Medium
Toyota Fielder EX HYBRID PUSH GP-4 2020,Toyota,Fielder,Automatic,"Petrol, Hybrid, Octane",2300000,2020,1500.0,92548,6,15424.666666666666,0.8884228187919463,0.057885906040268456,Low
Toyota Noah X-HY PUSH 2DOR POW 2020,Toyota,Noah,Automatic,"Petrol, Hybrid, Octane",3400000,2020,1800.0,71433,6,11905.5,0.8884228187919463,0.10671140939597315,High
Toyota C-HR G-LED GRAY  2 TONE 2020,Toyota,C-HR,Automatic,"Petrol, Hybrid, Octane",3450000,2020,1800.0,70320,6,11720.0,0.8884228187919463,0.027181208053691275,High
Toyota Noah SI-WXB HYBRID CEL-TV 2021,Toyota,Noah,Automatic,"Petrol, Hybrid, Octane",3800000,2021,1800.0,68754,5,13750.8,0.8884228187919463,0.10671140939597315,High
Toyota Aqua S HYBRID 2020,Toyota,Aqua,Automatic,"Petrol, Hybrid, Octane",1940000,2020,1500.0,96100,6,16016.666666666666,0.8884228187919463,0.015771812080536914,Low
Toyota Axio EX HYBRID PUSH GP-4 2020,Toyota,Axio,Automatic,"Petrol, Hybrid, Octane",2250000,2020,1500.0,87450,6,14575.0,0.8884228187919463,0.10939597315436242,Low
Toyota Prado TX L 2011,Toyota,Prado,Automatic,Octane,6500000,2011,2700.0,67485,15,4499.0,0.8884228187919463,0.013926174496644295,Luxury
Toyota Esquire GI 2020,Toyota,Esquire,Automatic,"Hybrid, Octane",4050000,2020,1790.0,67200,6,11200.0,0.8884228187919463,0.05855704697986577,High
Toyota Corolla Cross Z LEATHER 4 POINT 2021,Toyota,Corolla Cross,Automatic,Hybrid,4380000,2021,1800.0,62000,5,12400.0,0.8884228187919463,0.07097315436241611,High
Toyota Esquire GI 2018,Toyota,Esquire,Automatic,"Hybrid, Octane",3850000,2018,1790.0,87400,8,10925.0,0.8884228187919463,0.05855704697986577,High
Toyota Noah G HYB 2DR PWR 4POINT 2020,Toyota,Noah,Automatic,Hybrid,3180000,2020,1800.0,112000,6,18666.666666666668,0.8884228187919463,0.10671140939597315,Medium
Toyota Corolla Cross Z PKG 2022,Toyota,Corolla Cross,Automatic,"Hybrid, Octane",4800000,2022,1790.0,64134,4,16033.5,0.8884228187919463,0.07097315436241611,Luxury
Toyota Axio EX-PKG 2020,Toyota,Axio,Automatic,"Hybrid, Octane",2800000,2020,1490.0,79519,6,13253.166666666666,0.8884228187919463,0.10939597315436242,Medium
Toyota Axio EX-PKG 2020,Toyota,Axio,Automatic,"Hybrid, Octane",2800000,2020,1490.0,68935,6,11489.166666666666,0.8884228187919463,0.10939597315436242,Medium
Toyota Esquire GI PKG NON HYB 4.5 2020,Toyota,Esquire,Automatic,Octane,4500000,2020,2000.0,84000,6,14000.0,0.8884228187919463,0.05855704697986577,Luxury
Toyota Corolla Cross Z LEATHER 4.5 POINT 2021,Toyota,Corolla Cross,Automatic,Hybrid,4430000,2021,1800.0,51000,5,10200.0,0.8884228187919463,0.07097315436241611,Luxury
Toyota Passo Sette 7Seat 1.5L 2011,Toyota,Passo,Automatic,"Petrol, Octane",1450000,2011,1500.0,69369,15,4624.6,0.8884228187919463,0.0038590604026845637,Low
"Toyota Prius U, Auction Grade 5 2023",Toyota,Prius,Automatic,Octane,4700000,2023,1800.0,1501,3,500.3333333333333,0.8884228187919463,0.029865771812080538,Luxury
Toyota Prius S Touring Selection 2018,Toyota,Prius,Automatic,"Hybrid, Octane",2710000,2018,1800.0,109085,8,13635.625,0.8884228187919463,0.029865771812080538,Medium
Toyota Axio EX Push 2020,Toyota,Axio,Automatic,"Hybrid, Octane",2150000,2020,1500.0,58000,6,9666.666666666666,0.8884228187919463,0.10939597315436242,Low
Toyota Yaris Cross SHOWROOM-READY 2020,Toyota,Yaris Cross,Automatic,"Petrol, Hybrid, Octane",3450000,2020,1500.0,59512,6,9918.666666666666,0.8884228187919463,0.02097315436241611,High
Toyota Noah NON HYBRID X PKG 2021,Toyota,Noah,Automatic,"Petrol, Octane",3700000,2021,2000.0,62195,5,12439.0,0.8884228187919463,0.10671140939597315,High
Toyota Noah X PKG NON HY BRID 2021,Toyota,Noah,Automatic,"Petrol, Octane",3700000,2021,2000.0,41013,5,8202.6,0.8884228187919463,0.10671140939597315,High
BMW X3 Special Edition 2011,BMW,X3,Automatic,Diesel,2950000,2011,2000.0,75000,15,5000.0,0.0038590604026845637,0.00016778523489932885,Medium
Toyota Axio EX-Package 2020,Toyota,Axio,Automatic,Octane,3180000,2020,1490.0,66349,6,11058.166666666666,0.8884228187919463,0.10939597315436242,Medium
Toyota Axio EX-Package 2020,Toyota,Axio,Automatic,"Hybrid, Octane",2800000,2020,1490.0,79529,6,13254.833333333334,0.8884228187919463,0.10939597315436242,Medium
Toyota Allion G PACKAGE PUSH 2016,Toyota,Allion,Automatic,"Petrol, CNG, Octane",2950000,2016,1500.0,52200,10,5220.0,0.8884228187919463,0.03120805369127517,Medium
Toyota Premio G Win Over Fresh 2011,Toyota,Premio,Automatic,Octane,2280000,2011,1500.0,54000,15,3600.0,0.8884228187919463,0.05285234899328859,Low
Toyota Premio G PUSH BLACK 2011,Toyota,Premio,Automatic,Octane,2200000,2011,1500.0,69000,15,4600.0,0.8884228187919463,0.05285234899328859,Low
Toyota Axio Hybrid 2020 Ex,Toyota,Axio,Automatic,"Hybrid, Octane",2180000,2020,1500.0,83254,6,13875.666666666666,0.8884228187919463,0.10939597315436242,Low
Toyota Axio Non Hybrid 2020,Toyota,Axio,Automatic,Octane,2600000,2020,1500.0,86452,6,14408.666666666666,0.8884228187919463,0.10939597315436242,Medium
Toyota C-HR G-LED-TWO TONE-HV 2019,Toyota,C-HR,Automatic,Hybrid,3380000,2019,1800.0,31092,7,4441.714285714285,0.8884228187919463,0.027181208053691275,Medium
Toyota Premio FL LED 2021,Toyota,Premio,Automatic,Octane,3700000,2021,1500.0,50211,5,10042.2,0.8884228187919463,0.05285234899328859,High
Toyota Esquire GI-PREMIU-HYBRID 2020,Toyota,Esquire,Automatic,Hybrid,3700000,2020,1800.0,63545,6,10590.833333333334,0.8884228187919463,0.05855704697986577,High
Toyota Corolla Cross Z-LEATHER MOONROOF 2021,Toyota,Corolla Cross,Automatic,"Hybrid, Octane",4490000,2021,1800.0,23000,5,4600.0,0.8884228187919463,0.07097315436241611,Luxury
Toyota Noah X-PKG-NON HYBRID 2021,Toyota,Noah,Automatic,Octane,3650000,2021,2000.0,95067,5,19013.4,0.8884228187919463,0.10671140939597315,High
Toyota Noah X PKG-NON-HYBRID 2020,Toyota,Noah,Automatic,Octane,3550000,2020,2000.0,96090,6,16015.0,0.8884228187919463,0.10671140939597315,High
Toyota Noah X-PKG-NON-HYBRID 2021,Toyota,Noah,Automatic,Octane,3650000,2021,2000.0,107530,5,21506.0,0.8884228187919463,0.10671140939597315,High
Toyota Esquire GI PREMIUM HV 2020,Toyota,Esquire,Automatic,Hybrid,3700000,2020,1800.0,63211,6,10535.166666666666,0.8884228187919463,0.05855704697986577,High
Honda Insight EX-PUSH-HV 2019,Honda,Insight,Automatic,Hybrid,3680000,2019,1500.0,63555,7,9079.285714285714,0.0424496644295302,0.015100671140939598,High
Honda Insight LX PACKAGE-HV 2021,Honda,Insight,Automatic,Hybrid,3700000,2021,1500.0,123777,5,24755.4,0.0424496644295302,0.015100671140939598,High
Toyota Esquire PUSH HV GI PREMIUM 2020,Toyota,Esquire,Automatic,Hybrid,3900000,2020,1800.0,77389,6,12898.166666666666,0.8884228187919463,0.05855704697986577,High
Honda Vezel E PLAY PUSH START 2021,Honda,Vezel,Automatic,Hybrid,46189,2021,1500.0,23134,5,4626.8,0.0424496644295302,0.006711409395973154,Low
Toyota Corolla Hybrid 2021,Toyota,Corolla,Automatic,Hybrid,2400000,2021,1800.0,73000,5,14600.0,0.8884228187919463,0.04848993288590604,Medium
Toyota Corolla Hybrid WXB 2021,Toyota,Corolla,Automatic,Hybrid,2800000,2021,1800.0,90000,5,18000.0,0.8884228187919463,0.04848993288590604,Medium
Toyota Axio Hybrid EX 2020,Toyota,Axio,Automatic,"Petrol, Hybrid, Octane",2150000,2020,1500.0,62993,6,10498.833333333334,0.8884228187919463,0.10939597315436242,Low
Toyota Noah ESQUIRE GI 2020,Toyota,Noah,Automatic,"CNG, Octane, LPG",4550000,2020,2000.0,53000,6,8833.333333333334,0.8884228187919463,0.10671140939597315,Luxury
Toyota Noah NHB SI WXB PEARL 2020,Toyota,Noah,Automatic,"Petrol, Octane",4400000,2020,2000.0,64000,6,10666.666666666666,0.8884228187919463,0.10671140939597315,High
Toyota Alphard Executive Lounge 2021,Toyota,Alphard,Automatic,"Petrol, Hybrid, Octane",10800000,2021,2500.0,51002,5,10200.4,0.8884228187919463,0.0050335570469798654,Luxury
Toyota Prius S-HYBRID GP-4.5 2020,Toyota,Prius,Automatic,"Petrol, Hybrid, Octane",3350000,2020,1800.0,22669,6,3778.1666666666665,0.8884228187919463,0.029865771812080538,Medium
Honda Vezel E-PLAY HYBRID PUSH 2022,Honda,Vezel,Automatic,Hybrid,4600000,2022,1500.0,17245,4,4311.25,0.0424496644295302,0.006711409395973154,Luxury
Toyota Noah X LED 2 DOOR POWER 2020,Toyota,Noah,Automatic,"Petrol, Octane",3770000,2020,2000.0,142000,6,23666.666666666668,0.8884228187919463,0.10671140939597315,High
Toyota Premio F 2004,Toyota,Premio,Automatic,LPG,1320000,2004,1500.0,86000,22,3909.090909090909,0.8884228187919463,0.05285234899328859,Low
Toyota Hiace DX 2021,Toyota,Hiace,Automatic,"Petrol, Octane",3150000,2021,2000.0,77000,5,15400.0,0.8884228187919463,0.09429530201342282,Medium
Toyota Esquire GI PREMIUM HYBRID 2020,Toyota,Esquire,Automatic,Hybrid,3680000,2020,1800.0,78360,6,13060.0,0.8884228187919463,0.05855704697986577,High
Toyota Fielder EX Hybrid 2020,Toyota,Fielder,Automatic,"Hybrid, Octane",2250000,2020,1500.0,125792,6,20965.333333333332,0.8884228187919463,0.057885906040268456,Low
Toyota Axio EX HYBRID 2020,Toyota,Axio,Automatic,"Hybrid, Octane",2550000,2020,1500.0,30945,6,5157.5,0.8884228187919463,0.10939597315436242,Medium
Toyota Fielder EX Hybrid 2020,Toyota,Fielder,Automatic,"Hybrid, Octane",2250000,2020,1500.0,144960,6,24160.0,0.8884228187919463,0.057885906040268456,Low
Toyota Axio EX HYBRID 2020,Toyota,Axio,Automatic,"Hybrid, Octane",2540000,2020,1500.0,41695,6,6949.166666666667,0.8884228187919463,0.10939597315436242,Medium
Toyota Noah SI-WXB HYBRID CEL-TV 2021,Toyota,Noah,Automatic,"Petrol, Hybrid, Octane",3800000,2021,1800.0,86070,5,17214.0,0.8884228187919463,0.10671140939597315,High
Toyota Esquire Gi Pkg Hy Mica Blue 2020,Toyota,Esquire,Automatic,"Petrol, Hybrid, Octane",3800000,2020,1800.0,106021,6,17670.166666666668,0.8884228187919463,0.05855704697986577,High
Toyota Corolla Cross Z LEATHER 2022,Toyota,Corolla Cross,Automatic,"Petrol, Hybrid, Octane",5000000,2022,1800.0,5510,4,1377.5,0.8884228187919463,0.07097315436241611,Luxury
Honda Insight Hybrid 2021,Honda,Insight,Automatic,"Petrol, Octane",4400000,2021,1500.0,70510,5,14102.0,0.0424496644295302,0.015100671140939598,High
Toyota Noah S-Z OCTAIN 4.5POINT 2022,Toyota,Noah,Automatic,Octane,6390000,2022,2000.0,38000,4,9500.0,0.8884228187919463,0.10671140939597315,Luxury
Toyota Esquire GI PKG HYB 2020,Toyota,Esquire,Automatic,Hybrid,3750000,2020,1800.0,68000,6,11333.333333333334,0.8884228187919463,0.05855704697986577,High
Toyota Esquire GI PKG NON HYB 2020,Toyota,Esquire,Automatic,Octane,4100000,2020,2000.0,96000,6,16000.0,0.8884228187919463,0.05855704697986577,High
Toyota Corolla Cross New Masive Grey 2025,Toyota,Corolla Cross,Automatic,Hybrid,6330000,2025,1800.0,16,1,16.0,0.8884228187919463,0.07097315436241611,Luxury
Toyota Noah XI NON HYB 3.5point 2020,Toyota,Noah,Automatic,Octane,3700000,2020,2000.0,182000,6,30333.333333333332,0.8884228187919463,0.10671140939597315,High
Toyota Axio EX-Package 2020,Toyota,Axio,Automatic,Octane,3150000,2020,1490.0,63752,6,10625.333333333334,0.8884228187919463,0.10939597315436242,Medium
Toyota Corolla Cross Z LEATHER 4.5POINT 2022,Toyota,Corolla Cross,Automatic,"Hybrid, Octane",4920000,2022,1800.0,65000,4,16250.0,0.8884228187919463,0.07097315436241611,Luxury
Toyota Esquire GI PKG NON HYB 2020,Toyota,Esquire,Automatic,Octane,4149999,2020,2000.0,25000,6,4166.666666666667,0.8884228187919463,0.05855704697986577,High
Toyota Esquire GI PKG 2020,Toyota,Esquire,Automatic,"Hybrid, Octane",4050000,2020,1790.0,59456,6,9909.333333333334,0.8884228187919463,0.05855704697986577,High
Toyota Esquire GI PKG 2020,Toyota,Esquire,Automatic,"Hybrid, Octane",4200000,2020,1790.0,61360,6,10226.666666666666,0.8884228187919463,0.05855704697986577,High
Toyota RAV4 G HYB PUSH 4WD 2020,Toyota,RAV4,Automatic,"Hybrid, Octane",6530000,2020,2500.0,72000,6,12000.0,0.8884228187919463,0.009731543624161074,Luxury
Toyota Corolla Cross Z-PKG 2021,Toyota,Corolla Cross,Automatic,"Hybrid, Octane",4550000,2021,1790.0,34832,5,6966.4,0.8884228187919463,0.07097315436241611,Luxury
Toyota Hiace Super Gl kye Blue 2020,Toyota,Hiace,Automatic,"Petrol, Octane",3850000,2020,2000.0,81000,6,13500.0,0.8884228187919463,0.09429530201342282,High
Toyota Noah NON HV ONE DOOR PWR. 2021,Toyota,Noah,Automatic,Octane,3600000,2021,2000.0,95243,5,19048.6,0.8884228187919463,0.10671140939597315,High
Toyota Corolla Cross S-PKG 2022,Toyota,Corolla Cross,Automatic,"Hybrid, Octane",4850000,2022,1800.0,44126,4,11031.5,0.8884228187919463,0.07097315436241611,Luxury
Toyota Hiace DX PKG 2020,Toyota,Hiace,Automatic,"Petrol, Octane",3000000,2020,2000.0,90100,6,15016.666666666666,0.8884228187919463,0.09429530201342282,Medium
Toyota Esquire Gi Hybrid Black 2021,Toyota,Esquire,Automatic,"Petrol, Hybrid, Octane",3900000,2021,1800.0,14200,5,2840.0,0.8884228187919463,0.05855704697986577,High
Toyota Esquire GI PREMIUM PKG PUSH 2020,Toyota,Esquire,Automatic,Hybrid,3700000,2020,1800.0,63298,6,10549.666666666666,0.8884228187919463,0.05855704697986577,High
Toyota Corolla Cross HV Z LEAHTER PUSH 2022,Toyota,Corolla Cross,Automatic,Hybrid,4750000,2022,1800.0,18087,4,4521.75,0.8884228187919463,0.07097315436241611,Luxury
Toyota C-HR HYBRID 2021,Toyota,C-HR,Automatic,Hybrid,3100000,2021,1800.0,43651,5,8730.2,0.8884228187919463,0.027181208053691275,Medium
Toyota Yaris Cross Hybrid x 2021,Toyota,Yaris Cross,Automatic,Hybrid,2800000,2021,1500.0,90000,5,18000.0,0.8884228187919463,0.02097315436241611,Medium
Toyota Hiace Orginal Gl Dual AC 2020,Toyota,Hiace,Automatic,"Octane, Other fuel type",3480000,2020,2000.0,75326,6,12554.333333333334,0.8884228187919463,0.09429530201342282,High
Toyota Axio EX-Package 2020,Toyota,Axio,Automatic,"Hybrid, Octane",2975000,2020,1490.0,17419,6,2903.1666666666665,0.8884228187919463,0.10939597315436242,Medium
Toyota Axio EX-Package 2020,Toyota,Axio,Automatic,"Hybrid, Octane",2950000,2020,1490.0,45861,6,7643.5,0.8884228187919463,0.10939597315436242,Medium
Toyota Fielder EX PKG HYB 2021,Toyota,Fielder,Automatic,Hybrid,2550000,2021,1500.0,120000,5,24000.0,0.8884228187919463,0.057885906040268456,Medium
Toyota Noah S-Z HYBRID BLACK 2022,Toyota,Noah,Automatic,"Hybrid, Octane",4100000,2022,1800.0,45824,4,11456.0,0.8884228187919463,0.10671140939597315,High
Toyota Axio X 2014,Toyota,Axio,Automatic,"Hybrid, Octane",1381000,2014,1500.0,61300,12,5108.333333333333,0.8884228187919463,0.10939597315436242,Low
Toyota Premio G SUPERIOR 2014,Toyota,Premio,Automatic,Octane,2680000,2014,1500.0,78454,12,6537.833333333333,0.8884228187919463,0.05285234899328859,Medium
Toyota Prado tx limited 2015,Toyota,Prado,Automatic,Octane,8650000,2015,2700.0,58000,11,5272.727272727273,0.8884228187919463,0.013926174496644295,Luxury
Toyota Esquire Gi premium non Hyv 2021,Toyota,Esquire,Automatic,"Petrol, Octane",4550000,2021,2000.0,49000,5,9800.0,0.8884228187919463,0.05855704697986577,Luxury
Toyota Sienta G PACKAGE 7 SEAT 2020,Toyota,Sienta,Automatic,Octane,2900000,2020,1500.0,47970,6,7995.0,0.8884228187919463,0.009228187919463088,Medium
Toyota Corolla Cross Z LEATHER 2023,Toyota,Corolla Cross,Automatic,Hybrid,4750000,2023,1800.0,30945,3,10315.0,0.8884228187919463,0.07097315436241611,Luxury
Toyota Noah NON HV ONE DOOR PWR. 2021,Toyota,Noah,Automatic,Octane,3600000,2021,2000.0,107198,5,21439.6,0.8884228187919463,0.10671140939597315,High
Toyota Axio EX-PKG PUSH 2020,Toyota,Axio,Automatic,Hybrid,2390000,2020,1500.0,88976,6,14829.333333333334,0.8884228187919463,0.10939597315436242,Medium
Toyota C-HR G LED TWO TONE-360 2019,Toyota,C-HR,Automatic,Hybrid,3380000,2019,1800.0,31873,7,4553.285714285715,0.8884228187919463,0.027181208053691275,Medium
Toyota Prado TX-L PACKAGE-OCTEN 2021,Toyota,Prado,Automatic,Octane,16800000,2021,2700.0,24321,5,4864.2,0.8884228187919463,0.013926174496644295,Luxury
Toyota Corolla Cross Z LEATHER FULL LOAD 2023,Toyota,Corolla Cross,Automatic,Hybrid,4750000,2023,1800.0,30211,3,10070.333333333334,0.8884228187919463,0.07097315436241611,Luxury
Toyota Fielder EX READY SHOWROOM 2020,Toyota,Fielder,Automatic,"Petrol, Hybrid, Octane",2270000,2020,1500.0,54350,6,9058.333333333334,0.8884228187919463,0.057885906040268456,Low
Toyota Noah X Non Hybrid Key St 2021,Toyota,Noah,Automatic,Octane,3600000,2021,2000.0,107187,5,21437.4,0.8884228187919463,0.10671140939597315,High
Toyota C-HR TWO TON 360 CAM 2019,Toyota,C-HR,Automatic,Hybrid,3380000,2019,1800.0,31266,7,4466.571428571428,0.8884228187919463,0.027181208053691275,Medium
Honda Insight PUSH LX HYBRID 2021,Honda,Insight,Automatic,Hybrid,3650000,2021,1500.0,123167,5,24633.4,0.0424496644295302,0.015100671140939598,High
Toyota Fielder Hybrid 2021,Toyota,Fielder,Automatic,Hybrid,2200000,2021,1500.0,39000,5,7800.0,0.8884228187919463,0.057885906040268456,Low
Toyota Corolla Cross Hybrid x 2021,Toyota,Corolla Cross,Automatic,Hybrid,3700000,2021,1800.0,90000,5,18000.0,0.8884228187919463,0.07097315436241611,High
Honda Insight Hybrid EX package 2021,Honda,Insight,Automatic,Hybrid,3800000,2021,1500.0,70000,5,14000.0,0.0424496644295302,0.015100671140939598,High
Toyota RAV4 Hybrid 2021,Toyota,RAV4,Automatic,CNG,5150000,2021,2500.0,66000,5,13200.0,0.8884228187919463,0.009731543624161074,Luxury
Toyota Hiace Super Gl 2010,Toyota,Hiace,Automatic,"CNG, Octane",2195000,2010,2000.0,87000,16,5437.5,0.8884228187919463,0.09429530201342282,Low
Toyota Noah GS 2 Door Power 2016,Toyota,Noah,Automatic,"Octane, LPG",3280000,2016,2000.0,58230,10,5823.0,0.8884228187919463,0.10671140939597315,Medium
Toyota Prius S TOURING SELECTION 2020,Toyota,Prius,Automatic,Hybrid,3330000,2020,1800.0,42360,6,7060.0,0.8884228187919463,0.029865771812080538,Medium
Toyota Corolla Cross S LED BLUE AP-5 2022,Toyota,Corolla Cross,Automatic,Hybrid,4200000,2022,1800.0,15000,4,3750.0,0.8884228187919463,0.07097315436241611,High
Toyota Allion A15 PEARL 2019,Toyota,Allion,Automatic,Petrol,3800000,2019,1500.0,10536,7,1505.142857142857,0.8884228187919463,0.03120805369127517,High
Toyota Noah G HYBRID SILVER 2020,Toyota,Noah,Automatic,Hybrid,3450000,2020,1800.0,103500,6,17250.0,0.8884228187919463,0.10671140939597315,High
Toyota Allion A15 SILVER 2020,Toyota,Allion,Automatic,Petrol,3950000,2020,1500.0,13000,6,2166.6666666666665,0.8884228187919463,0.03120805369127517,High
Toyota Allion G PLUS 2020,Toyota,Allion,Automatic,Petrol,4450000,2020,1500.0,16000,6,2666.6666666666665,0.8884228187919463,0.03120805369127517,Luxury
Toyota Hiace SUPER GL D P 2 2021,Toyota,Hiace,Automatic,Petrol,4500000,2021,2000.0,10000,5,2000.0,0.8884228187919463,0.09429530201342282,Luxury
Toyota Hiace DARK PRIME BLACK 2020,Toyota,Hiace,Automatic,Petrol,4450000,2020,2000.0,78000,6,13000.0,0.8884228187919463,0.09429530201342282,Luxury
Toyota Esquire GI PREMIUM HYBRID 2021,Toyota,Esquire,Automatic,Hybrid,4050000,2021,1800.0,43180,5,8636.0,0.8884228187919463,0.05855704697986577,High
Toyota Corolla WXB Pearl 4 Point 2020,Toyota,Corolla,Automatic,Hybrid,3480000,2020,1800.0,26600,6,4433.333333333333,0.8884228187919463,0.04848993288590604,High
Toyota Hiace Super GL Dark Prime2 2020,Toyota,Hiace,Automatic,Petrol,4450000,2020,2000.0,59000,6,9833.333333333334,0.8884228187919463,0.09429530201342282,Luxury
Toyota Hiace GL Silver 4.573k km 2022,Toyota,Hiace,Automatic,Petrol,3700000,2022,2000.0,73000,4,18250.0,0.8884228187919463,0.09429530201342282,High
Toyota Hiace Super GL 2020,Toyota,Hiace,Automatic,"Petrol, Octane",3950000,2020,2000.0,84125,6,14020.833333333334,0.8884228187919463,0.09429530201342282,High
Toyota Hiace GL Ambulance 2020,Toyota,Hiace,Automatic,"Petrol, Octane",2950000,2020,2000.0,17899,6,2983.1666666666665,0.8884228187919463,0.09429530201342282,Medium
Toyota Noah Si Wxb Non Hybrid 2020,Toyota,Noah,Automatic,"Petrol, Octane",4450000,2020,2000.0,62000,6,10333.333333333334,0.8884228187919463,0.10671140939597315,Luxury
Toyota Harrier PREMIUM 2020,Toyota,Harrier,Automatic,"Petrol, Octane",6850000,2020,2000.0,55000,6,9166.666666666666,0.8884228187919463,0.03976510067114094,Luxury
Toyota Corolla Wxb Hybrid 4.5 Grade 2020,Toyota,Corolla,Automatic,"Petrol, Hybrid, Octane",3350000,2020,1800.0,33068,6,5511.333333333333,0.8884228187919463,0.04848993288590604,Medium
Toyota Noah Si Wxb Non Hybrid 2020,Toyota,Noah,Automatic,"Petrol, Octane",4100000,2020,2000.0,59800,6,9966.666666666666,0.8884228187919463,0.10671140939597315,High
Toyota Fielder EX PKG 2020,Toyota,Fielder,Automatic,"Petrol, Hybrid, Octane",2100000,2020,1500.0,75420,6,12570.0,0.8884228187919463,0.057885906040268456,Low
Toyota Esquire GI PREMIUM HYBRID 2020,Toyota,Esquire,Automatic,"Petrol, Hybrid, Octane",3750000,2020,1800.0,82000,6,13666.666666666666,0.8884228187919463,0.05855704697986577,High
Toyota Sienta G -LED 2020,Toyota,Sienta,Automatic,"Petrol, Hybrid, Octane",2650000,2020,1500.0,54215,6,9035.833333333334,0.8884228187919463,0.009228187919463088,Medium
Toyota Prius S-Touring Selection 2020,Toyota,Prius,Automatic,"Petrol, Hybrid, Octane",3050000,2020,1800.0,36000,6,6000.0,0.8884228187919463,0.029865771812080538,Medium
Toyota Voxy Zs Kirameki Hybrid 2021,Toyota,Voxy,Automatic,Hybrid,3800000,2021,1800.0,70381,5,14076.2,0.8884228187919463,0.027348993288590605,High
Toyota Esquire XI CELING TV HYBRID 2020,Toyota,Esquire,Automatic,"Petrol, Hybrid, Octane",3550000,2020,1800.0,93000,6,15500.0,0.8884228187919463,0.05855704697986577,High
Toyota Axio Hybrid-EX Push Start 2020,Toyota,Axio,Automatic,"Petrol, Hybrid, Octane",2380000,2020,1500.0,80000,6,13333.333333333334,0.8884228187919463,0.10939597315436242,Medium
Toyota C-HR G-LED GRAY  2 TONE 2020,Toyota,C-HR,Automatic,"Petrol, Hybrid, Octane",3400000,2020,1800.0,69800,6,11633.333333333334,0.8884228187919463,0.027181208053691275,High
Toyota Noah Hybrid SI WXB V-3 2020,Toyota,Noah,Automatic,"Petrol, Hybrid, Octane",3750000,2020,1800.0,70000,6,11666.666666666666,0.8884228187919463,0.10671140939597315,High
Toyota Crown SHOWROOM-READY 2022,Toyota,Crown,Automatic,"Petrol, Hybrid, Octane",12000000,2022,2400.0,18000,4,4500.0,0.8884228187919463,0.00587248322147651,Luxury
Toyota C-HR READY CAR GR SPORTS 2020,Toyota,C-HR,Automatic,"Petrol, Hybrid, Octane",3750000,2020,1800.0,45013,6,7502.166666666667,0.8884228187919463,0.027181208053691275,High
Toyota Yaris Cross Z PKG-360 2020,Toyota,Yaris Cross,Automatic,"Petrol, Hybrid, Octane",3450000,2020,1500.0,47058,6,7843.0,0.8884228187919463,0.02097315436241611,High
Toyota Crown Hybrid 2020,Toyota,Crown,Automatic,"Petrol, Octane",7300000,2020,2500.0,5510,6,918.3333333333334,0.8884228187919463,0.00587248322147651,Luxury
Toyota Prado Land Cruiser TXL 2014,Toyota,Prado,Automatic,"Petrol, Octane",7777777,2014,2700.0,67000,12,5583.333333333333,0.8884228187919463,0.013926174496644295,Luxury
Toyota C-HR G Package 2020,Toyota,C-HR,Automatic,"Petrol, Hybrid, Octane",3350000,2020,1800.0,88000,6,14666.666666666666,0.8884228187919463,0.027181208053691275,Medium
Toyota Harrier FULL LOADED Z HYBRID 2021,Toyota,Harrier,Automatic,Hybrid,7600000,2021,2500.0,14296,5,2859.2,0.8884228187919463,0.03976510067114094,Luxury
Toyota Noah NON HV ONE DOOR PWR. 2021,Toyota,Noah,Automatic,Octane,3600000,2021,2000.0,106298,5,21259.6,0.8884228187919463,0.10671140939597315,High
Toyota Yaris HYBRID x 2021,Toyota,Yaris,Automatic,"Petrol, Hybrid, Octane, Other fuel type",1900000,2021,1500.0,67000,5,13400.0,0.8884228187919463,0.003355704697986577,Low
Toyota Axio EX Non Hybrid 4 2021,Toyota,Axio,Automatic,"Petrol, Octane",2950000,2021,1500.0,18125,5,3625.0,0.8884228187919463,0.10939597315436242,Medium
Toyota Noah Non hybrid 2020,Toyota,Noah,Automatic,"Petrol, Octane",3430000,2020,2000.0,81570,6,13595.0,0.8884228187919463,0.10671140939597315,High
Toyota Noah G NON HYBRID 2020,Toyota,Noah,Automatic,"Petrol, Octane",4000000,2020,2000.0,87540,6,14590.0,0.8884228187919463,0.10671140939597315,High
Toyota Noah Si Wxb Non Hybrid 2020,Toyota,Noah,Automatic,"Petrol, Octane",4000000,2020,2000.0,42000,6,7000.0,0.8884228187919463,0.10671140939597315,High
Toyota Noah NON HYBRID X-SMART 2021,Toyota,Noah,Automatic,Octane,4020000,2021,2000.0,85263,5,17052.6,0.8884228187919463,0.10671140939597315,High
Toyota Axio Non Hybrid- 4 Point 2020,Toyota,Axio,Automatic,"Petrol, Octane",2670000,2020,1500.0,75924,6,12654.0,0.8884228187919463,0.10939597315436242,Medium
Toyota Axio EX PUSH HV READY 2020,Toyota,Axio,Automatic,"Hybrid, Octane",2290000,2020,1500.0,87834,6,14639.0,0.8884228187919463,0.10939597315436242,Low
Toyota Axio Hybrid 2019,Toyota,Axio,Automatic,Hybrid,2320000,2019,1500.0,31003,7,4429.0,0.8884228187919463,0.10939597315436242,Low
Toyota Hiace GL 2020,Toyota,Hiace,Automatic,Octane,3280000,2020,2000.0,78526,6,13087.666666666666,0.8884228187919463,0.09429530201342282,Medium
Toyota Hiace DX 2020,Toyota,Hiace,Automatic,Octane,3280000,2020,2000.0,82000,6,13666.666666666666,0.8884228187919463,0.09429530201342282,Medium
Toyota Esquire Hybrid GI Premium 2020,Toyota,Esquire,Automatic,"Petrol, Hybrid, Octane",3850000,2020,1800.0,69000,6,11500.0,0.8884228187919463,0.05855704697986577,High
Toyota Prius S TOURING SELECTION 2020,Toyota,Prius,Automatic,"Hybrid, Octane",2980000,2020,1800.0,54896,6,9149.333333333334,0.8884228187919463,0.029865771812080538,Medium
Toyota Axio EX HYBRID 2020,Toyota,Axio,Automatic,"Hybrid, Octane",2250000,2020,1500.0,124205,6,20700.833333333332,0.8884228187919463,0.10939597315436242,Low
Toyota Premio FL PUSH 2020,Toyota,Premio,Automatic,"Petrol, Octane",4350000,2020,1500.0,39116,6,6519.333333333333,0.8884228187919463,0.05285234899328859,High
Toyota Axio EX Hybrid 2020,Toyota,Axio,Automatic,"Hybrid, Octane",2250000,2020,1500.0,124205,6,20700.833333333332,0.8884228187919463,0.10939597315436242,Low
Toyota Noah GI HYBRI PUSH 1DR PW 2021,Toyota,Noah,Automatic,"Petrol, Hybrid, Octane",3400000,2021,1800.0,76950,5,15390.0,0.8884228187919463,0.10671140939597315,High
Toyota Hiace Super GL Dual AC TRH 2020,Toyota,Hiace,Automatic,"Petrol, Octane",4000000,2020,2000.0,60000,6,10000.0,0.8884228187919463,0.09429530201342282,High
Toyota Fielder EX HYBRUD 2020,Toyota,Fielder,Automatic,"Hybrid, Octane",2250000,2020,1500.0,125792,6,20965.333333333332,0.8884228187919463,0.057885906040268456,Low
Toyota Harrier Premium Sunroof 2020,Toyota,Harrier,Automatic,Octane,6800000,2020,2000.0,55670,6,9278.333333333334,0.8884228187919463,0.03976510067114094,Luxury
Toyota Voxy ZS-KIRAMIK HY CEL-TV 2020,Toyota,Voxy,Automatic,"Petrol, Hybrid, Octane",3400000,2020,1800.0,87101,6,14516.833333333334,0.8884228187919463,0.027348993288590605,High
Toyota Yaris Cross Z-LEATHER 360 CAM 2021,Toyota,Yaris Cross,Automatic,"Petrol, Hybrid, Octane",3350000,2021,1500.0,52480,5,10496.0,0.8884228187919463,0.02097315436241611,Medium
Toyota Esquire Gi 2 Door Power 4.5 2020,Toyota,Esquire,Automatic,"Petrol, Hybrid, Octane",4150000,2020,1800.0,72000,6,12000.0,0.8884228187919463,0.05855704697986577,High
Toyota Corolla GX HYBRID PUSH GP-4 2020,Toyota,Corolla,Automatic,"Petrol, Hybrid, Octane",2900000,2020,1800.0,55744,6,9290.666666666666,0.8884228187919463,0.04848993288590604,Medium
Toyota Sienta G HYBRID PUSH 2DR PW 2020,Toyota,Sienta,Automatic,"Petrol, Hybrid, Octane",2800000,2020,1500.0,87450,6,14575.0,0.8884228187919463,0.009228187919463088,Medium
Toyota Sienta GCUERO HYBRID BROWN 2021,Toyota,Sienta,Automatic,"Hybrid, Octane",2990000,2021,1500.0,39000,5,7800.0,0.8884228187919463,0.009228187919463088,Medium
Toyota Yaris Cross Z HYBRID READY DHAKA 2020,Toyota,Yaris Cross,Automatic,"Petrol, Hybrid, Octane",3450000,2020,1500.0,55000,6,9166.666666666666,0.8884228187919463,0.02097315436241611,High
Toyota Corolla Cross Z LEATHER 2022,Toyota,Corolla Cross,Automatic,"Petrol, Hybrid, Octane",5000000,2022,1800.0,62500,4,15625.0,0.8884228187919463,0.07097315436241611,Luxury
Toyota Corolla Cross SHOWROOM-READY 2022,Toyota,Corolla Cross,Automatic,"Petrol, Hybrid, Octane",4800000,2022,1800.0,36512,4,9128.0,0.8884228187919463,0.07097315436241611,Luxury
Mazda 3 Port condition 2020,Mazda,3,Automatic,Octane,3700000,2020,1500.0,27000,6,4500.0,0.0025167785234899327,0.00016778523489932885,High
Toyota Harrier NON-HYBRID READY 2020,Toyota,Harrier,Automatic,"Petrol, Octane",7700000,2020,2000.0,61512,6,10252.0,0.8884228187919463,0.03976510067114094,Luxury
Honda CR-V EX-MASTER PIECE- 2020,Honda,CR-V,Automatic,"Petrol, Hybrid, Octane",5700000,2020,2000.0,37500,6,6250.0,0.0424496644295302,0.011241610738255034,Luxury
Toyota Yaris Cross Z PKG  2021,Toyota,Yaris Cross,Automatic,"Petrol, Hybrid, Octane",3600000,2021,1500.0,55510,5,11102.0,0.8884228187919463,0.02097315436241611,High
Toyota Axio Ex Package Hybrid 2020,Toyota,Axio,Automatic,Hybrid,2450000,2020,1500.0,126000,6,21000.0,0.8884228187919463,0.10939597315436242,Medium
Toyota Prius S-SAFETY GRAD-4 2021,Toyota,Prius,Automatic,Hybrid,3380000,2021,1800.0,58000,5,11600.0,0.8884228187919463,0.029865771812080538,Medium
Toyota Noah X SMART HYBRID 2020,Toyota,Noah,Automatic,Hybrid,3300000,2020,1800.0,124000,6,20666.666666666668,0.8884228187919463,0.10671140939597315,Medium
Toyota Noah S-Z PACKAGE HYBRID 2022,Toyota,Noah,Automatic,"Hybrid, Octane",5030000,2022,1800.0,37000,4,9250.0,0.8884228187919463,0.10671140939597315,Luxury
Toyota Voxy OCTEN PUSH 2DR PWR 2020,Toyota,Voxy,Automatic,Octane,3580000,2020,2000.0,107000,6,17833.333333333332,0.8884228187919463,0.027348993288590605,High
Toyota Noah Standard Roof 2003,Toyota,Noah,Automatic,"CNG, Octane",970000,2003,1800.0,75000,23,3260.8695652173915,0.8884228187919463,0.10671140939597315,Low
Hyundai Sonata 2012,Hyundai,Sonata,Automatic,Octane,1780000,2012,2000.0,31500,14,2250.0,0.0028523489932885905,0.0010067114093959733,Low
Honda Grace 2014,Honda,Grace,Automatic,"Hybrid, Octane",1470000,2014,1500.0,61000,12,5083.333333333333,0.0424496644295302,0.0038590604026845637,Low
Toyota Noah regius 2000,Toyota,Noah,Automatic,"CNG, Octane",950000,2000,2550.0,86500,26,3326.923076923077,0.8884228187919463,0.10671140939597315,Low
Honda Grace Hybrid EX 2015,Honda,Grace,Automatic,Hybrid,1900000,2015,1496.0,60000,11,5454.545454545455,0.0424496644295302,0.0038590604026845637,Low
Toyota Esquire GI Body Kit 2020,Toyota,Esquire,Automatic,"Petrol, Hybrid, Octane",3699999,2020,1800.0,98653,6,16442.166666666668,0.8884228187919463,0.05855704697986577,High
Toyota Fielder EX PACKAGE HYBRID 2020,Toyota,Fielder,Automatic,Hybrid,2360000,2020,1500.0,65412,6,10902.0,0.8884228187919463,0.057885906040268456,Medium
Toyota Corolla Cross Z package Hybrid 2022,Toyota,Corolla Cross,Automatic,Hybrid,4300000,2022,1800.0,8541,4,2135.25,0.8884228187919463,0.07097315436241611,High
Toyota Premio F-EX MICA BLUE 2020,Toyota,Premio,Automatic,Octane,4500000,2020,1500.0,24645,6,4107.5,0.8884228187919463,0.05285234899328859,Luxury
Toyota Noah NON HYBRID X PUSH 2021,Toyota,Noah,Automatic,Octane,3600000,2021,2000.0,107189,5,21437.8,0.8884228187919463,0.10671140939597315,High
Toyota C-HR G LED PACKAGE HV 2019,Toyota,C-HR,Automatic,Hybrid,3380000,2019,1800.0,31542,7,4506.0,0.8884228187919463,0.027181208053691275,Medium
Toyota Land Cruiser TX 2021,Toyota,Land Cruiser,Automatic,"Petrol, Hybrid, Octane",12500000,2021,2700.0,59658,5,11931.6,0.8884228187919463,0.008557046979865772,Luxury
Toyota C-HR Hybrid 2021,Toyota,C-HR,Automatic,Hybrid,3300000,2021,1800.0,85000,5,17000.0,0.8884228187919463,0.027181208053691275,Medium
Toyota Noah SI DOOR POWR 2009,Toyota,Noah,Automatic,Petrol,1955000,2009,1500.0,65000,17,3823.529411764706,0.8884228187919463,0.10671140939597315,Low
Toyota Sienta HYBRID 2021,Toyota,Sienta,Automatic,Hybrid,2550000,2021,1500.0,45623,5,9124.6,0.8884228187919463,0.009228187919463088,Medium
Toyota Corolla Hybrid 2021,Toyota,Corolla,Automatic,Hybrid,2400000,2021,1800.0,75000,5,15000.0,0.8884228187919463,0.04848993288590604,Medium
Toyota Noah X Hybrid 2020,Toyota,Noah,Automatic,"Petrol, Hybrid, Octane",3000000,2020,1800.0,36210,6,6035.0,0.8884228187919463,0.10671140939597315,Medium
Toyota Axio EX PKG 2020,Toyota,Axio,Automatic,"Petrol, Hybrid, Octane",2200000,2020,1500.0,67890,6,11315.0,0.8884228187919463,0.10939597315436242,Low
Toyota Prius S 2020,Toyota,Prius,Automatic,"Petrol, Hybrid, Octane",2900000,2020,1800.0,43000,6,7166.666666666667,0.8884228187919463,0.029865771812080538,Medium
Toyota Prius S White 3.563000 km 2020,Toyota,Prius,Automatic,Hybrid,3080000,2020,1800.0,63000,6,10500.0,0.8884228187919463,0.029865771812080538,Medium
Toyota Hiace Grand Cabin GL 2020,Toyota,Hiace,Automatic,"Petrol, Octane",4750000,2020,2700.0,79976,6,13329.333333333334,0.8884228187919463,0.09429530201342282,Luxury
Toyota Voxy S-Z 4.5 BLACK 2022,Toyota,Voxy,Automatic,"Hybrid, Octane",5150000,2022,1800.0,30620,4,7655.0,0.8884228187919463,0.027348993288590605,Luxury
Toyota Axio EX 3.5 WHITE 2020,Toyota,Axio,Automatic,Octane,2680000,2020,1500.0,89294,6,14882.333333333334,0.8884228187919463,0.10939597315436242,Medium
Toyota Axio EX-Package 2020,Toyota,Axio,Automatic,"Hybrid, Octane",2850000,2020,1490.0,67234,6,11205.666666666666,0.8884228187919463,0.10939597315436242,Medium
Toyota Corolla G LIMITED BEIGE 2005,Toyota,Corolla,Automatic,"Petrol, CNG, Octane",1350000,2005,1500.0,89300,21,4252.380952380952,0.8884228187919463,0.04848993288590604,Low
Toyota Fielder G NEW EDITION 2015,Toyota,Fielder,Automatic,"Petrol, Octane",2050000,2015,1500.0,38000,11,3454.5454545454545,0.8884228187919463,0.057885906040268456,Low
Toyota Corolla Cross HYBRID Z HARDTOP PKG 2022,Toyota,Corolla Cross,Automatic,Hybrid,4750000,2022,1800.0,18074,4,4518.5,0.8884228187919463,0.07097315436241611,Luxury
Toyota Aqua 2021,Toyota,Aqua,Automatic,Hybrid,2100000,2021,1500.0,69000,5,13800.0,0.8884228187919463,0.015771812080536914,Low
Toyota Fielder HYBRIDE NEW SHAPE 2014,Toyota,Fielder,Automatic,Petrol,1480000,2014,1500.0,65000,12,5416.666666666667,0.8884228187919463,0.057885906040268456,Low
Toyota Prius S -PKG 2019,Toyota,Prius,Automatic,"Hybrid, Octane",3650000,2019,1790.0,61815,7,8830.714285714286,0.8884228187919463,0.029865771812080538,High
Toyota C-HR G-PACKAGE 2020,Toyota,C-HR,Automatic,"Hybrid, Octane",3700000,2020,1790.0,19724,6,3287.3333333333335,0.8884228187919463,0.027181208053691275,High
Toyota Premio FEX PACKAGE 2015,Toyota,Premio,Automatic,"Petrol, Octane, LPG",2780000,2015,1500.0,42000,11,3818.181818181818,0.8884228187919463,0.05285234899328859,Medium
Toyota Noah X NON HV-KEY 2021,Toyota,Noah,Automatic,Octane,3600000,2021,2000.0,107234,5,21446.8,0.8884228187919463,0.10671140939597315,High
Toyota Premio FLREADYSHOWROOM 2020,Toyota,Premio,Automatic,"Petrol, Octane",4820000,2020,1500.0,74000,6,12333.333333333334,0.8884228187919463,0.05285234899328859,Luxury
Toyota Axio HYBRID EX. 2020,Toyota,Axio,Automatic,Hybrid,2350000,2020,1500.0,88149,6,14691.5,0.8884228187919463,0.10939597315436242,Medium
Toyota Sienta Hybrid 2021,Toyota,Sienta,Automatic,Hybrid,2250000,2021,1500.0,33000,5,6600.0,0.8884228187919463,0.009228187919463088,Low
Toyota Noah Nonhybrid push 2 D.P 2020,Toyota,Noah,Automatic,"Petrol, Octane",3770000,2020,2000.0,77390,6,12898.333333333334,0.8884228187919463,0.10671140939597315,High
Toyota Allion A15 2020,Toyota,Allion,Automatic,"Petrol, Octane",3550000,2020,1500.0,76000,6,12666.666666666666,0.8884228187919463,0.03120805369127517,High
Toyota Noah Si Wxb 2020,Toyota,Noah,Automatic,"Petrol, Hybrid, Octane",3700000,2020,1800.0,75000,6,12500.0,0.8884228187919463,0.10671140939597315,High
Toyota Prius S HYBRID GP-4.5 2020,Toyota,Prius,Automatic,"Petrol, Hybrid, Octane",3350000,2020,1800.0,22649,6,3774.8333333333335,0.8884228187919463,0.029865771812080538,Medium
Toyota Esquire GI HYBRID MICABLUE 2021,Toyota,Esquire,Automatic,"Hybrid, Octane",3890000,2021,1800.0,48000,5,9600.0,0.8884228187919463,0.05855704697986577,High
Toyota Harrier PREMIUM PKG SUNROOF 2020,Toyota,Harrier,Automatic,Octane,6550000,2020,2000.0,54498,6,9083.0,0.8884228187919463,0.03976510067114094,Luxury
Toyota Noah NON HV PUSH START 2020,Toyota,Noah,Automatic,Octane,3750000,2020,2000.0,100079,6,16679.833333333332,0.8884228187919463,0.10671140939597315,High
Toyota ist Octane Drive 2005,Toyota,ist,Automatic,Petrol,955000,2005,1300.0,85000,21,4047.6190476190477,0.8884228187919463,0.002181208053691275,Low
Toyota Noah Hybrid SI 2021,Toyota,Noah,Automatic,Hybrid,3250000,2021,1800.0,45410,5,9082.0,0.8884228187919463,0.10671140939597315,Medium
Toyota Hiace DX 2021,Toyota,Hiace,Automatic,Hybrid,3150000,2021,2000.0,55120,5,11024.0,0.8884228187919463,0.09429530201342282,Medium
Toyota Prius S Hybrid 2020,Toyota,Prius,Automatic,"Petrol, Hybrid, Octane",2950000,2020,1800.0,56625,6,9437.5,0.8884228187919463,0.029865771812080538,Medium
Toyota Axio Ex 2020,Toyota,Axio,Automatic,"Petrol, Hybrid, Octane",2150000,2020,1500.0,79520,6,13253.333333333334,0.8884228187919463,0.10939597315436242,Low
Toyota Fielder EX HYBRID 2020,Toyota,Fielder,Automatic,Hybrid,2250000,2020,1500.0,144960,6,24160.0,0.8884228187919463,0.057885906040268456,Low
Toyota Hiace DX DUAL AC HITARBOX 2020,Toyota,Hiace,Automatic,Octane,3260000,2020,2000.0,78526,6,13087.666666666666,0.8884228187919463,0.09429530201342282,Medium
Toyota Fielder Hybrid 4 point 2020,Toyota,Fielder,Automatic,Hybrid,2310000,2020,1500.0,84260,6,14043.333333333334,0.8884228187919463,0.057885906040268456,Low
Toyota Hiace SUPER GL KET START 2020,Toyota,Hiace,Automatic,"Petrol, Octane",3900000,2020,2000.0,87542,6,14590.333333333334,0.8884228187919463,0.09429530201342282,High
Toyota Corolla x edition 2006,Toyota,Corolla,Automatic,"CNG, Octane",1270000,2006,1500.0,140000,20,7000.0,0.8884228187919463,0.04848993288590604,Low
Toyota Voxy S-Z HYBRID 2022,Toyota,Voxy,Automatic,"Petrol, Hybrid, Octane",5150000,2022,1800.0,26500,4,6625.0,0.8884228187919463,0.027348993288590605,Luxury
Toyota Crown RS ADVANCE NEW SHAPE 2022,Toyota,Crown,Automatic,"Petrol, Hybrid, Octane",12000000,2022,2400.0,15013,4,3753.25,0.8884228187919463,0.00587248322147651,Luxury
Toyota Corolla TOURING 2020,Toyota,Corolla,Automatic,"Petrol, Hybrid, Octane",2900000,2020,1800.0,50050,6,8341.666666666666,0.8884228187919463,0.04848993288590604,Medium
"Toyota Noah X-PKG,NON-HYBRID G-4 2022",Toyota,Noah,Automatic,Octane,4570000,2022,2000.0,102000,4,25500.0,0.8884228187919463,0.10671140939597315,Luxury
Toyota Fielder EX 2022,Toyota,Fielder,Automatic,Hybrid,2900000,2022,1500.0,44000,4,11000.0,0.8884228187919463,0.057885906040268456,Medium
Toyota Allion A15 PEARL GRAD-3.5 2020,Toyota,Allion,Automatic,Octane,3570000,2020,1500.0,186000,6,31000.0,0.8884228187919463,0.03120805369127517,High
Nissan X-Trail X E- 4ORCE 2022,Nissan,X-Trail,Automatic,"Hybrid, Octane",6700000,2022,1490.0,33254,4,8313.5,0.02365771812080537,0.015436241610738255,Luxury
BMW X7 Xdrive M Sport Sky 2022,BMW,X7,Automatic,"Petrol, Octane",29000000,2022,3000.0,2000,4,500.0,0.0038590604026845637,0.00016778523489932885,Luxury
Mitsubishi X-Pander BRONZE 7-SEATER 2021,Mitsubishi,X-Pander,Automatic,"Petrol, Octane",3000000,2021,1500.0,20313,5,4062.6,0.012583892617449664,0.0015100671140939597,Medium
Toyota Sprinter 100 1993,Toyota,Sprinter,Automatic,"CNG, Octane",420000,1993,1498.0,500000,33,15151.515151515152,0.8884228187919463,0.00016778523489932885,Low
Toyota Corolla . 1999,Toyota,Corolla,Automatic,"CNG, Octane",250000,1999,1331.0,85000,27,3148.1481481481483,0.8884228187919463,0.04848993288590604,Low
Toyota Axio NON HYBRID EX. 2020,Toyota,Axio,Automatic,Octane,2650000,2020,1500.0,207245,6,34540.833333333336,0.8884228187919463,0.10939597315436242,Medium
Toyota Hiace Highroof Ambulance 2023,Toyota,Hiace,Automatic,"Petrol, Octane",3100000,2023,2000.0,94125,3,31375.0,0.8884228187919463,0.09429530201342282,Medium
Toyota Axio Ex 2020,Toyota,Axio,Automatic,"Petrol, Hybrid, Octane",2200000,2020,1500.0,78520,6,13086.666666666666,0.8884228187919463,0.10939597315436242,Low
Toyota RAV4 Hybrid G 2021,Toyota,RAV4,Automatic,Hybrid,5450000,2021,2500.0,42000,5,8400.0,0.8884228187919463,0.009731543624161074,Luxury
Toyota Corolla Cross PUSH Z LEATHER HV 2021,Toyota,Corolla Cross,Automatic,Hybrid,4450000,2021,1800.0,44128,5,8825.6,0.8884228187919463,0.07097315436241611,Luxury
Toyota Noah Non hybrid 2021,Toyota,Noah,Automatic,"Petrol, Octane",3730000,2021,2000.0,96723,5,19344.6,0.8884228187919463,0.10671140939597315,High
Toyota Yaris Cross Z Leather GP-4. 2021,Toyota,Yaris Cross,Automatic,"Petrol, Hybrid, Octane",3450000,2021,1500.0,103000,5,20600.0,0.8884228187919463,0.02097315436241611,High
Toyota Axio G PACKAGE POINT 4 2019,Toyota,Axio,Automatic,Hybrid,2550000,2019,1500.0,63000,7,9000.0,0.8884228187919463,0.10939597315436242,Medium
Toyota Hiace Super GL Dark Prime2 2020,Toyota,Hiace,Automatic,Petrol,4590000,2020,2000.0,101000,6,16833.333333333332,0.8884228187919463,0.09429530201342282,Luxury
Toyota Corolla Cross G BLACK AP 4.5 2022,Toyota,Corolla Cross,Automatic,Hybrid,4190000,2022,1800.0,33150,4,8287.5,0.8884228187919463,0.07097315436241611,High
Honda Vezel Z HEV PLAY PKG 2021,Honda,Vezel,Automatic,Hybrid,4880000,2021,1500.0,27000,5,5400.0,0.0424496644295302,0.006711409395973154,Luxury
Toyota Axio EX Hybrid 2020,Toyota,Axio,Automatic,"Petrol, Hybrid, Octane",2150000,2020,1500.0,58452,6,9742.0,0.8884228187919463,0.10939597315436242,Low
Toyota Corolla Cross Z New Shape Pearl 2025,Toyota,Corolla Cross,Automatic,Hybrid,6180000,2025,1800.0,10,1,10.0,0.8884228187919463,0.07097315436241611,Luxury
Toyota Hiace Super GL Dark Prime2 2020,Toyota,Hiace,Automatic,Petrol,4390000,2020,2000.0,100000,6,16666.666666666668,0.8884228187919463,0.09429530201342282,High
Toyota Hiace Orginal Gl Dual AC 2020,Toyota,Hiace,Automatic,"Octane, Other fuel type",3520000,2020,2000.0,74321,6,12386.833333333334,0.8884228187919463,0.09429530201342282,High
Toyota Fielder EX PUSH NON HYBRID 2020,Toyota,Fielder,Automatic,Octane,2730000,2020,1500.0,84256,6,14042.666666666666,0.8884228187919463,0.057885906040268456,Medium
Toyota Noah Z PKG READY SHOWROOM 2022,Toyota,Noah,Automatic,"Hybrid, Octane",4900000,2022,2000.0,31013,4,7753.25,0.8884228187919463,0.10671140939597315,Luxury
Toyota RAV4 ADVENTURE PKG READY 2022,Toyota,RAV4,Automatic,"Hybrid, Octane",8500000,2022,2500.0,17013,4,4253.25,0.8884228187919463,0.009731543624161074,Luxury
Toyota Land Cruiser Prado TX 2012,Toyota,Land Cruiser,Automatic,Octane,6800000,2012,2700.0,71192,14,5085.142857142857,0.8884228187919463,0.008557046979865772,Luxury
Toyota Hiace SUPER GL 4.5 POINT 2021,Toyota,Hiace,Automatic,Octane,4600000,2021,2000.0,49000,5,9800.0,0.8884228187919463,0.09429530201342282,Luxury
Toyota Sienta G QUERO HYB 4POINT 2019,Toyota,Sienta,Automatic,"Hybrid, Octane",2670000,2019,1500.0,118000,7,16857.14285714286,0.8884228187919463,0.009228187919463088,Medium
Toyota Noah X PKG NON HYB 2021,Toyota,Noah,Automatic,Hybrid,3670000,2021,2000.0,82000,5,16400.0,0.8884228187919463,0.10671140939597315,High
Toyota Sienta G CUERO PKG 2020,Toyota,Sienta,Automatic,"Hybrid, Octane",3250000,2020,1490.0,79400,6,13233.333333333334,0.8884228187919463,0.009228187919463088,Medium
Toyota C-HR G 2020,Toyota,C-HR,Automatic,"Hybrid, Octane",3650000,2020,1790.0,68700,6,11450.0,0.8884228187919463,0.027181208053691275,High
Toyota Vitz 2009,Toyota,Vitz,Automatic,Octane,880000,2009,1000.0,86598,17,5094.0,0.8884228187919463,0.0041946308724832215,Low
Toyota Allion 2005,Toyota,Allion,Automatic,"CNG, Octane",1390000,2005,1500.0,65856,21,3136.0,0.8884228187919463,0.03120805369127517,Low
Toyota Premio 2007,Toyota,Premio,Automatic,Octane,1795000,2007,1500.0,56895,19,2994.4736842105262,0.8884228187919463,0.05285234899328859,Low
Toyota ist X Hid Selection 2006,Toyota,ist,Automatic,"Petrol, Octane",950000,2006,1331.0,68000,20,3400.0,0.8884228187919463,0.002181208053691275,Low
Toyota Prado O 2015,Toyota,Prado,Manual,Diesel,6800000,2015,3000.0,59686,11,5426.0,0.8884228187919463,0.013926174496644295,Luxury
Mitsubishi Pajero super fresh 2007,Mitsubishi,Pajero,Automatic,Octane,2750000,2007,3000.0,86598,19,4557.789473684211,0.012583892617449664,0.0041946308724832215,Medium
Toyota  2004,Toyota,Other Model,Automatic,Octane,790000,2004,1331.0,65856,22,2993.4545454545455,0.8884228187919463,0.005369127516778523,Low
Toyota Starlet O 1991,Toyota,Starlet,Automatic,Octane,480000,1991,1331.0,86598,35,2474.2285714285713,0.8884228187919463,0.0050335570469798654,Low
Toyota Prado Octane 7 Seats 2014,Toyota,Prado,Automatic,Octane,8500000,2014,2700.0,51000,12,4250.0,0.8884228187919463,0.013926174496644295,Luxury
Toyota Aqua 2019,Toyota,Aqua,Automatic,Hybrid,1890000,2025,1500.0,73000,1,73000.0,0.8884228187919463,0.015771812080536914,Low
Toyota Harrier 2019,Toyota,Harrier,Automatic,Octane,6550000,2019,2000.0,43000,7,6142.857142857143,0.8884228187919463,0.03976510067114094,Luxury
Nissan Juke Octane 2011,Nissan,Juke,Automatic,Octane,1490000,2011,1500.0,63000,15,4200.0,0.02365771812080537,0.0008389261744966443,Low
Toyota Prado Octane 7 Seats 2014,Toyota,Prado,Automatic,Octane,8100000,2014,2700.0,88000,12,7333.333333333333,0.8884228187919463,0.013926174496644295,Luxury
Toyota Harrier Z Leather Octane 2020,Toyota,Harrier,Automatic,Octane,8050000,2020,2000.0,34000,6,5666.666666666667,0.8884228187919463,0.03976510067114094,Luxury
Toyota Noah S-Z Hybrid pearl 2022,Toyota,Noah,Automatic,Hybrid,4640000,2022,1800.0,44000,4,11000.0,0.8884228187919463,0.10671140939597315,Luxury
Toyota Hiace DX SILVER 2020,Toyota,Hiace,Automatic,Petrol,3100000,2020,2000.0,129814,6,21635.666666666668,0.8884228187919463,0.09429530201342282,Medium
Toyota Premio F EX BRONZE 2021,Toyota,Premio,Automatic,Petrol,5150000,2021,1500.0,25000,5,5000.0,0.8884228187919463,0.05285234899328859,Luxury
Toyota Noah S-Z HYBRID 360 CAM. 2025,Toyota,Noah,Automatic,Hybrid,5940000,2025,1800.0,2700,1,2700.0,0.8884228187919463,0.10671140939597315,Luxury
Toyota Noah X NON HYBRID 2020,Toyota,Noah,Automatic,Petrol,4220000,2020,2000.0,52122,6,8687.0,0.8884228187919463,0.10671140939597315,High
Toyota Prius S TOURING RED 2020,Toyota,Prius,Automatic,Hybrid,3420000,2020,1800.0,37000,6,6166.666666666667,0.8884228187919463,0.029865771812080538,High
Toyota Noah WXB NON HYBRID 25K 2020,Toyota,Noah,Automatic,Petrol,3999999,2020,2000.0,25000,6,4166.666666666667,0.8884228187919463,0.10671140939597315,High
Toyota Axio EX HYBRID WHITE. 2020,Toyota,Axio,Automatic,Hybrid,2450000,2020,1500.0,43800,6,7300.0,0.8884228187919463,0.10939597315436242,Medium
Toyota Allion G PEARL 2019,Toyota,Allion,Automatic,Petrol,3710000,2019,1500.0,44000,7,6285.714285714285,0.8884228187919463,0.03120805369127517,High
Toyota Noah SI WXB 8 SEATRT N H 2020,Toyota,Noah,Automatic,Petrol,4190000,2020,2000.0,79210,6,13201.666666666666,0.8884228187919463,0.10671140939597315,High
Toyota Hiace GL PEARL AP-3.5 2020,Toyota,Hiace,Automatic,"Petrol, Octane",3390000,2020,2000.0,98521,6,16420.166666666668,0.8884228187919463,0.09429530201342282,High
Toyota Hiace GL WHITE READY SHOWR 2020,Toyota,Hiace,Automatic,Petrol,3490000,2020,2000.0,72500,6,12083.333333333334,0.8884228187919463,0.09429530201342282,High
Toyota Hiace GL White Single AC 2020,Toyota,Hiace,Automatic,Petrol,3350000,2020,2000.0,112000,6,18666.666666666668,0.8884228187919463,0.09429530201342282,Medium
Toyota Prius A PREMIUM TOU. PHV 2020,Toyota,Prius,Automatic,Hybrid,3880000,2020,1800.0,64515,6,10752.5,0.8884228187919463,0.029865771812080538,High
Toyota Hiace DX Silver 3.5 Point 2020,Toyota,Hiace,Automatic,Petrol,3250000,2020,2000.0,129000,6,21500.0,0.8884228187919463,0.09429530201342282,Medium
Toyota Hiace Dx Ambulance 2020,Toyota,Hiace,Automatic,"Petrol, Octane",2700000,2020,2000.0,67000,6,11166.666666666666,0.8884228187919463,0.09429530201342282,Medium
Toyota Premio F 2020,Toyota,Premio,Automatic,"Petrol, Octane",3750000,2020,1500.0,39000,6,6500.0,0.8884228187919463,0.05285234899328859,High
Toyota Premio FL 2020,Toyota,Premio,Automatic,"Petrol, Octane",4050000,2020,1500.0,53425,6,8904.166666666666,0.8884228187919463,0.05285234899328859,High
Toyota Prius S Hybrid  Grade-4  2020,Toyota,Prius,Automatic,"Petrol, Hybrid, Octane",2900000,2020,1800.0,59819,6,9969.833333333334,0.8884228187919463,0.029865771812080538,Medium
Toyota Hiace SUPER GL KET START 2020,Toyota,Hiace,Automatic,"Petrol, Octane",3900000,2020,2000.0,82000,6,13666.666666666666,0.8884228187919463,0.09429530201342282,High
Toyota Corolla Cross Z PKG 360 CAMERA 2022,Toyota,Corolla Cross,Automatic,"Hybrid, Octane",4400000,2022,1800.0,35000,4,8750.0,0.8884228187919463,0.07097315436241611,High
Toyota Harrier MOV Special Edition 2015,Toyota,Harrier,Automatic,"Hybrid, Octane",4200000,2015,2500.0,50000,11,4545.454545454545,0.8884228187919463,0.03976510067114094,High
Toyota Hiace GL Ambulance 2021,Toyota,Hiace,Automatic,"Petrol, Octane",3200000,2021,2000.0,39000,5,7800.0,0.8884228187919463,0.09429530201342282,Medium
Toyota Voxy S-Z HYBRID-PKG 2022,Toyota,Voxy,Automatic,"Petrol, Hybrid, Octane",5150000,2022,1800.0,37448,4,9362.0,0.8884228187919463,0.027348993288590605,Luxury
Toyota Sienta X non hybrid 2020,Toyota,Sienta,Automatic,"Petrol, Octane",2700000,2020,1500.0,92000,6,15333.333333333334,0.8884228187919463,0.009228187919463088,Medium
Toyota Noah SI WXB V2 HYBRID 2020,Toyota,Noah,Automatic,"Hybrid, Octane",3450000,2020,1800.0,146000,6,24333.333333333332,0.8884228187919463,0.10671140939597315,High
Toyota Axio EX HYB PUSH 4POINT 2020,Toyota,Axio,Automatic,"Hybrid, Octane",2530000,2020,1500.0,49000,6,8166.666666666667,0.8884228187919463,0.10939597315436242,Medium
Toyota Voxy ZS KIRAMEKI HYB 2020,Toyota,Voxy,Automatic,"Hybrid, Octane",3380000,2020,1800.0,152000,6,25333.333333333332,0.8884228187919463,0.027348993288590605,Medium
Toyota Harrier ZLP 2020,Toyota,Harrier,Automatic,Octane,8300000,2020,1980.0,32200,6,5366.666666666667,0.8884228187919463,0.03976510067114094,Luxury
Toyota Harrier OCTEN JBL 4.5POINT 2020,Toyota,Harrier,Automatic,Octane,7199999,2020,2000.0,52000,6,8666.666666666666,0.8884228187919463,0.03976510067114094,Luxury
Nissan X-Trail 2017,Nissan,X-Trail,Automatic,Hybrid,2750000,2022,2000.0,69452,4,17363.0,0.02365771812080537,0.015436241610738255,Medium
Toyota Esquire gi premium 2017,Toyota,Esquire,Automatic,"Hybrid, Octane",2550000,2017,1800.0,63000,9,7000.0,0.8884228187919463,0.05855704697986577,Medium
Toyota Corolla x 2005,Toyota,Corolla,Automatic,"CNG, Octane",1220000,2005,1500.0,95000,21,4523.809523809524,0.8884228187919463,0.04848993288590604,Low
Toyota Allion A15 Kye White 2020,Toyota,Allion,Automatic,"Petrol, Octane",3750000,2020,1500.0,60000,6,10000.0,0.8884228187919463,0.03120805369127517,High
Toyota Axio HYBRID EX PUSH 2020,Toyota,Axio,Automatic,Hybrid,2400000,2020,1500.0,88321,6,14720.166666666666,0.8884228187919463,0.10939597315436242,Medium
Toyota Noah X NON HV-KEY 2020,Toyota,Noah,Automatic,Octane,3500000,2020,2000.0,95234,6,15872.333333333334,0.8884228187919463,0.10671140939597315,High
Toyota Noah KEY NON HYBRID 2020,Toyota,Noah,Automatic,Octane,3500000,2020,2000.0,95189,6,15864.833333333334,0.8884228187919463,0.10671140939597315,High
Toyota Yaris  2020,Toyota,Yaris,Automatic,"Petrol, Hybrid, Octane",2300000,2020,1500.0,79000,6,13166.666666666666,0.8884228187919463,0.003355704697986577,Low
Toyota Corolla Hybrid GX 2021,Toyota,Corolla,Automatic,Hybrid,2400000,2021,1800.0,45420,5,9084.0,0.8884228187919463,0.04848993288590604,Medium
Toyota Premio F-EX Pearl point 4.5 2020,Toyota,Premio,Automatic,"Petrol, Octane",4750000,2020,1500.0,47149,6,7858.166666666667,0.8884228187919463,0.05285234899328859,Luxury
Toyota Fielder Hybrid EX Black 2021,Toyota,Fielder,Automatic,Hybrid,2530000,2021,1500.0,128000,5,25600.0,0.8884228187919463,0.057885906040268456,Medium
Toyota Esquire Gi package Hybrid 2020,Toyota,Esquire,Automatic,Hybrid,3650000,2020,1800.0,79352,6,13225.333333333334,0.8884228187919463,0.05855704697986577,High
Toyota Axio EX PKG 2020,Toyota,Axio,Automatic,"Petrol, Hybrid, Octane",2200000,2020,1500.0,74520,6,12420.0,0.8884228187919463,0.10939597315436242,Low
Toyota Hiace SUPER GL 3.5 BLACK 2020,Toyota,Hiace,Automatic,Octane,4300000,2020,2000.0,58875,6,9812.5,0.8884228187919463,0.09429530201342282,High
Toyota Noah Hybrid SI WXB V-2 2020,Toyota,Noah,Automatic,"Petrol, Hybrid, Octane",3550000,2020,1800.0,60000,6,10000.0,0.8884228187919463,0.10671140939597315,High
Toyota Prius S Touring Selection 2020,Toyota,Prius,Automatic,"Petrol, Hybrid, Octane",3100000,2020,1800.0,65000,6,10833.333333333334,0.8884228187919463,0.029865771812080538,Medium
Toyota Yaris Cross 360 CAM DHAKA READY 2021,Toyota,Yaris Cross,Automatic,"Petrol, Hybrid, Octane",3500000,2021,1500.0,29013,5,5802.6,0.8884228187919463,0.02097315436241611,High
Lexus RX300 NON HYBRID 2022,Lexus,RX300,Automatic,"Petrol, Octane",15000000,2022,2000.0,36013,4,9003.25,0.0068791946308724835,0.001174496644295302,Luxury
Toyota RAV4 G-Z NON-HB READY- 2020,Toyota,RAV4,Automatic,"Petrol, Octane",7500000,2020,2000.0,26590,6,4431.666666666667,0.8884228187919463,0.009731543624161074,Luxury
Toyota Voxy SHOWROOM-READY 2022,Toyota,Voxy,Automatic,"Petrol, Hybrid, Octane",5300000,2022,1800.0,49512,4,12378.0,0.8884228187919463,0.027348993288590605,Luxury
Toyota Prius S Safety Plus 2021,Toyota,Prius,Automatic,Hybrid,3500000,2021,1800.0,74000,5,14800.0,0.8884228187919463,0.029865771812080538,High
Toyota Axio EX 2020,Toyota,Axio,Automatic,"Petrol, Octane",2850000,2020,1500.0,54000,6,9000.0,0.8884228187919463,0.10939597315436242,Medium
Toyota Esquire GI PKG HYB 4 POINT 2020,Toyota,Esquire,Automatic,Hybrid,3750000,2020,1800.0,106000,6,17666.666666666668,0.8884228187919463,0.05855704697986577,High
Toyota Harrier ZLP 2020,Toyota,Harrier,Automatic,Octane,8550000,2020,1980.0,29600,6,4933.333333333333,0.8884228187919463,0.03976510067114094,Luxury
Toyota Noah X PKG HYB 2020,Toyota,Noah,Automatic,Hybrid,2989999,2020,1800.0,225000,6,37500.0,0.8884228187919463,0.10671140939597315,Medium
Toyota Corolla S PKG 4 POINT 2020,Toyota,Corolla,Automatic,Hybrid,2750000,2020,1800.0,89000,6,14833.333333333334,0.8884228187919463,0.04848993288590604,Medium
Toyota Corolla Hybrid 2019,Toyota,Corolla,Automatic,Octane,3100000,2019,1800.0,14700,7,2100.0,0.8884228187919463,0.04848993288590604,Medium
Toyota Fielder Hybrid 2021,Toyota,Fielder,Automatic,Hybrid,2200000,2021,1800.0,85000,5,17000.0,0.8884228187919463,0.057885906040268456,Low
Toyota Altis 2018,Toyota,Altis,Automatic,Octane,2450000,2018,1600.0,23200,8,2900.0,0.8884228187919463,0.00016778523489932885,Medium
Toyota Corolla Gx Pkg Hybrid GP-4.0 2020,Toyota,Corolla,Automatic,"Petrol, Hybrid, Octane",2730000,2020,1800.0,50200,6,8366.666666666666,0.8884228187919463,0.04848993288590604,Medium
Honda Vezel Z PKG 360CAMERA BOSE 2021,Honda,Vezel,Automatic,"Hybrid, Octane",3990000,2021,1500.0,40000,5,8000.0,0.0424496644295302,0.006711409395973154,High
Toyota Axio EX PACKAGE HYBRID 2020,Toyota,Axio,Automatic,Hybrid,2160000,2020,1500.0,66452,6,11075.333333333334,0.8884228187919463,0.10939597315436242,Low
Toyota Allion A15 PACKAGE 2020,Toyota,Allion,Automatic,"Petrol, Octane",3680000,2020,1500.0,75463,6,12577.166666666666,0.8884228187919463,0.03120805369127517,High
Toyota Axio EX PUSH SAFTY SENSE 2020,Toyota,Axio,Automatic,"Hybrid, Octane",2560000,2020,1500.0,45000,6,7500.0,0.8884228187919463,0.10939597315436242,Medium
Toyota Axio EX PUSH SAFTY SENSE 2020,Toyota,Axio,Automatic,"Hybrid, Octane",2560000,2020,1500.0,39000,6,6500.0,0.8884228187919463,0.10939597315436242,Medium
Toyota Axio EX PUSH SAFTY SENSE 2020,Toyota,Axio,Automatic,"Hybrid, Octane",2540000,2020,1500.0,41000,6,6833.333333333333,0.8884228187919463,0.10939597315436242,Medium
Toyota Axio EX PUSH SAFTY SENSE 2020,Toyota,Axio,Automatic,"Hybrid, Octane",2550000,2020,1500.0,31000,6,5166.666666666667,0.8884228187919463,0.10939597315436242,Medium
Toyota Axio EX PUSH SAFTY SENSE 2020,Toyota,Axio,Automatic,"Hybrid, Octane",2570000,2020,1500.0,35000,6,5833.333333333333,0.8884228187919463,0.10939597315436242,Medium
Toyota Axio EX PUSH SAFTY SENSE 2020,Toyota,Axio,Automatic,"Hybrid, Octane",2570000,2020,1500.0,26000,6,4333.333333333333,0.8884228187919463,0.10939597315436242,Medium
Toyota Prius A T S PKG 2021,Toyota,Prius,Automatic,"Hybrid, Octane",3975000,2021,1790.0,39205,5,7841.0,0.8884228187919463,0.029865771812080538,High
Honda CR-V 2012,Honda,CR-V,Automatic,Octane,2450000,2012,2000.0,850000,14,60714.28571428572,0.0424496644295302,0.011241610738255034,Medium
Toyota Axio EX PUSH SAFTY SENSE 2020,Toyota,Axio,Automatic,"Hybrid, Octane",2530000,2020,1500.0,48000,6,8000.0,0.8884228187919463,0.10939597315436242,Medium
Honda Civic cxi 2005,Honda,Civic,Automatic,Octane,1000000,2005,1500.0,70000,21,3333.3333333333335,0.0424496644295302,0.003355704697986577,Low
Toyota Fielder HYBRID EX 2021,Toyota,Fielder,Automatic,"Petrol, Hybrid, Octane, Other fuel type",2200000,2021,1500.0,70000,5,14000.0,0.8884228187919463,0.057885906040268456,Low
"Toyota RAV4 HYBRID G PKG,SUNROOF 2020",Toyota,RAV4,Automatic,Hybrid,6550000,2020,2500.0,72000,6,12000.0,0.8884228187919463,0.009731543624161074,Luxury
Toyota C-HR HYBRID S 2021,Toyota,C-HR,Automatic,"Hybrid, Octane",3100000,2021,1800.0,59654,5,11930.8,0.8884228187919463,0.027181208053691275,Medium
Toyota Prius A Touring Selection 2020,Toyota,Prius,Automatic,"Petrol, Hybrid, Octane",3200000,2020,1800.0,94000,6,15666.666666666666,0.8884228187919463,0.029865771812080538,Medium
Toyota Axio EX Non-Hybrid 2020,Toyota,Axio,Automatic,Octane,2850000,2020,1500.0,44000,6,7333.333333333333,0.8884228187919463,0.10939597315436242,Medium
Toyota Hiace GL Duel AC HeaterBOX 2020,Toyota,Hiace,Automatic,"Petrol, Octane",3550000,2020,2000.0,65000,6,10833.333333333334,0.8884228187919463,0.09429530201342282,High
Toyota Prius A T S PKG 2018,Toyota,Prius,Automatic,"Hybrid, Octane",3050000,2018,1790.0,99505,8,12438.125,0.8884228187919463,0.029865771812080538,Medium
Toyota Noah Non Hybrid 2020,Toyota,Noah,Automatic,Octane,3380000,2020,2000.0,92000,6,15333.333333333334,0.8884228187919463,0.10671140939597315,Medium
Toyota Esquire Hybrid 2020,Toyota,Esquire,Automatic,"Hybrid, Octane",3450000,2020,1800.0,86000,6,14333.333333333334,0.8884228187919463,0.05855704697986577,High
Toyota Fielder Non Hybrid Ex 2020,Toyota,Fielder,Automatic,Octane,2590000,2020,1500.0,90000,6,15000.0,0.8884228187919463,0.057885906040268456,Medium
Toyota Noah Hybrid 2020,Toyota,Noah,Automatic,"Hybrid, Octane",3050000,2020,1800.0,86425,6,14404.166666666666,0.8884228187919463,0.10671140939597315,Medium
Toyota Fielder Non Hybrid 2020,Toyota,Fielder,Automatic,Octane,2590000,2020,1500.0,80477,6,13412.833333333334,0.8884228187919463,0.057885906040268456,Medium
Toyota Noah 2020 Hybrid,Toyota,Noah,Automatic,"Hybrid, Octane",3020000,2020,1800.0,85000,6,14166.666666666666,0.8884228187919463,0.10671140939597315,Medium
Toyota Premio FL Silver 2020,Toyota,Premio,Automatic,"Petrol, Octane",4100000,2020,1500.0,105000,6,17500.0,0.8884228187919463,0.05285234899328859,High
Toyota Esquire Gi Hybrid Black 2020,Toyota,Esquire,Automatic,"Petrol, Hybrid, Octane",3590000,2020,1800.0,74750,6,12458.333333333334,0.8884228187919463,0.05855704697986577,High
Toyota Allion G PLUS 2020,Toyota,Allion,Automatic,"Petrol, Octane",4100000,2020,1500.0,8000,6,1333.3333333333333,0.8884228187919463,0.03120805369127517,High
Toyota Hiace SUPER GL DARK PRIME 2020,Toyota,Hiace,Automatic,"Petrol, Octane",4400000,2020,2000.0,56000,6,9333.333333333334,0.8884228187919463,0.09429530201342282,High
Toyota Corolla S LED 4.5 POINT 2020,Toyota,Corolla,Automatic,"Petrol, Hybrid, Octane",3170000,2020,1800.0,85000,6,14166.666666666666,0.8884228187919463,0.04848993288590604,Medium
Toyota Voxy ZS KIRAMEKI 2 2020,Toyota,Voxy,Automatic,"Petrol, Hybrid, Octane",3500000,2020,1800.0,45000,6,7500.0,0.8884228187919463,0.027348993288590605,High
Toyota Noah 2 DOOR POWER PUSH 2020,Toyota,Noah,Automatic,Octane,3750000,2020,2000.0,100212,6,16702.0,0.8884228187919463,0.10671140939597315,High
Toyota Fielder EX NON HYBRID 2021,Toyota,Fielder,Automatic,"Petrol, Octane",3050000,2021,1500.0,90000,5,18000.0,0.8884228187919463,0.057885906040268456,Medium
Toyota Fielder EX 4.5 POINT READY 2020,Toyota,Fielder,Automatic,"Petrol, Hybrid, Octane",2620000,2020,1500.0,62000,6,10333.333333333334,0.8884228187919463,0.057885906040268456,Medium
Toyota Axio EX NON HY. READY DK. 2020,Toyota,Axio,Automatic,"Petrol, Octane",2820000,2020,1500.0,60000,6,10000.0,0.8884228187919463,0.10939597315436242,Medium
Toyota Allion G PLUS 2019,Toyota,Allion,Automatic,"Petrol, Octane",4080000,2019,1500.0,40000,7,5714.285714285715,0.8884228187919463,0.03120805369127517,High
Toyota Hiace SUPER GL DARK PRIME 2023,Toyota,Hiace,Automatic,"Petrol, Octane",4850000,2023,2000.0,74000,3,24666.666666666668,0.8884228187919463,0.09429530201342282,Luxury
Toyota C-HR G MODE NERO SAFETY 2020,Toyota,C-HR,Automatic,"Petrol, Hybrid, Octane",3400000,2020,1800.0,81414,6,13569.0,0.8884228187919463,0.027181208053691275,High
Toyota Esquire GI LUXEL GRILL 2020,Toyota,Esquire,Automatic,"Petrol, Hybrid, Octane",3850000,2020,1800.0,58000,6,9666.666666666666,0.8884228187919463,0.05855704697986577,High
Toyota Premio FL READY STOCK 2020,Toyota,Premio,Automatic,"Petrol, Hybrid, Octane",4250000,2020,1500.0,30000,6,5000.0,0.8884228187919463,0.05285234899328859,High
Toyota Allion G PLUS 2020,Toyota,Allion,Automatic,"Petrol, Octane",4450000,2020,1500.0,41000,6,6833.333333333333,0.8884228187919463,0.03120805369127517,Luxury
Honda Insight EX PKG HYBRID UNIT 2019,Honda,Insight,Automatic,Hybrid,3680000,2019,1800.0,63250,7,9035.714285714286,0.0424496644295302,0.015100671140939598,High
Toyota Prius S PKG READY DHAKA 2020,Toyota,Prius,Automatic,"Petrol, Hybrid, Octane",3130000,2020,1800.0,51000,6,8500.0,0.8884228187919463,0.029865771812080538,Medium
Toyota Esquire GI PREMIUM PKG 2020,Toyota,Esquire,Automatic,Hybrid,3700000,2020,1800.0,69055,6,11509.166666666666,0.8884228187919463,0.05855704697986577,High
Toyota Esquire GI PREMIUM 2020,Toyota,Esquire,Automatic,Hybrid,3900000,2020,1800.0,77000,6,12833.333333333334,0.8884228187919463,0.05855704697986577,High
Toyota Land Cruiser TXL 70Th ANNIVERSARY 2022,Toyota,Land Cruiser,Automatic,Octane,18700000,2022,2700.0,10076,4,2519.0,0.8884228187919463,0.008557046979865772,Luxury
Toyota Esquire GI PREMIUM 2020,Toyota,Esquire,Automatic,Hybrid,3700000,2020,1800.0,63050,6,10508.333333333334,0.8884228187919463,0.05855704697986577,High
Toyota Corolla Cross hybrid 2021,Toyota,Corolla Cross,Automatic,"Petrol, Hybrid, Octane",4150000,2021,1800.0,56847,5,11369.4,0.8884228187919463,0.07097315436241611,High
Toyota Noah Hybrid Z 2022,Toyota,Noah,Automatic,Hybrid,3000000,2022,1800.0,45412,4,11353.0,0.8884228187919463,0.10671140939597315,Medium
Honda Insight E.EDITION READY CAR 2021,Honda,Insight,Automatic,"Hybrid, Octane",4300000,2021,1500.0,51013,5,10202.6,0.0424496644295302,0.015100671140939598,High
Honda CR-V SHOWROOM READY 2020,Honda,CR-V,Automatic,"Petrol, Octane",5500000,2020,2000.0,53512,6,8918.666666666666,0.0424496644295302,0.011241610738255034,Luxury
Toyota Prius A PKG PEARL COLOR 2020,Toyota,Prius,Automatic,"Hybrid, Octane",3300000,2020,1800.0,71245,6,11874.166666666666,0.8884228187919463,0.029865771812080538,Medium
Toyota Corolla Cross Corola Z package 2022,Toyota,Corolla Cross,Automatic,"Hybrid, Octane",4250000,2022,1800.0,60000,4,15000.0,0.8884228187919463,0.07097315436241611,High
Toyota Premio 2016,Toyota,Premio,Automatic,Octane,3220000,2022,1500.0,52665,4,13166.25,0.8884228187919463,0.05285234899328859,Medium
Honda Insight SHOWROOM-READY 2021,Honda,Insight,Automatic,"Petrol, Hybrid, Octane",4300000,2021,1500.0,58512,5,11702.4,0.0424496644295302,0.015100671140939598,High
Toyota RAV4 NEW SHAPE FULL LOAD 2022,Toyota,RAV4,Automatic,"Hybrid, Octane",8500000,2022,2500.0,13013,4,3253.25,0.8884228187919463,0.009731543624161074,Luxury
Nissan X-Trail Push Start 2021,Nissan,X-Trail,Automatic,Octane,4800000,2021,1333.0,32411,5,6482.2,0.02365771812080537,0.015436241610738255,Luxury
Toyota Axio EX PACKAGE PUSH 2020,Toyota,Axio,Automatic,Octane,2880000,2020,1500.0,80000,6,13333.333333333334,0.8884228187919463,0.10939597315436242,Medium
Toyota Axio Non Hybrid 2020,Toyota,Axio,Automatic,Octane,2590000,2020,1500.0,87520,6,14586.666666666666,0.8884228187919463,0.10939597315436242,Medium
Toyota Noah Hybrid 2020,Toyota,Noah,Automatic,"Hybrid, Octane",3150000,2020,1800.0,86752,6,14458.666666666666,0.8884228187919463,0.10671140939597315,Medium
Toyota Axio Hybrid 2020,Toyota,Axio,Automatic,"Hybrid, Octane",2220000,2020,1500.0,86200,6,14366.666666666666,0.8884228187919463,0.10939597315436242,Low
Toyota Noah Non Hybrid 2020,Toyota,Noah,Automatic,Octane,3450000,2020,2000.0,89452,6,14908.666666666666,0.8884228187919463,0.10671140939597315,High
Toyota Axio Non Hybrid 2020,Toyota,Axio,Automatic,Octane,2590000,2020,1500.0,80632,6,13438.666666666666,0.8884228187919463,0.10939597315436242,Medium
Toyota Axio 2020 Hybrid,Toyota,Axio,Automatic,"Hybrid, Octane",2170000,2020,1500.0,80000,6,13333.333333333334,0.8884228187919463,0.10939597315436242,Low
Toyota Voxy Hybrid 2020,Toyota,Voxy,Automatic,"Hybrid, Octane",3250000,2020,1800.0,86500,6,14416.666666666666,0.8884228187919463,0.027348993288590605,Medium
Toyota Esquire Non Hybrid 2020,Toyota,Esquire,Automatic,Octane,3850000,2020,2000.0,96452,6,16075.333333333334,0.8884228187919463,0.05855704697986577,High
Toyota Noah Hybrid 2020,Toyota,Noah,Automatic,"Hybrid, Octane",3120000,2020,1800.0,80896,6,13482.666666666666,0.8884228187919463,0.10671140939597315,Medium
Toyota Fielder Non Hybrid Ex 2020,Toyota,Fielder,Automatic,Octane,2590000,2020,1500.0,85230,6,14205.0,0.8884228187919463,0.057885906040268456,Medium
Toyota Noah Non Hybrid 2020,Toyota,Noah,Automatic,Octane,3380000,2020,2000.0,88742,6,14790.333333333334,0.8884228187919463,0.10671140939597315,Medium
Toyota Axio Non Hybrid EX PUSH 2020,Toyota,Axio,Automatic,"Petrol, Octane",2900000,2020,1500.0,8234,6,1372.3333333333333,0.8884228187919463,0.10939597315436242,Medium
Toyota Noah SZ Brand New 2025,Toyota,Noah,Automatic,"Petrol, Hybrid, Octane",5850000,2025,1800.0,8,1,8.0,0.8884228187919463,0.10671140939597315,Luxury
Toyota Noah X Non Hybrid Black 2021,Toyota,Noah,Automatic,"Petrol, Octane",3650000,2021,2000.0,68000,5,13600.0,0.8884228187919463,0.10671140939597315,High
Toyota Prius HYBRID PKG. S SAFETY 2020,Toyota,Prius,Automatic,"Petrol, Hybrid, Octane",3300000,2020,1800.0,83452,6,13908.666666666666,0.8884228187919463,0.029865771812080538,Medium
Toyota Voxy HYBRID S-Z LEG REST 2022,Toyota,Voxy,Automatic,"Petrol, Hybrid, Octane",5300000,2022,1800.0,20345,4,5086.25,0.8884228187919463,0.027348993288590605,Luxury
Toyota Axio Non Hybrid EX 2021,Toyota,Axio,Automatic,"Petrol, Hybrid, Octane",2500000,2021,1500.0,61794,5,12358.8,0.8884228187919463,0.10939597315436242,Medium
Toyota Noah HYBRID X 2020,Toyota,Noah,Automatic,"Petrol, Hybrid, Octane",2950000,2020,1800.0,61456,6,10242.666666666666,0.8884228187919463,0.10671140939597315,Medium
Toyota Alphard Executive Lounge 2023,Toyota,Alphard,Automatic,CNG,13500000,2023,2500.0,1236,3,412.0,0.8884228187919463,0.0050335570469798654,Luxury
Toyota Sienta Hybrid 2020,Toyota,Sienta,Automatic,Hybrid,2200000,2020,1500.0,89000,6,14833.333333333334,0.8884228187919463,0.009228187919463088,Low
Honda CR-V EX MASTERPIECE 2021,Honda,CR-V,Automatic,Octane,5800000,2021,2000.0,51510,5,10302.0,0.0424496644295302,0.011241610738255034,Luxury
Toyota Axio HYBRID 2020,Toyota,Axio,Automatic,Hybrid,2150000,2020,1500.0,65430,6,10905.0,0.8884228187919463,0.10939597315436242,Low
Toyota Harrier Hybrid S package 2021,Toyota,Harrier,Automatic,Hybrid,6000000,2021,2500.0,1234,5,246.8,0.8884228187919463,0.03976510067114094,Luxury
Toyota Hiace SUPER GL PUSH 2DR PW 2021,Toyota,Hiace,Automatic,"Petrol, Octane",4400000,2021,2000.0,68130,5,13626.0,0.8884228187919463,0.09429530201342282,High
Toyota Corolla Cross FULL OPTION CAR 2022,Toyota,Corolla Cross,Automatic,"Petrol, Hybrid, Octane",4900000,2022,1800.0,41013,4,10253.25,0.8884228187919463,0.07097315436241611,Luxury
Lexus RX F SPORTS 500h 2023,Lexus,RX,Automatic,"Petrol, Hybrid, Octane",20500000,2023,2400.0,1268,3,422.6666666666667,0.0068791946308724835,0.0028523489932885905,Luxury
Toyota C-HR G-PACKAGE 2020,Toyota,C-HR,Automatic,"Hybrid, Octane",3700000,2020,1790.0,38739,6,6456.5,0.8884228187919463,0.027181208053691275,High
Toyota Prius ATS 2018,Toyota,Prius,Automatic,"Hybrid, Octane",3050000,2018,1790.0,99500,8,12437.5,0.8884228187919463,0.029865771812080538,Medium
Toyota Hiace SUPERGLDARKPRIME 2020,Toyota,Hiace,Automatic,"Petrol, Octane",4280000,2020,2000.0,41009,6,6834.833333333333,0.8884228187919463,0.09429530201342282,High
Toyota Prius A PACKAGE 2021,Toyota,Prius,Automatic,"Hybrid, Octane",3020000,2021,1800.0,56321,5,11264.2,0.8884228187919463,0.029865771812080538,Medium
Audi Q7 Quattro SUV 2016,Audi,Q7,Automatic,LPG,8500000,2016,2000.0,32000,10,3200.0,0.0010067114093959733,0.0006711409395973154,Luxury
Toyota Axio X Limited 2010,Toyota,Axio,Automatic,"CNG, Octane",1480000,2010,1500.0,67000,16,4187.5,0.8884228187919463,0.10939597315436242,Low
Toyota Corolla 1997,Toyota,Corolla,Automatic,"CNG, Octane",695000,1997,1500.0,240000,29,8275.862068965518,0.8884228187919463,0.04848993288590604,Low
Toyota Aqua S Style 2020,Toyota,Aqua,Automatic,"Petrol, Hybrid, Octane",1900000,2020,1500.0,92000,6,15333.333333333334,0.8884228187919463,0.015771812080536914,Low
Toyota Prius A Touring selection 2019,Toyota,Prius,Automatic,"Petrol, Hybrid, Octane",3250000,2019,1800.0,84330,7,12047.142857142857,0.8884228187919463,0.029865771812080538,Medium
Toyota Fielder EX-GRADE-4 2020,Toyota,Fielder,Automatic,"Hybrid, Octane",2450000,2020,1500.0,74973,6,12495.5,0.8884228187919463,0.057885906040268456,Medium
Toyota Yaris Cross Z pkg - Red color 2021,Toyota,Yaris Cross,Automatic,"Petrol, Hybrid, Octane",3490000,2021,1500.0,62500,5,12500.0,0.8884228187919463,0.02097315436241611,High
Toyota C-HR G LED-PACKAGE 2020,Toyota,C-HR,Automatic,"Hybrid, Octane",3430000,2020,1800.0,21840,6,3640.0,0.8884228187919463,0.027181208053691275,High
Toyota Voxy ZS KIRAMIKI 3 2020,Toyota,Voxy,Automatic,"Hybrid, Octane",3450000,2020,1800.0,68000,6,11333.333333333334,0.8884228187919463,0.027348993288590605,High
Toyota Noah G Package 2020,Toyota,Noah,Automatic,"Hybrid, Octane",3150000,2020,1800.0,148000,6,24666.666666666668,0.8884228187919463,0.10671140939597315,Medium
Toyota Axio EX 2020,Toyota,Axio,Automatic,"Petrol, Hybrid, Octane",2400000,2020,1500.0,80000,6,13333.333333333334,0.8884228187919463,0.10939597315436242,Medium
Toyota Premio F-Mileage-26k 2019,Toyota,Premio,Automatic,"Petrol, CNG, Octane, LPG",3780000,2019,1500.0,26000,7,3714.285714285714,0.8884228187919463,0.05285234899328859,High
Toyota Voxy ZS KIRAMIKI 2020,Toyota,Voxy,Automatic,"Hybrid, Octane",3300000,2020,1800.0,114000,6,19000.0,0.8884228187919463,0.027348993288590605,Medium
Toyota Noah SZ Package 2023,Toyota,Noah,Automatic,"Hybrid, Octane",5080000,2023,1800.0,19000,3,6333.333333333333,0.8884228187919463,0.10671140939597315,Luxury
Toyota Corolla Cross Z leather Package 2025,Toyota,Corolla Cross,Automatic,"Petrol, Hybrid, Octane",5700000,2025,1800.0,7000,1,7000.0,0.8884228187919463,0.07097315436241611,Luxury
Toyota Harrier Z leather Package 2020,Toyota,Harrier,Automatic,"Petrol, Hybrid, Octane",7500000,2020,2500.0,88000,6,14666.666666666666,0.8884228187919463,0.03976510067114094,Luxury
Toyota Voxy ZS KIRAMIKI 2020,Toyota,Voxy,Automatic,"Petrol, Hybrid, Octane",3350000,2020,1800.0,141000,6,23500.0,0.8884228187919463,0.027348993288590605,Medium
Toyota Prius A PREMIUM TOURING 2020,Toyota,Prius,Automatic,"Hybrid, Octane",3180000,2020,1800.0,110000,6,18333.333333333332,0.8884228187919463,0.029865771812080538,Medium
Toyota Voxy ZS KIRAMIKI 2020,Toyota,Voxy,Automatic,"Hybrid, Octane",3300000,2020,1800.0,115000,6,19166.666666666668,0.8884228187919463,0.027348993288590605,Medium
Toyota Voxy X Package-Silver 2020,Toyota,Voxy,Automatic,"Hybrid, Octane",2980000,2020,1800.0,156000,6,26000.0,0.8884228187919463,0.027348993288590605,Medium
Toyota Yaris Cross Z - Mileage-57k 2021,Toyota,Yaris Cross,Automatic,"Petrol, Hybrid, Octane, LPG",3350000,2021,1500.0,57667,5,11533.4,0.8884228187919463,0.02097315436241611,Medium
Toyota Fielder Ex 2020,Toyota,Fielder,Automatic,"Hybrid, Octane",2500000,2020,1500.0,95000,6,15833.333333333334,0.8884228187919463,0.057885906040268456,Medium
Toyota Axio Ex package 2020,Toyota,Axio,Automatic,"Petrol, Hybrid, Octane",2450000,2020,1500.0,78000,6,13000.0,0.8884228187919463,0.10939597315436242,Medium
Toyota Yaris Cross Z Package 2020,Toyota,Yaris Cross,Automatic,"Hybrid, Octane",3380000,2020,1500.0,72000,6,12000.0,0.8884228187919463,0.02097315436241611,Medium
Toyota Corolla Cross Z leather Package 2022,Toyota,Corolla Cross,Automatic,"Petrol, Hybrid, Octane",4680000,2022,1800.0,5276,4,1319.0,0.8884228187919463,0.07097315436241611,Luxury
Toyota Yaris Cross Z leather-Color-RED 2021,Toyota,Yaris Cross,Automatic,"Hybrid, Octane",3480000,2021,1500.0,63131,5,12626.2,0.8884228187919463,0.02097315436241611,High
Toyota Corolla Cross Z leather Package 2022,Toyota,Corolla Cross,Automatic,"Hybrid, Octane",4550000,2022,1800.0,79267,4,19816.75,0.8884228187919463,0.07097315436241611,Luxury
Toyota Fielder EX 2020,Toyota,Fielder,Automatic,"Petrol, Hybrid, Octane",2380000,2020,1500.0,89000,6,14833.333333333334,0.8884228187919463,0.057885906040268456,Medium
Toyota Yaris Cross Z Package 2021,Toyota,Yaris Cross,Automatic,"Petrol, Hybrid, Octane",3450000,2021,1500.0,57000,5,11400.0,0.8884228187919463,0.02097315436241611,High
Toyota Fielder Ex 2020,Toyota,Fielder,Automatic,"Hybrid, Octane",2280000,2020,1500.0,129000,6,21500.0,0.8884228187919463,0.057885906040268456,Low
Toyota Corolla Cross Z leather Package 2022,Toyota,Corolla Cross,Automatic,"Petrol, Hybrid, Octane, LPG",4480000,2022,1800.0,34743,4,8685.75,0.8884228187919463,0.07097315436241611,Luxury
Toyota Premio F 2020,Toyota,Premio,Automatic,"Petrol, CNG, Octane, LPG",3850000,2020,1500.0,86000,6,14333.333333333334,0.8884228187919463,0.05285234899328859,High
Toyota Axio Ex 2020,Toyota,Axio,Automatic,"Hybrid, Octane",2450000,2020,1500.0,88000,6,14666.666666666666,0.8884228187919463,0.10939597315436242,Medium
Toyota Aqua S 2020,Toyota,Aqua,Automatic,"Hybrid, Octane",1900000,2020,1500.0,99000,6,16500.0,0.8884228187919463,0.015771812080536914,Low
Toyota Hiace GL 2022,Toyota,Hiace,Automatic,Octane,3780000,2022,2000.0,63000,4,15750.0,0.8884228187919463,0.09429530201342282,High
Toyota Axio EX 2020,Toyota,Axio,Automatic,"Petrol, Hybrid, Octane",2450000,2020,1500.0,92200,6,15366.666666666666,0.8884228187919463,0.10939597315436242,Medium
Toyota Corolla Cross Z leather Package 2024,Toyota,Corolla Cross,Automatic,"Hybrid, Octane",5550000,2024,1800.0,7,2,3.5,0.8884228187919463,0.07097315436241611,Luxury
Toyota C-HR G LED 2020,Toyota,C-HR,Automatic,"Petrol, Hybrid, Octane",3450000,2020,1800.0,21000,6,3500.0,0.8884228187919463,0.027181208053691275,High
Toyota Yaris Cross Z Package 2021,Toyota,Yaris Cross,Automatic,"Petrol, Hybrid, Octane",3450000,2021,1500.0,86000,5,17200.0,0.8884228187919463,0.02097315436241611,High
Toyota Voxy ZS KIRAMIKI 2020,Toyota,Voxy,Automatic,"Hybrid, Octane",3300000,2020,1800.0,129000,6,21500.0,0.8884228187919463,0.027348993288590605,Medium
Toyota Voxy ZS KIRAMIKI 2020,Toyota,Voxy,Automatic,"Hybrid, Octane",3400000,2020,1800.0,140000,6,23333.333333333332,0.8884228187919463,0.027348993288590605,High
Toyota C-HR GR Sports 2020,Toyota,C-HR,Automatic,"Petrol, Hybrid, Octane",3450000,2020,1800.0,119000,6,19833.333333333332,0.8884228187919463,0.027181208053691275,High
Nissan X-Trail X-Trail-36k-Sunroof 2019,Nissan,X-Trail,Automatic,"Hybrid, Octane",4180000,2019,2000.0,36000,7,5142.857142857143,0.02365771812080537,0.015436241610738255,High
Toyota C-HR GR Sports 2020,Toyota,C-HR,Automatic,"Hybrid, Octane",3600000,2020,1800.0,51000,6,8500.0,0.8884228187919463,0.027181208053691275,High
Toyota Axio Ex package 2020,Toyota,Axio,Automatic,"Petrol, Hybrid, Octane",2450000,2020,1500.0,89000,6,14833.333333333334,0.8884228187919463,0.10939597315436242,Medium
Toyota C-HR GR Sports 2020,Toyota,C-HR,Automatic,"Hybrid, Octane",3450000,2020,1800.0,119000,6,19833.333333333332,0.8884228187919463,0.027181208053691275,High
Toyota Fielder Ex package 2020,Toyota,Fielder,Automatic,"Petrol, Hybrid, Octane",2450000,2020,1500.0,103000,6,17166.666666666668,0.8884228187919463,0.057885906040268456,Medium
Toyota Axio EX 2020,Toyota,Axio,Automatic,"Petrol, CNG, Octane, LPG",2830000,2020,1500.0,51317,6,8552.833333333334,0.8884228187919463,0.10939597315436242,Medium
Toyota Aqua S Package 2020,Toyota,Aqua,Automatic,"Petrol, Hybrid, Octane",1980000,2020,1500.0,92000,6,15333.333333333334,0.8884228187919463,0.015771812080536914,Low
Honda Insight Ex 2020,Honda,Insight,Automatic,"Petrol, Hybrid, Octane",3650000,2020,1500.0,135000,6,22500.0,0.0424496644295302,0.015100671140939598,High
Toyota Prius A Package 2020,Toyota,Prius,Automatic,"Petrol, Hybrid, Octane",2990000,2020,1800.0,100500,6,16750.0,0.8884228187919463,0.029865771812080538,Medium
Toyota Yaris Cross Z Package 2021,Toyota,Yaris Cross,Automatic,"Petrol, Hybrid, Octane",3400000,2021,1500.0,63000,5,12600.0,0.8884228187919463,0.02097315436241611,High
Toyota Fielder Ex package 2020,Toyota,Fielder,Automatic,"Petrol, Hybrid, Octane",2450000,2020,1500.0,91000,6,15166.666666666666,0.8884228187919463,0.057885906040268456,Medium
Toyota Esquire Gi package 2020,Toyota,Esquire,Automatic,"Petrol, Hybrid, Octane",3530000,2020,1800.0,132000,6,22000.0,0.8884228187919463,0.05855704697986577,High
Toyota Corolla Cross Z leather Package 2022,Toyota,Corolla Cross,Automatic,"Petrol, Hybrid, Octane",4450000,2022,1800.0,63000,4,15750.0,0.8884228187919463,0.07097315436241611,Luxury
Toyota Yaris Cross Z 2021,Toyota,Yaris Cross,Automatic,"Petrol, Hybrid, Octane, LPG",3400000,2021,1500.0,88000,5,17600.0,0.8884228187919463,0.02097315436241611,High
Toyota Noah G Package 2021,Toyota,Noah,Automatic,"Hybrid, Octane",3450000,2021,1800.0,94700,5,18940.0,0.8884228187919463,0.10671140939597315,High
Toyota Axio HYBRID PUSH START 2020,Toyota,Axio,Automatic,Hybrid,2300000,2020,1500.0,114942,6,19157.0,0.8884228187919463,0.10939597315436242,Low
Toyota Noah X NON HYBRID KEY ST. 2021,Toyota,Noah,Automatic,Octane,3600000,2021,2000.0,107167,5,21433.4,0.8884228187919463,0.10671140939597315,High
Toyota Noah X NON HV-KEY 2021,Toyota,Noah,Automatic,Octane,3600000,2021,2000.0,95277,5,19055.4,0.8884228187919463,0.10671140939597315,High
Toyota Corolla Cross FULL LOADED Z PKG 2022,Toyota,Corolla Cross,Automatic,Hybrid,4750000,2022,1800.0,18178,4,4544.5,0.8884228187919463,0.07097315436241611,Luxury
Toyota C-HR G-LED NEW SHAPE 2019,Toyota,C-HR,Automatic,Hybrid,3380000,2019,1800.0,31777,7,4539.571428571428,0.8884228187919463,0.027181208053691275,Medium
Toyota Axio EX HYBRID PUSH 2020,Toyota,Axio,Automatic,Hybrid,2390000,2020,1500.0,104254,6,17375.666666666668,0.8884228187919463,0.10939597315436242,Medium
Toyota Axio NON HYBRID EX 2020,Toyota,Axio,Automatic,Octane,2600000,2020,1500.0,207123,6,34520.5,0.8884228187919463,0.10939597315436242,Medium
Toyota Esquire GI PREMIUM 2020,Toyota,Esquire,Automatic,"Hybrid, Electric, Octane",38500000,2020,1800.0,64000,6,10666.666666666666,0.8884228187919463,0.05855704697986577,Luxury
Toyota Esquire GI PREMIUM 2020,Toyota,Esquire,Automatic,Hybrid,3750000,2020,1800.0,63355,6,10559.166666666666,0.8884228187919463,0.05855704697986577,High
Toyota Voxy - READYDHAKA 2022,Toyota,Voxy,Automatic,"Petrol, Hybrid, Octane",4900000,2022,1800.0,59000,4,14750.0,0.8884228187919463,0.027348993288590605,Luxury
Toyota Axio EX PUSH START HYBRID 2020,Toyota,Axio,Automatic,Hybrid,2390000,2020,1500.0,104213,6,17368.833333333332,0.8884228187919463,0.10939597315436242,Medium
Toyota Hiace SUPER GL PUSH START 2020,Toyota,Hiace,Automatic,Octane,4300000,2020,2000.0,75213,6,12535.5,0.8884228187919463,0.09429530201342282,High
Toyota Axio HYBRID EX PUSH 2020,Toyota,Axio,Automatic,Hybrid,2300000,2020,1500.0,114211,6,19035.166666666668,0.8884228187919463,0.10939597315436242,Low
Toyota Yaris Cross Z 2021,Toyota,Yaris Cross,Automatic,"Petrol, Hybrid, Octane",3600000,2021,1500.0,73000,5,14600.0,0.8884228187919463,0.02097315436241611,High
Toyota Prado TXL PACKAGE 2021,Toyota,Prado,Automatic,Octane,16400000,2021,2700.0,24453,5,4890.6,0.8884228187919463,0.013926174496644295,Luxury
Toyota Sienta HYBRID 2021,Toyota,Sienta,Automatic,"Petrol, Hybrid, Octane, Other fuel type",2550000,2021,1500.0,70000,5,14000.0,0.8884228187919463,0.009228187919463088,Medium
Toyota Axio EX SAFETY SENSOR 2020,Toyota,Axio,Automatic,Hybrid,2220000,2020,1500.0,63000,6,10500.0,0.8884228187919463,0.10939597315436242,Low
Honda Civic FC-1 TURBO 2020,Honda,Civic,Automatic,"Petrol, Octane",3950000,2020,1500.0,48400,6,8066.666666666667,0.0424496644295302,0.003355704697986577,High
Toyota Esquire GI NON HY PEARL 2020,Toyota,Esquire,Automatic,Petrol,4250000,2020,2000.0,32000,6,5333.333333333333,0.8884228187919463,0.05855704697986577,High
Toyota Esquire GI PREMIUM NON HYB 2020,Toyota,Esquire,Automatic,"Petrol, Octane",4670000,2020,2000.0,57140,6,9523.333333333334,0.8884228187919463,0.05855704697986577,Luxury
Toyota Allion G PLUS WINE AP 4.5 2020,Toyota,Allion,Automatic,"Petrol, Octane",3990000,2020,1500.0,65214,6,10869.0,0.8884228187919463,0.03120805369127517,High
Toyota Corolla Touring WXB HYBRID 2020,Toyota,Corolla,Automatic,Hybrid,3250000,2020,1800.0,48000,6,8000.0,0.8884228187919463,0.04848993288590604,Medium
Toyota Fielder EX NON HYBRID WHITE 2021,Toyota,Fielder,Automatic,Petrol,3150000,2021,1500.0,87000,5,17400.0,0.8884228187919463,0.057885906040268456,Medium
Toyota C-HR G Mode Nero 2020,Toyota,C-HR,Automatic,"Petrol, Hybrid, Octane",3550000,2020,1800.0,51000,6,8500.0,0.8884228187919463,0.027181208053691275,High
Toyota Corolla WXB Black 4 Point 2021,Toyota,Corolla,Automatic,Hybrid,3150000,2021,1800.0,122900,5,24580.0,0.8884228187919463,0.04848993288590604,Medium
Toyota Hiace HIGHROOF AMBULANCE 2023,Toyota,Hiace,Automatic,"Petrol, Octane",3100000,2023,2000.0,78520,3,26173.333333333332,0.8884228187919463,0.09429530201342282,Medium
Toyota Fielder EX 2020,Toyota,Fielder,Automatic,"Hybrid, Octane",2370000,2020,1500.0,47000,6,7833.333333333333,0.8884228187919463,0.057885906040268456,Medium
Toyota Fielder NON HYBRID EX PUSH 2020,Toyota,Fielder,Automatic,"Hybrid, Octane",2700000,2020,1500.0,66895,6,11149.166666666666,0.8884228187919463,0.057885906040268456,Medium
Toyota Esquire GI-PREMIUM CEL-TV 2021,Toyota,Esquire,Automatic,"Petrol, Hybrid, Octane",4200000,2021,1800.0,76920,5,15384.0,0.8884228187919463,0.05855704697986577,High
Toyota Corolla Cross Z-LEATHER HY HARD TP 2022,Toyota,Corolla Cross,Automatic,"Petrol, Hybrid, Octane",4600000,2022,1800.0,45676,4,11419.0,0.8884228187919463,0.07097315436241611,Luxury
Toyota Premio F-L 2020,Toyota,Premio,Automatic,Octane,3850000,2020,1500.0,105011,6,17501.833333333332,0.8884228187919463,0.05285234899328859,High
Toyota Prius S LED Fixed Price 2020,Toyota,Prius,Automatic,"Petrol, Hybrid, Octane",2900000,2020,1800.0,105000,6,17500.0,0.8884228187919463,0.029865771812080538,Medium
Toyota Prius S Package 2020,Toyota,Prius,Automatic,"Hybrid, Octane",3100000,2020,1800.0,20000,6,3333.3333333333335,0.8884228187919463,0.029865771812080538,Medium
Toyota Hiace SUPER GL 2DR PW PUSH 2021,Toyota,Hiace,Automatic,"Petrol, Octane",4500000,2021,2000.0,87485,5,17497.0,0.8884228187919463,0.09429530201342282,Luxury
Toyota Corolla Cross Z Hybrid 2022,Toyota,Corolla Cross,Automatic,"Hybrid, Octane",4550000,2022,1800.0,41645,4,10411.25,0.8884228187919463,0.07097315436241611,Luxury
Toyota Noah HYBRID SI WXB-3 2020,Toyota,Noah,Automatic,"Petrol, Hybrid, Octane",3650000,2020,1800.0,57748,6,9624.666666666666,0.8884228187919463,0.10671140939597315,High
Toyota Prius A T S PKG 2018,Toyota,Prius,Automatic,"Hybrid, Octane",3000000,2018,1790.0,70905,8,8863.125,0.8884228187919463,0.029865771812080538,Medium
Toyota Voxy S-Z PACKAGE HYBRID 2022,Toyota,Voxy,Automatic,Hybrid,4130000,2022,1800.0,29543,4,7385.75,0.8884228187919463,0.027348993288590605,High
Toyota Noah SI WXB HYBRID 2020,Toyota,Noah,Automatic,"Hybrid, Octane",3380000,2020,1800.0,32752,6,5458.666666666667,0.8884228187919463,0.10671140939597315,Medium
Toyota Esquire HV-GI PREMIUM-PKG 2020,Toyota,Esquire,Automatic,Hybrid,3900000,2020,1800.0,77123,6,12853.833333333334,0.8884228187919463,0.05855704697986577,High
Toyota Noah X Non Hybrid Key 2020,Toyota,Noah,Automatic,Octane,3500000,2020,2000.0,95176,6,15862.666666666666,0.8884228187919463,0.10671140939597315,High
Toyota Fielder EX White 3.5116k km 2020,Toyota,Fielder,Automatic,Petrol,2790000,2020,1500.0,116000,6,19333.333333333332,0.8884228187919463,0.057885906040268456,Medium
Toyota Noah X Silver 457900 km 2021,Toyota,Noah,Automatic,Hybrid,3550000,2021,1800.0,57900,5,11580.0,0.8884228187919463,0.10671140939597315,High
Toyota Hiace DX Silver R85000 km 2020,Toyota,Hiace,Automatic,Petrol,3280000,2020,2000.0,85000,6,14166.666666666666,0.8884228187919463,0.09429530201342282,Medium
Toyota Corolla Cross Z Massive Grey S5km 2025,Toyota,Corolla Cross,Automatic,Hybrid,6450000,2025,1800.0,5,1,5.0,0.8884228187919463,0.07097315436241611,Luxury
Toyota Hiace Ambulance Highrof DX 2020,Toyota,Hiace,Automatic,Petrol,3150000,2020,2000.0,101000,6,16833.333333333332,0.8884228187919463,0.09429530201342282,Medium
Toyota Noah Hybrid G Pkg Pearl 2020,Toyota,Noah,Automatic,Hybrid,3400000,2020,1800.0,72800,6,12133.333333333334,0.8884228187919463,0.10671140939597315,High
Toyota Noah Hybrid X Pkg Pearl 2020,Toyota,Noah,Automatic,Hybrid,3350000,2020,1800.0,94900,6,15816.666666666666,0.8884228187919463,0.10671140939597315,Medium
Toyota Fielder EX Silver 3.592k km 2020,Toyota,Fielder,Automatic,Hybrid,2430000,2020,1500.0,92000,6,15333.333333333334,0.8884228187919463,0.057885906040268456,Medium
Toyota Harrier Hybrid Z Pkg Black 2023,Toyota,Harrier,Automatic,Hybrid,9450000,2023,2500.0,16000,3,5333.333333333333,0.8884228187919463,0.03976510067114094,Luxury
Toyota Noah Hybrid G Pkg Wine 2020,Toyota,Noah,Automatic,Hybrid,3380000,2020,1800.0,126400,6,21066.666666666668,0.8884228187919463,0.10671140939597315,Medium
Toyota Fielder EX Silver RA89k km 2020,Toyota,Fielder,Automatic,Petrol,2820000,2020,1500.0,89000,6,14833.333333333334,0.8884228187919463,0.057885906040268456,Medium
Toyota Hiace SUPER GL DARK PRIME 2020,Toyota,Hiace,Automatic,"Petrol, Octane",4320000,2020,2000.0,58000,6,9666.666666666666,0.8884228187919463,0.09429530201342282,High
Toyota Corolla Cross Z LEATHER 2022,Toyota,Corolla Cross,Automatic,"Petrol, Hybrid, Octane",4400000,2022,1800.0,79000,4,19750.0,0.8884228187919463,0.07097315436241611,High
Toyota Esquire XI HYBRID PEARL 2020,Toyota,Esquire,Automatic,"Petrol, Hybrid, Octane",3550000,2020,1800.0,145577,6,24262.833333333332,0.8884228187919463,0.05855704697986577,High
Toyota Hiace Super GL 2020,Toyota,Hiace,Automatic,"Petrol, Octane",4420000,2020,2000.0,59000,6,9833.333333333334,0.8884228187919463,0.09429530201342282,Luxury
Toyota Allion A15 2020,Toyota,Allion,Automatic,"Petrol, Octane",3550000,2020,1500.0,86647,6,14441.166666666666,0.8884228187919463,0.03120805369127517,High
Toyota Premio Fex 2021,Toyota,Premio,Automatic,"Petrol, Octane",4950000,2021,1500.0,23550,5,4710.0,0.8884228187919463,0.05285234899328859,Luxury
Toyota Noah S-Z 2022,Toyota,Noah,Automatic,"Petrol, Hybrid, Octane",4520000,2022,1800.0,83000,4,20750.0,0.8884228187919463,0.10671140939597315,Luxury
Toyota Axio EX Hybrid-Grade-4.5 2020,Toyota,Axio,Automatic,"Petrol, Hybrid, Octane",2550000,2020,1500.0,25000,6,4166.666666666667,0.8884228187919463,0.10939597315436242,Medium
Toyota Allion A15 2020,Toyota,Allion,Automatic,"Petrol, Octane",3650000,2020,1500.0,55000,6,9166.666666666666,0.8884228187919463,0.03120805369127517,High
Toyota Corolla Cross Z LEATHER 2022,Toyota,Corolla Cross,Automatic,"Petrol, Hybrid, Octane",4450000,2022,1800.0,66000,4,16500.0,0.8884228187919463,0.07097315436241611,Luxury
Toyota Corolla Cross Z LEATHER 2022,Toyota,Corolla Cross,Automatic,"Petrol, Hybrid, Octane",4400000,2022,1800.0,69000,4,17250.0,0.8884228187919463,0.07097315436241611,High
Honda Grace Lx 2020,Honda,Grace,Automatic,"Petrol, Hybrid, Octane",2650000,2020,1500.0,67392,6,11232.0,0.0424496644295302,0.0038590604026845637,Medium
Toyota Premio F-EX PEARL  AP-4.5 2020,Toyota,Premio,Automatic,"Petrol, Octane",4600000,2020,1500.0,48000,6,8000.0,0.8884228187919463,0.05285234899328859,Luxury
Toyota Corolla Cross Z LEATHER 2022,Toyota,Corolla Cross,Automatic,"Petrol, Hybrid, Octane",4250000,2022,1800.0,54000,4,13500.0,0.8884228187919463,0.07097315436241611,High
Toyota Corolla Hybrid GX TOURING 2021,Toyota,Corolla,Automatic,Hybrid,2400000,2021,1800.0,48462,5,9692.4,0.8884228187919463,0.04848993288590604,Medium
Toyota RAV4 Hybrid X package 2021,Toyota,RAV4,Automatic,Hybrid,5150000,2021,2500.0,132,5,26.4,0.8884228187919463,0.009731543624161074,Luxury
Toyota Harrier HYBRID S package 2021,Toyota,Harrier,Automatic,Hybrid,6000000,2021,2500.0,123,5,24.6,0.8884228187919463,0.03976510067114094,Luxury
Toyota Land Cruiser PRADO TX-L 2021,Toyota,Land Cruiser,Automatic,Octane,12500000,2021,2800.0,46620,5,9324.0,0.8884228187919463,0.008557046979865772,Luxury
Toyota Premio FL SILVER 2020,Toyota,Premio,Automatic,Petrol,3950000,2020,1500.0,66200,6,11033.333333333334,0.8884228187919463,0.05285234899328859,High
Toyota Noah SI WXB NON HYBRID 2020,Toyota,Noah,Automatic,"Petrol, Octane",3950000,2020,2000.0,79562,6,13260.333333333334,0.8884228187919463,0.10671140939597315,High
Toyota Premio F-EX PEARL AP 4.5 2020,Toyota,Premio,Automatic,"Petrol, Octane",4560000,2020,1500.0,39270,6,6545.0,0.8884228187919463,0.05285234899328859,Luxury
Toyota Axio EX HYBRID SILVER 2020,Toyota,Axio,Automatic,Hybrid,2250000,2020,1500.0,172000,6,28666.666666666668,0.8884228187919463,0.10939597315436242,Low
Toyota Noah G HYBRID AP 4.5 2020,Toyota,Noah,Automatic,Hybrid,3530000,2020,1800.0,19360,6,3226.6666666666665,0.8884228187919463,0.10671140939597315,High
Toyota C-HR G LED RED AP 4.5 2021,Toyota,C-HR,Automatic,Hybrid,3370000,2021,1800.0,43670,5,8734.0,0.8884228187919463,0.027181208053691275,Medium
Toyota Corolla Cross Z PKG FULL OPTION 2021,Toyota,Corolla Cross,Automatic,Hybrid,4450000,2021,1800.0,76180,5,15236.0,0.8884228187919463,0.07097315436241611,Luxury
Toyota Allion G PLUS 2020,Toyota,Allion,Automatic,Petrol,4450000,2020,1500.0,34000,6,5666.666666666667,0.8884228187919463,0.03120805369127517,Luxury
Toyota Esquire GI NON HYBRID BLACK 2020,Toyota,Esquire,Automatic,"Petrol, Octane",4250000,2020,2000.0,36913,6,6152.166666666667,0.8884228187919463,0.05855704697986577,High
Toyota Esquire XI NON HYBRID PEARL 2020,Toyota,Esquire,Automatic,"Petrol, Octane",3880000,2020,2000.0,63710,6,10618.333333333334,0.8884228187919463,0.05855704697986577,High
Toyota Corolla Cross Z LEATHER PEARL 2025,Toyota,Corolla Cross,Automatic,Petrol,5750000,2025,1800.0,4100,1,4100.0,0.8884228187919463,0.07097315436241611,Luxury
Toyota Aqua S STYLE WHITE AP 4.5 2020,Toyota,Aqua,Automatic,Hybrid,1950000,2020,1500.0,38190,6,6365.0,0.8884228187919463,0.015771812080536914,Low
Toyota Axio WXB HYBRID PEARL AP4 2019,Toyota,Axio,Automatic,Hybrid,2880000,2019,1500.0,78340,7,11191.42857142857,0.8884228187919463,0.10939597315436242,Medium
Toyota Esquire GI PREMIUM HYBRID 2020,Toyota,Esquire,Automatic,Hybrid,3880000,2020,1800.0,51390,6,8565.0,0.8884228187919463,0.05855704697986577,High
Toyota Noah SI WXB HYBRID 2020,Toyota,Noah,Automatic,Hybrid,3620000,2020,1800.0,39000,6,6500.0,0.8884228187919463,0.10671140939597315,High
Toyota Axio X NEW SHAPE 2015,Toyota,Axio,Automatic,Octane,1930000,2015,1500.0,75800,11,6890.909090909091,0.8884228187919463,0.10939597315436242,Low
Honda CR-V EX Masterpeice Pearl 2019,Honda,CR-V,Automatic,Petrol,5750000,2019,1500.0,30000,7,4285.714285714285,0.0424496644295302,0.011241610738255034,Luxury
Toyota Hiace DX Silver 475000 km 2020,Toyota,Hiace,Automatic,Petrol,3270000,2020,2000.0,75000,6,12500.0,0.8884228187919463,0.09429530201342282,Medium
Toyota Esquire Gi Mica Blue 4106k 2020,Toyota,Esquire,Automatic,Hybrid,3850000,2020,1800.0,106000,6,17666.666666666668,0.8884228187919463,0.05855704697986577,High
Toyota Corolla GX Blue 4122k km 2020,Toyota,Corolla,Automatic,Hybrid,2780000,2020,1800.0,122000,6,20333.333333333332,0.8884228187919463,0.04848993288590604,Medium
Toyota Esquire GI Premium Black 2019,Toyota,Esquire,Automatic,Hybrid,3880000,2019,1800.0,80500,7,11500.0,0.8884228187919463,0.05855704697986577,High
Toyota Harrier Premium Black4.546k 2020,Toyota,Harrier,Automatic,Petrol,7220000,2020,2000.0,46000,6,7666.666666666667,0.8884228187919463,0.03976510067114094,Luxury
Toyota Premio F White R139000 km 2020,Toyota,Premio,Automatic,Petrol,3800000,2020,1500.0,139000,6,23166.666666666668,0.8884228187919463,0.05285234899328859,High
Toyota Noah X Silver 3.5176k km 2020,Toyota,Noah,Automatic,Hybrid,3080000,2020,1800.0,176000,6,29333.333333333332,0.8884228187919463,0.10671140939597315,Medium
Toyota Premio FL Silver 4105k km 2020,Toyota,Premio,Automatic,Petrol,4150000,2020,1500.0,105000,6,17500.0,0.8884228187919463,0.05285234899328859,High
Toyota Corolla Cross Z Pearl 4.537000 km 2021,Toyota,Corolla Cross,Automatic,Hybrid,4580000,2021,1800.0,37000,5,7400.0,0.8884228187919463,0.07097315436241611,Luxury
Toyota Corolla Sports G Pkg Pearl 2019,Toyota,Corolla,Automatic,Hybrid,2790000,2019,1800.0,66500,7,9500.0,0.8884228187919463,0.04848993288590604,Medium
Toyota Hiace S.GL Silver RA94k 2020,Toyota,Hiace,Automatic,Petrol,4050000,2020,2000.0,94000,6,15666.666666666666,0.8884228187919463,0.09429530201342282,High
Toyota Harrier Z Black Non Hybrid 2022,Toyota,Harrier,Automatic,Petrol,9150000,2022,2000.0,38900,4,9725.0,0.8884228187919463,0.03976510067114094,Luxury
Toyota Corolla Cross Z Grey 527000 km 2022,Toyota,Corolla Cross,Automatic,Hybrid,4950000,2022,1800.0,27000,4,6750.0,0.8884228187919463,0.07097315436241611,Luxury
Toyota Harrier Z Pearl 4.553000 km 2020,Toyota,Harrier,Automatic,Petrol,8050000,2020,2000.0,53000,6,8833.333333333334,0.8884228187919463,0.03976510067114094,Luxury
Toyota Hiace DXGL White 3.5100k 2020,Toyota,Hiace,Automatic,Petrol,3280000,2020,2000.0,100000,6,16666.666666666668,0.8884228187919463,0.09429530201342282,Medium
Toyota Corolla Cross Z Black 4.535000 km 2022,Toyota,Corolla Cross,Automatic,Hybrid,5030000,2022,1800.0,35000,4,8750.0,0.8884228187919463,0.07097315436241611,Luxury
Toyota Alphard Executive Lou. Black 2020,Toyota,Alphard,Automatic,Hybrid,10900000,2020,2500.0,48000,6,8000.0,0.8884228187919463,0.0050335570469798654,Luxury
Nissan X-Trail XFORCE Black New 2023,Nissan,X-Trail,Automatic,Hybrid,6870000,2023,1500.0,43000,3,14333.333333333334,0.02365771812080537,0.015436241610738255,Luxury
Toyota Corolla Cross Z Grey 4.514000 km 2022,Toyota,Corolla Cross,Automatic,Hybrid,4890000,2022,1800.0,14000,4,3500.0,0.8884228187919463,0.07097315436241611,Luxury
Toyota Corolla Cross Z Blue 532000 km 2022,Toyota,Corolla Cross,Automatic,Hybrid,4790000,2022,1800.0,32000,4,8000.0,0.8884228187919463,0.07097315436241611,Luxury
Toyota Corolla Cross Z Black 3.569000 km 2022,Toyota,Corolla Cross,Automatic,Hybrid,4470000,2022,1800.0,69000,4,17250.0,0.8884228187919463,0.07097315436241611,Luxury
Toyota Corolla Cross Z Black 4.534000 km 2022,Toyota,Corolla Cross,Automatic,Hybrid,4700000,2022,1800.0,34000,4,8500.0,0.8884228187919463,0.07097315436241611,Luxury
Toyota Noah SZ Pearl 4.533k km 2023,Toyota,Noah,Automatic,Hybrid,5450000,2023,1800.0,33000,3,11000.0,0.8884228187919463,0.10671140939597315,Luxury
Toyota Hiace Super GL Dark Prime2 2024,Toyota,Hiace,Automatic,Petrol,5680000,2024,2000.0,26000,2,13000.0,0.8884228187919463,0.09429530201342282,Luxury
Toyota Hiace Super GL Dark Prime2 2021,Toyota,Hiace,Automatic,Petrol,4850000,2021,2000.0,19000,5,3800.0,0.8884228187919463,0.09429530201342282,Luxury
Toyota Noah G Black 4.577k km 2020,Toyota,Noah,Automatic,Hybrid,3770000,2020,1800.0,77000,6,12833.333333333334,0.8884228187919463,0.10671140939597315,High
Toyota Premio FEX Silver 2020,Toyota,Premio,Automatic,Petrol,4730000,2020,1500.0,3000,6,500.0,0.8884228187919463,0.05285234899328859,Luxury
Toyota Axio EX White R35800 km 2020,Toyota,Axio,Automatic,Petrol,2800000,2020,1500.0,35800,6,5966.666666666667,0.8884228187919463,0.10939597315436242,Medium
Toyota Voxy Petrol ZSKi MicaBlue 2020,Toyota,Voxy,Automatic,Petrol,4050000,2020,2000.0,102000,6,17000.0,0.8884228187919463,0.027348993288590605,High
Toyota Hiace High-Roof Ambulance 2020,Toyota,Hiace,Automatic,"Petrol, Octane",3050000,2020,2000.0,60772,6,10128.666666666666,0.8884228187919463,0.09429530201342282,Medium
Toyota Corolla Cross Z Pearl 4.568000 km 2022,Toyota,Corolla Cross,Automatic,Hybrid,4780000,2022,1800.0,68000,4,17000.0,0.8884228187919463,0.07097315436241611,Luxury
Toyota Corolla Cross Z Leather Hybrid 5 2025,Toyota,Corolla Cross,Automatic,"Petrol, Hybrid, Octane",5800000,2025,1800.0,12,1,12.0,0.8884228187919463,0.07097315436241611,Luxury
Honda Grace LX Pearl Non Hybrid 2020,Honda,Grace,Automatic,Petrol,2950000,2020,1500.0,68500,6,11416.666666666666,0.0424496644295302,0.0038590604026845637,Medium
Toyota Noah X NON HYBRID 2021,Toyota,Noah,Automatic,"Petrol, Octane",3700000,2021,2000.0,78520,5,15704.0,0.8884228187919463,0.10671140939597315,High
Toyota Hiace SUPER GL 2021,Toyota,Hiace,Automatic,"Petrol, Octane",4650000,2021,2000.0,78542,5,15708.4,0.8884228187919463,0.09429530201342282,Luxury
Toyota Axio EX NON HYBRID 2020,Toyota,Axio,Automatic,"Petrol, Octane",2700000,2020,1500.0,86520,6,14420.0,0.8884228187919463,0.10939597315436242,Medium
Toyota Yaris Cross Z Leather Hybrid 4.5 2021,Toyota,Yaris Cross,Automatic,"Petrol, Hybrid, Octane",3600000,2021,1500.0,69932,5,13986.4,0.8884228187919463,0.02097315436241611,High
Toyota Axio EX PKG 2020,Toyota,Axio,Automatic,"Petrol, Hybrid, Octane",2150000,2020,1500.0,65240,6,10873.333333333334,0.8884228187919463,0.10939597315436242,Low
Toyota Fielder EX PKG 2020,Toyota,Fielder,Automatic,"Petrol, Hybrid, Octane",2700000,2020,1500.0,53124,6,8854.0,0.8884228187919463,0.057885906040268456,Medium
Toyota Hiace SUPER GL 2020,Toyota,Hiace,Automatic,"Petrol, Octane",3950000,2020,2000.0,79652,6,13275.333333333334,0.8884228187919463,0.09429530201342282,High
Toyota Hiace DX 2021,Toyota,Hiace,Automatic,"Petrol, Octane",3100000,2021,2000.0,95642,5,19128.4,0.8884228187919463,0.09429530201342282,Medium
Toyota Fielder EX 2020,Toyota,Fielder,Automatic,"Petrol, Hybrid, Octane",2300000,2020,1500.0,55000,6,9166.666666666666,0.8884228187919463,0.057885906040268456,Low
Toyota Hiace SUPER GL 2022,Toyota,Hiace,Automatic,"Petrol, Octane",4550000,2022,2000.0,80000,4,20000.0,0.8884228187919463,0.09429530201342282,Luxury
Toyota Hiace GL 4 point 2020,Toyota,Hiace,Automatic,"Petrol, Octane",3500000,2020,2000.0,75175,6,12529.166666666666,0.8884228187919463,0.09429530201342282,High
Toyota C-HR G HYBRID 2020,Toyota,C-HR,Automatic,"Petrol, Hybrid, Octane",3400000,2020,1800.0,45021,6,7503.5,0.8884228187919463,0.027181208053691275,High
Toyota Voxy S-Z PKG 5 Grade 2024,Toyota,Voxy,Automatic,"Petrol, Hybrid, Octane",6000000,2024,1800.0,6000,2,3000.0,0.8884228187919463,0.027348993288590605,Luxury
Toyota Voxy S-Z 2022,Toyota,Voxy,Automatic,"Petrol, Hybrid, Octane",5500000,2022,1800.0,1900,4,475.0,0.8884228187919463,0.027348993288590605,Luxury
Toyota RAV4 G PKG 4.5 BLACK 2020,Toyota,RAV4,Automatic,Octane,6850000,2020,2000.0,56493,6,9415.5,0.8884228187919463,0.009731543624161074,Luxury
Toyota Fielder Hybrid 4 POINT 2020,Toyota,Fielder,Automatic,Hybrid,2320000,2020,1500.0,90361,6,15060.166666666666,0.8884228187919463,0.057885906040268456,Low
Toyota Axio Hybrid Ex Push 2020,Toyota,Axio,Automatic,Hybrid,2180000,2020,1500.0,125839,6,20973.166666666668,0.8884228187919463,0.10939597315436242,Low
Toyota Fielder Ex Hybrid Push 2021,Toyota,Fielder,Automatic,Hybrid,2500000,2021,1500.0,77249,5,15449.8,0.8884228187919463,0.057885906040268456,Medium
Toyota Hiace Original GL 2020,Toyota,Hiace,Automatic,"Petrol, Octane",3480000,2020,2000.0,83270,6,13878.333333333334,0.8884228187919463,0.09429530201342282,High
Toyota Axio EX HYBRID DHAKAREADY 2020,Toyota,Axio,Automatic,"Hybrid, Octane",22800000,2020,1500.0,84678,6,14113.0,0.8884228187919463,0.10939597315436242,Luxury
Toyota Corolla Cross Z-LEATHER HYBRID 2021,Toyota,Corolla Cross,Automatic,"Hybrid, Octane",4150000,2021,1800.0,69000,5,13800.0,0.8884228187919463,0.07097315436241611,High
Toyota Hiace DX 2021,Toyota,Hiace,Automatic,Octane,3360000,2021,2000.0,75896,5,15179.2,0.8884228187919463,0.09429530201342282,Medium
Toyota Fielder EX HYBRID DHAKAREADY 2020,Toyota,Fielder,Automatic,"Hybrid, Octane",2430000,2020,1500.0,58946,6,9824.333333333334,0.8884228187919463,0.057885906040268456,Medium
Toyota Corolla Cross Z-LEATHER HYBRID 2021,Toyota,Corolla Cross,Automatic,"Hybrid, Octane",4260000,2021,1800.0,42963,5,8592.6,0.8884228187919463,0.07097315436241611,High
Mitsubishi l200 Double Cabin 2005,Mitsubishi,l200,Manual,Diesel,799000,2005,2500.0,90000,21,4285.714285714285,0.012583892617449664,0.0015100671140939597,Low
Toyota Voxy S-Z 2022,Toyota,Voxy,Automatic,"Hybrid, Octane",4650000,2022,1800.0,26000,4,6500.0,0.8884228187919463,0.027348993288590605,Luxury
Toyota Hiace DX 2020,Toyota,Hiace,Automatic,Octane,3220000,2020,2000.0,81459,6,13576.5,0.8884228187919463,0.09429530201342282,Medium
Ford 2010,Ford,Other Model,Manual,Diesel,1350000,2010,2000.0,77000,16,4812.5,0.0003355704697986577,0.005369127516778523,Low
Toyota Noah X NON HYBRID 2022,Toyota,Noah,Automatic,Octane,5270000,2022,2000.0,70100,4,17525.0,0.8884228187919463,0.10671140939597315,Luxury
Toyota Hiace GL DUAL AC READY 2020,Toyota,Hiace,Automatic,Octane,3190000,2020,2000.0,79352,6,13225.333333333334,0.8884228187919463,0.09429530201342282,Medium
Toyota Fielder EX 2021,Toyota,Fielder,Automatic,"Hybrid, Octane",2400000,2021,1500.0,36589,5,7317.8,0.8884228187919463,0.057885906040268456,Medium
Toyota Fielder Non HybridEX-4-AP 2020,Toyota,Fielder,Automatic,"Petrol, Octane",2800000,2020,1500.0,75000,6,12500.0,0.8884228187919463,0.057885906040268456,Medium
Toyota Hiace SUPER GL ARO KT 2D P 2022,Toyota,Hiace,Automatic,"Petrol, Octane",4700000,2022,2000.0,73215,4,18303.75,0.8884228187919463,0.09429530201342282,Luxury
Toyota Aqua S HYBRID SCHOOL CAR 2020,Toyota,Aqua,Automatic,"Petrol, Hybrid, Octane",1950000,2020,1500.0,87419,6,14569.833333333334,0.8884228187919463,0.015771812080536914,Low
Toyota Fielder Ex Metallic Blue 2020,Toyota,Fielder,Automatic,"Petrol, Hybrid, Octane",2300000,2020,1500.0,83000,6,13833.333333333334,0.8884228187919463,0.057885906040268456,Low
Toyota Hiace SUPER-GL DPS 2DP P-4 2021,Toyota,Hiace,Automatic,"Petrol, Octane",4500000,2021,2000.0,117086,5,23417.2,0.8884228187919463,0.09429530201342282,Luxury
Toyota Premio F-L 2020,Toyota,Premio,Automatic,Octane,4600000,2020,1500.0,30000,6,5000.0,0.8884228187919463,0.05285234899328859,Luxury
Toyota Noah Non Hybrid 8 Seat 2021,Toyota,Noah,Automatic,"Petrol, Octane",3680000,2021,2000.0,94000,5,18800.0,0.8884228187919463,0.10671140939597315,High
Toyota Esquire Gi Premium 4.5 Grade 2020,Toyota,Esquire,Automatic,"Petrol, Hybrid, Octane",3890000,2020,1800.0,128000,6,21333.333333333332,0.8884228187919463,0.05855704697986577,High
Toyota C-HR G-LED HY NEW SHAPE 2020,Toyota,C-HR,Automatic,"Petrol, Hybrid, Octane",3600000,2020,1800.0,69812,6,11635.333333333334,0.8884228187919463,0.027181208053691275,High
Toyota Noah G Push 2 Door Power 2020,Toyota,Noah,Automatic,"Petrol, Hybrid, Octane",3150000,2020,1800.0,105000,6,17500.0,0.8884228187919463,0.10671140939597315,Medium
Nissan X-Trail Non Hybrid 7 Seat 2020,Nissan,X-Trail,Automatic,"Petrol, Octane",4900000,2020,2000.0,28000,6,4666.666666666667,0.02365771812080537,0.015436241610738255,Luxury
Honda CR-V EX MASTERPIES 2019,Honda,CR-V,Automatic,Octane,5800000,2019,1500.0,48513,7,6930.428571428572,0.0424496644295302,0.011241610738255034,Luxury
Toyota Hiace Super GL Projection 2020,Toyota,Hiace,Automatic,"Petrol, Octane",3900000,2020,2000.0,41000,6,6833.333333333333,0.8884228187919463,0.09429530201342282,High
Toyota Corolla Cross Z-L MOON ROOF 360CAM 2022,Toyota,Corolla Cross,Automatic,"Petrol, Hybrid, Octane",5100000,2022,1800.0,35014,4,8753.5,0.8884228187919463,0.07097315436241611,Luxury
Toyota Aqua S-STYEL HYBRID PUSH 2020,Toyota,Aqua,Automatic,"Petrol, Hybrid, Octane",1950000,2020,1500.0,63925,6,10654.166666666666,0.8884228187919463,0.015771812080536914,Low
Toyota Noah S-Z 2025,Toyota,Noah,Automatic,"Hybrid, Octane",5500000,2025,1800.0,2732,1,2732.0,0.8884228187919463,0.10671140939597315,Luxury
Toyota Aqua S-Style Hybrid GP-4 2020,Toyota,Aqua,Automatic,"Petrol, Hybrid, Octane",2190000,2020,1500.0,93218,6,15536.333333333334,0.8884228187919463,0.015771812080536914,Low
Toyota Esquire GI HYBRI PUSH 1DR PW 2020,Toyota,Esquire,Automatic,"Petrol, Hybrid, Octane",3500000,2020,1800.0,65845,6,10974.166666666666,0.8884228187919463,0.05855704697986577,High
Toyota Corolla Cross Z-LEATHER HY HARD TP 2022,Toyota,Corolla Cross,Automatic,"Petrol, Hybrid, Octane",4650000,2022,1800.0,68750,4,17187.5,0.8884228187919463,0.07097315436241611,Luxury
Toyota Axio EX HYBRID PUSH GP-4 2021,Toyota,Axio,Automatic,"Petrol, Hybrid, Octane",2800000,2021,1500.0,53303,5,10660.6,0.8884228187919463,0.10939597315436242,Medium
Toyota Corolla WXB HY FULL LOADED 2021,Toyota,Corolla,Automatic,"Petrol, Hybrid, Octane",3300000,2021,1800.0,45870,5,9174.0,0.8884228187919463,0.04848993288590604,Medium
Toyota Axio EX NON HYBRID PUSH 2020,Toyota,Axio,Automatic,"Petrol, Octane",2650000,2020,1500.0,87540,6,14590.0,0.8884228187919463,0.10939597315436242,Medium
Toyota Noah SZ HB LEG REST 4.5PT 2023,Toyota,Noah,Automatic,Hybrid,5400000,2023,1800.0,29000,3,9666.666666666666,0.8884228187919463,0.10671140939597315,Luxury
Honda CR-V EX Masterpiece 2020,Honda,CR-V,Automatic,Octane,5700000,2020,1500.0,52000,6,8666.666666666666,0.0424496644295302,0.011241610738255034,Luxury
Toyota Hiace GL SILVER 2020,Toyota,Hiace,Automatic,Octane,3200000,2020,2000.0,68503,6,11417.166666666666,0.8884228187919463,0.09429530201342282,Medium
Toyota Esquire GI HYBRID 2021,Toyota,Esquire,Automatic,"Hybrid, Octane",3430000,2021,1800.0,45231,5,9046.2,0.8884228187919463,0.05855704697986577,High
Toyota Noah SI WXB NON HYBRID 2020,Toyota,Noah,Automatic,"Petrol, Octane",3800000,2020,2000.0,45239,6,7539.833333333333,0.8884228187919463,0.10671140939597315,High
Toyota Yaris Cross HYBRID G WINE3T3 2021,Toyota,Yaris Cross,Automatic,"Petrol, Hybrid, Octane",3550000,2021,1500.0,45023,5,9004.6,0.8884228187919463,0.02097315436241611,High
Toyota Corolla Cross Z LEATHER PANORAMIC 2021,Toyota,Corolla Cross,Automatic,Hybrid,4490000,2021,1800.0,23198,5,4639.6,0.8884228187919463,0.07097315436241611,Luxury
Toyota Fielder PUSH EX NON HYBRID 2020,Toyota,Fielder,Automatic,Octane,2650000,2020,1500.0,125399,6,20899.833333333332,0.8884228187919463,0.057885906040268456,Medium
Toyota Hiace PUSH SUPER GL 2020,Toyota,Hiace,Automatic,Octane,4300000,2020,2000.0,75278,6,12546.333333333334,0.8884228187919463,0.09429530201342282,High
Honda Insight EX PUSH START HYBRID 2021,Honda,Insight,Automatic,Hybrid,3700000,2021,1500.0,123555,5,24711.0,0.0424496644295302,0.015100671140939598,High
Toyota Harrier PREMIUM ADVANCED PKG 2015,Toyota,Harrier,Automatic,Hybrid,4600000,2015,2500.0,60763,11,5523.909090909091,0.8884228187919463,0.03976510067114094,Luxury
Toyota Prado tx-l ready showroom 2022,Toyota,Prado,Automatic,"Petrol, Octane",17800000,2022,2700.0,36141,4,9035.25,0.8884228187919463,0.013926174496644295,Luxury
Honda Insight EX-PKG-HV 2019,Honda,Insight,Automatic,Hybrid,36800000,2019,1500.0,63477,7,9068.142857142857,0.0424496644295302,0.015100671140939598,Luxury
Toyota Esquire GI-PREMIUM-HV 2020,Toyota,Esquire,Automatic,Hybrid,3900000,2020,1800.0,77987,6,12997.833333333334,0.8884228187919463,0.05855704697986577,High
Toyota Esquire GI PREMIUM HV-UNIT 2020,Toyota,Esquire,Automatic,Hybrid,3900000,2020,1800.0,77933,6,12988.833333333334,0.8884228187919463,0.05855704697986577,High
Toyota Esquire GI PREMIUM HYBRID 2020,Toyota,Esquire,Automatic,Hybrid,3700000,2020,1800.0,97653,6,16275.5,0.8884228187919463,0.05855704697986577,High
Toyota C-HR G LED PKG 2019,Toyota,C-HR,Automatic,Hybrid,3380000,2019,1800.0,31300,7,4471.428571428572,0.8884228187919463,0.027181208053691275,Medium
Honda Insight EX BLACK STYLE HV 2020,Honda,Insight,Automatic,Hybrid,3850000,2020,1500.0,95003,6,15833.833333333334,0.0424496644295302,0.015100671140939598,High
Toyota Esquire GI PREMIUM HYBRID 2020,Toyota,Esquire,Automatic,Hybrid,3700000,2020,1800.0,63762,6,10627.0,0.8884228187919463,0.05855704697986577,High
Toyota Esquire GI PREMIUM-HYBRID 2020,Toyota,Esquire,Automatic,Hybrid,3800000,2020,1800.0,97444,6,16240.666666666666,0.8884228187919463,0.05855704697986577,High
Toyota Corolla Cross Z-Moonroof  360Cam 2021,Toyota,Corolla Cross,Automatic,"Hybrid, Octane",4550000,2021,1800.0,37000,5,7400.0,0.8884228187919463,0.07097315436241611,Luxury
Toyota Fielder EX-PACKAGE 2020,Toyota,Fielder,Automatic,Hybrid,2400000,2020,1500.0,88333,6,14722.166666666666,0.8884228187919463,0.057885906040268456,Medium
Toyota Esquire HV GI PREMIUM PUSH 2020,Toyota,Esquire,Automatic,Hybrid,3700000,2020,1800.0,63199,6,10533.166666666666,0.8884228187919463,0.05855704697986577,High
Toyota Axio NON HYBRID EX PUSH 2020,Toyota,Axio,Automatic,Octane,2600000,2020,1500.0,200512,6,33418.666666666664,0.8884228187919463,0.10939597315436242,Medium
Toyota Axio EX PUSH HYBRID 2020,Toyota,Axio,Automatic,Hybrid,2300000,2020,1500.0,114321,6,19053.5,0.8884228187919463,0.10939597315436242,Low
Toyota C-HR G-LED HY NEW SHAPE 2020,Toyota,C-HR,Automatic,"Petrol, Hybrid, Octane",3650000,2020,1800.0,57718,6,9619.666666666666,0.8884228187919463,0.027181208053691275,High
Toyota Axio Ex Push ALLOY RIM 2020,Toyota,Axio,Automatic,"Petrol, Hybrid, Octane",2450000,2020,1500.0,77902,6,12983.666666666666,0.8884228187919463,0.10939597315436242,Medium
Toyota Esquire 2020,Toyota,Esquire,Automatic,"Hybrid, Octane",3900000,2020,1800.0,25800,6,4300.0,0.8884228187919463,0.05855704697986577,High
Nissan X-Trail 20XI EBPHYBRID 2020,Nissan,X-Trail,Automatic,"Petrol, Hybrid, Octane",4000000,2020,2000.0,76985,6,12830.833333333334,0.02365771812080537,0.015436241610738255,High
Toyota Premio F-KEY START GP-4 2020,Toyota,Premio,Automatic,"Petrol, Hybrid, Octane",3850000,2020,1500.0,94561,6,15760.166666666666,0.8884228187919463,0.05285234899328859,High
Honda Insight EX HYBRID PUSH G-4.5 2020,Honda,Insight,Automatic,"Petrol, Hybrid, Octane",4100000,2020,1500.0,45271,6,7545.166666666667,0.0424496644295302,0.015100671140939598,High
Toyota Fielder Ex Non-HVPUSH START 2020,Toyota,Fielder,Automatic,"Petrol, Octane",2700000,2020,1500.0,62000,6,10333.333333333334,0.8884228187919463,0.057885906040268456,Medium
Toyota Esquire Gi 2 Door Power 2020,Toyota,Esquire,Automatic,"Petrol, Hybrid, Octane",3600000,2020,1800.0,36500,6,6083.333333333333,0.8884228187919463,0.05855704697986577,High
Honda Accord Octane 2020,Honda,Accord,Automatic,Octane,5450000,2020,1500.0,28000,6,4666.666666666667,0.0424496644295302,0.0006711409395973154,Luxury
Kia Seltos Octane 2019,Kia,Seltos,Automatic,Octane,2790000,2019,1600.0,82000,7,11714.285714285714,0.0008389261744966443,0.0003355704697986577,Medium
Haval H2 Octane 2020,Haval,H2,Automatic,Octane,2450000,2020,1500.0,18000,6,3000.0,0.001174496644295302,0.0006711409395973154,Medium
Honda City Octane 2021,Honda,City,Automatic,Octane,2490000,2021,1500.0,13000,5,2600.0,0.0424496644295302,0.0005033557046979866,Medium
Toyota Yaris Hybrid 2020,Toyota,Yaris,Automatic,"Petrol, Hybrid, Octane",3500000,2020,1500.0,4510,6,751.6666666666666,0.8884228187919463,0.003355704697986577,High
Honda City 2021,Honda,City,Automatic,Octane,2430000,2021,1500.0,13000,5,2600.0,0.0424496644295302,0.0005033557046979866,Medium
Toyota Yaris Cross Z-HYBRID 2021,Toyota,Yaris Cross,Automatic,"Petrol, Hybrid, Octane",3600000,2021,1500.0,44001,5,8800.2,0.8884228187919463,0.02097315436241611,High
Toyota Corolla Cross Z-HYBRID 2022,Toyota,Corolla Cross,Automatic,"Petrol, Hybrid, Octane",4800000,2022,1800.0,26700,4,6675.0,0.8884228187919463,0.07097315436241611,Luxury
Toyota Noah NON HYBRID X PKG... 2021,Toyota,Noah,Automatic,"Petrol, Octane",3850000,2021,2000.0,57908,5,11581.6,0.8884228187919463,0.10671140939597315,High
Toyota Harrier NON HYBRID 2022,Toyota,Harrier,Automatic,"Petrol, Octane",8200000,2022,2000.0,54013,4,13503.25,0.8884228187919463,0.03976510067114094,Luxury
Lexus RX 500h F SPORTS 2023,Lexus,RX,Automatic,"Petrol, Hybrid, Octane",20500000,2023,2400.0,11458,3,3819.3333333333335,0.0068791946308724835,0.0028523489932885905,Luxury
Toyota Prius A Premium TURING 2021,Toyota,Prius,Automatic,Hybrid,3800000,2021,1800.0,42700,5,8540.0,0.8884228187919463,0.029865771812080538,High
Toyota Hiace SUPER-GL DARK PRIME2 2022,Toyota,Hiace,Automatic,Octane,4750000,2022,2000.0,57000,4,14250.0,0.8884228187919463,0.09429530201342282,Luxury
Toyota Noah Sz Hybrid Brand New 2025,Toyota,Noah,Automatic,"Hybrid, Octane",6000000,2025,1800.0,2732,1,2732.0,0.8884228187919463,0.10671140939597315,Luxury
Toyota Hiace Super-GL Key start 2020,Toyota,Hiace,Automatic,"Petrol, Octane",4100000,2020,2000.0,70000,6,11666.666666666666,0.8884228187919463,0.09429530201342282,High
Toyota Noah S-Z Hybrid Pearl 2022,Toyota,Noah,Automatic,"Hybrid, Octane",5000000,2022,1800.0,52000,4,13000.0,0.8884228187919463,0.10671140939597315,Luxury
Toyota Noah Sz Hybrid Full Load 2022,Toyota,Noah,Automatic,"Hybrid, Octane",4600000,2022,1800.0,88000,4,22000.0,0.8884228187919463,0.10671140939597315,Luxury
Toyota Hiace Super-GL 2 door pwr 2020,Toyota,Hiace,Automatic,"Petrol, Octane",4400000,2020,2000.0,84000,6,14000.0,0.8884228187919463,0.09429530201342282,High
Toyota RAV4 G-PKGMODILISTA G-3.5 2020,Toyota,RAV4,Automatic,Hybrid,6600000,2020,2500.0,150000,6,25000.0,0.8884228187919463,0.009731543624161074,Luxury
Toyota Hiace SUPER-GL DARK PRIME2 2020,Toyota,Hiace,Automatic,Octane,4680000,2020,2000.0,86000,6,14333.333333333334,0.8884228187919463,0.09429530201342282,Luxury
Toyota Prius S pkg 2020,Toyota,Prius,Automatic,"Hybrid, Octane",3150000,2020,1800.0,51000,6,8500.0,0.8884228187919463,0.029865771812080538,Medium
Toyota Premio FL PACKAGE 4.5 GRADE 2020,Toyota,Premio,Automatic,"Petrol, Octane",4450000,2020,1490.0,37306,6,6217.666666666667,0.8884228187919463,0.05285234899328859,Luxury
Toyota Prius S SAFETY PLUS 2021,Toyota,Prius,Automatic,Hybrid,3600000,2021,1800.0,74000,5,14800.0,0.8884228187919463,0.029865771812080538,High
Toyota Noah X-NON HYBRID BLACK 2021,Toyota,Noah,Automatic,Octane,3730000,2021,2000.0,106000,5,21200.0,0.8884228187919463,0.10671140939597315,High
Toyota Fielder Ex Hybrid White 2020,Toyota,Fielder,Automatic,Hybrid,2350000,2020,1500.0,60125,6,10020.833333333334,0.8884228187919463,0.057885906040268456,Medium
Toyota Voxy ZS Kirameki 2 2020,Toyota,Voxy,Automatic,Hybrid,3450000,2020,1800.0,38700,6,6450.0,0.8884228187919463,0.027348993288590605,High
Toyota Hiace DX-ROOF AMBULANCE 2020,Toyota,Hiace,Automatic,Octane,3150000,2020,2000.0,60000,6,10000.0,0.8884228187919463,0.09429530201342282,Medium
Toyota Yaris Cross Z-Leather 2021,Toyota,Yaris Cross,Automatic,Hybrid,3700000,2021,1500.0,23000,5,4600.0,0.8884228187919463,0.02097315436241611,High
Toyota Axio EX 2020,Toyota,Axio,Automatic,"Petrol, Octane",3140000,2020,1500.0,19500,6,3250.0,0.8884228187919463,0.10939597315436242,Medium
Toyota Axio Ex 2020,Toyota,Axio,Automatic,Hybrid,2400000,2020,1500.0,33000,6,5500.0,0.8884228187919463,0.10939597315436242,Medium
Toyota Corolla Cross Z PACKAGE 2021,Toyota,Corolla Cross,Automatic,"Hybrid, Octane",4550000,2021,1790.0,34832,5,6966.4,0.8884228187919463,0.07097315436241611,Luxury
Toyota Harrier Progress PKG 2020,Toyota,Harrier,Automatic,Octane,7650000,2020,1980.0,29671,6,4945.166666666667,0.8884228187919463,0.03976510067114094,Luxury
Toyota Corolla Cross Z PKG PENOROMIC 2022,Toyota,Corolla Cross,Automatic,Hybrid,4850000,2022,1800.0,22000,4,5500.0,0.8884228187919463,0.07097315436241611,Luxury
Toyota Hiace GL SINGLE AC 73000KM 2021,Toyota,Hiace,Automatic,Octane,3300000,2021,2000.0,73000,5,14600.0,0.8884228187919463,0.09429530201342282,Medium
Toyota Axio EX PKG HYB 4 POINT 2020,Toyota,Axio,Automatic,Hybrid,2300000,2020,1500.0,127000,6,21166.666666666668,0.8884228187919463,0.10939597315436242,Low
Toyota Hiace GL SINGLE AC 74000KM 2021,Toyota,Hiace,Automatic,Octane,3300003,2021,1990.0,74000,5,14800.0,0.8884228187919463,0.09429530201342282,Medium
Toyota Corolla Cross Z Pearl Hardtop 2021,Toyota,Corolla Cross,Automatic,Hybrid,4570000,2021,1800.0,69000,5,13800.0,0.8884228187919463,0.07097315436241611,Luxury
Toyota Noah S-Z HYB FOOT REST 2023,Toyota,Noah,Automatic,Hybrid,5300000,2023,1800.0,25000,3,8333.333333333334,0.8884228187919463,0.10671140939597315,Luxury
Toyota Aqua RS PKG 2016,Toyota,Aqua,Automatic,"Hybrid, Octane",1860000,2016,1500.0,67519,10,6751.9,0.8884228187919463,0.015771812080536914,Low
Toyota Aqua G edition 2016,Toyota,Aqua,Automatic,"Hybrid, Octane",1570000,2016,1500.0,44000,10,4400.0,0.8884228187919463,0.015771812080536914,Low
Toyota Yaris Octne Drive 2009,Toyota,Yaris,Automatic,Octane,990000,2009,1300.0,72000,17,4235.294117647059,0.8884228187919463,0.003355704697986577,Low
Toyota Yaris Cross HYBRID-Z PKG-360 2021,Toyota,Yaris Cross,Automatic,"Petrol, Hybrid, Octane",3500000,2021,1500.0,58748,5,11749.6,0.8884228187919463,0.02097315436241611,High
Mazda 3 Sedan S TOURING 3.5POINT 2020,Mazda,3 Sedan,Automatic,Octane,3620000,2020,1500.0,41000,6,6833.333333333333,0.0025167785234899327,0.0003355704697986577,High
Toyota Harrier Z Leather PKG 2020,Toyota,Harrier,Automatic,Octane,8350000,2020,1980.0,28800,6,4800.0,0.8884228187919463,0.03976510067114094,Luxury
Toyota Corolla Cross Z HARDTOP 36000KM 2022,Toyota,Corolla Cross,Automatic,"Hybrid, Octane",4455000,2022,1800.0,36000,4,9000.0,0.8884228187919463,0.07097315436241611,Luxury
Toyota Allion A15 PKG 2019,Toyota,Allion,Automatic,Octane,3800000,2019,1490.0,71400,7,10200.0,0.8884228187919463,0.03120805369127517,High
Toyota Hiace DX SINGLE AC 2021,Toyota,Hiace,Automatic,"Hybrid, Octane",3520000,2021,2000.0,134000,5,26800.0,0.8884228187919463,0.09429530201342282,High
Toyota Allion G 2020,Toyota,Allion,Automatic,Octane,4300000,2020,1490.0,53100,6,8850.0,0.8884228187919463,0.03120805369127517,High
Toyota Allion G 2020,Toyota,Allion,Automatic,Octane,4300000,2020,1490.0,68000,6,11333.333333333334,0.8884228187919463,0.03120805369127517,High
Toyota Noah S-Z HYB 4.5 POINT 2023,Toyota,Noah,Automatic,Hybrid,5500000,2023,1800.0,30000,3,10000.0,0.8884228187919463,0.10671140939597315,Luxury
Toyota Allion G-Plus 2020,Toyota,Allion,Automatic,Octane,4550000,2020,1490.0,33300,6,5550.0,0.8884228187919463,0.03120805369127517,Luxury
Toyota Hiace Ambulance 2020,Toyota,Hiace,Automatic,Octane,4050000,2020,1990.0,46000,6,7666.666666666667,0.8884228187919463,0.09429530201342282,High
Toyota Noah SI NON HYB 4 POINT 2020,Toyota,Noah,Automatic,Octane,4450000,2020,2000.0,55000,6,9166.666666666666,0.8884228187919463,0.10671140939597315,Luxury
Toyota Allion A15 2020,Toyota,Allion,Automatic,Octane,4075000,2020,1490.0,51000,6,8500.0,0.8884228187919463,0.03120805369127517,High
Toyota Corolla Cross Z PKG FULL LOAD 2024,Toyota,Corolla Cross,Automatic,Hybrid,5200000,2024,1800.0,9000,2,4500.0,0.8884228187919463,0.07097315436241611,Luxury
Toyota Fielder EX HYB PUSH 3.5POINT 2020,Toyota,Fielder,Automatic,"Hybrid, Octane",2270000,2020,1500.0,96000,6,16000.0,0.8884228187919463,0.057885906040268456,Low
Toyota Prius A PREMIUM 59000KM 2020,Toyota,Prius,Automatic,"Hybrid, Octane",3370000,2020,1800.0,59000,6,9833.333333333334,0.8884228187919463,0.029865771812080538,Medium
Toyota Corolla Cross Z HYBRID 4.5POINT 2022,Toyota,Corolla Cross,Automatic,"Hybrid, Octane",4780000,2022,1800.0,46000,4,11500.0,0.8884228187919463,0.07097315436241611,Luxury
Toyota C-HR G 2020,Toyota,C-HR,Automatic,"Hybrid, Octane",3750000,2020,1790.0,49800,6,8300.0,0.8884228187919463,0.027181208053691275,High
Toyota Hiace DX DUAL AC 5 DOOR 2020,Toyota,Hiace,Automatic,Octane,3630000,2020,2000.0,99000,6,16500.0,0.8884228187919463,0.09429530201342282,High
Toyota Hiace Super GL 2020,Toyota,Hiace,Automatic,Octane,4750000,2020,1990.0,65927,6,10987.833333333334,0.8884228187919463,0.09429530201342282,Luxury
Toyota Noah SG HYB 360 CAMERA 2022,Toyota,Noah,Automatic,Hybrid,4670000,2022,1800.0,35000,4,8750.0,0.8884228187919463,0.10671140939597315,Luxury
Toyota Axio EX PKG NON HYB 2020,Toyota,Axio,Automatic,Octane,2700000,2020,1500.0,140000,6,23333.333333333332,0.8884228187919463,0.10939597315436242,Medium
Toyota Corolla Cross Z - 2023,Toyota,Corolla Cross,Automatic,"Hybrid, Octane",4950000,2023,1800.0,36900,3,12300.0,0.8884228187919463,0.07097315436241611,Luxury
Toyota Corolla Cross Z PKG HARDTOP 5POINT 2022,Toyota,Corolla Cross,Automatic,Hybrid,4680000,2022,1800.0,28000,4,7000.0,0.8884228187919463,0.07097315436241611,Luxury
Toyota Corolla Cross Z - 2022,Toyota,Corolla Cross,Automatic,"Hybrid, Octane",4900000,2022,1790.0,37000,4,9250.0,0.8884228187919463,0.07097315436241611,Luxury
Toyota Allion A15 2019,Toyota,Allion,Automatic,Octane,3900000,2019,1490.0,96100,7,13728.57142857143,0.8884228187919463,0.03120805369127517,High
Toyota Axio G-Push Start 2014,Toyota,Axio,Automatic,"Hybrid, Octane",1640000,2014,1500.0,61312,12,5109.333333333333,0.8884228187919463,0.10939597315436242,Low
Toyota Allion A15 PKG KEY START 2020,Toyota,Allion,Automatic,Octane,3700000,2020,1500.0,60000,6,10000.0,0.8884228187919463,0.03120805369127517,High
Toyota Prius S PUSH 4POINT 2020,Toyota,Prius,Automatic,"Hybrid, Octane",2899999,2020,1800.0,105000,6,17500.0,0.8884228187919463,0.029865771812080538,Medium
Honda Vezel Push Start 2014,Honda,Vezel,Automatic,Octane,2000000,2014,1500.0,55707,12,4642.25,0.0424496644295302,0.006711409395973154,Low
Toyota Aqua S STYLE PKG 2020,Toyota,Aqua,Automatic,Hybrid,1950000,2020,1500.0,110000,6,18333.333333333332,0.8884228187919463,0.015771812080536914,Low
Toyota Allion A15 PKG 2020,Toyota,Allion,Automatic,Octane,3730000,2020,1500.0,96000,6,16000.0,0.8884228187919463,0.03120805369127517,High
Toyota Corolla Cross Z LEATHER 5POINT 2024,Toyota,Corolla Cross,Automatic,"Hybrid, Octane",5550000,2024,1800.0,450,2,225.0,0.8884228187919463,0.07097315436241611,Luxury
Toyota Yaris Cross X PKG 4 POINT 2022,Toyota,Yaris Cross,Automatic,Hybrid,3400000,2022,1500.0,79000,4,19750.0,0.8884228187919463,0.02097315436241611,High
Toyota Land Cruiser Prado 2005,Toyota,Land Cruiser,Automatic,Octane,3350000,2005,2700.0,72314,21,3443.5238095238096,0.8884228187919463,0.008557046979865772,Medium
Toyota Corolla Cross Z 4WD MOONROOF 2023,Toyota,Corolla Cross,Automatic,"Hybrid, Octane",4800000,2023,1800.0,28000,3,9333.333333333334,0.8884228187919463,0.07097315436241611,Luxury
Toyota Noah S-Z PACKAGE HYB 4.5 2022,Toyota,Noah,Automatic,Hybrid,5050000,2022,1800.0,54000,4,13500.0,0.8884228187919463,0.10671140939597315,Luxury
Toyota Corolla Cross Z Black Hardtop 2022,Toyota,Corolla Cross,Automatic,Hybrid,4570000,2022,1800.0,50500,4,12625.0,0.8884228187919463,0.07097315436241611,Luxury
Toyota Hiace SUPER GL DARK PRIME 2023,Toyota,Hiace,Automatic,Petrol,4790000,2023,2000.0,33200,3,11066.666666666666,0.8884228187919463,0.09429530201342282,Luxury
Toyota C-HR G Led Pearl Color 2020,Toyota,C-HR,Automatic,Hybrid,3580000,2020,1800.0,66000,6,11000.0,0.8884228187919463,0.027181208053691275,High
Toyota Premio F-EX RED WINE 2020,Toyota,Premio,Automatic,Petrol,4640000,2020,1500.0,30000,6,5000.0,0.8884228187919463,0.05285234899328859,Luxury
Toyota Voxy Hybrid SZ 5 Point 2022,Toyota,Voxy,Automatic,Hybrid,5590000,2022,1800.0,19700,4,4925.0,0.8884228187919463,0.027348993288590605,Luxury
Toyota Esquire Gi Hybrid 2020,Toyota,Esquire,Automatic,"Petrol, Hybrid, Octane",3450000,2020,1800.0,76217,6,12702.833333333334,0.8884228187919463,0.05855704697986577,High
Mitsubishi l200 Double Cabin Pickup 2005,Mitsubishi,l200,Manual,Diesel,850000,2005,2500.0,99998,21,4761.809523809524,0.012583892617449664,0.0015100671140939597,Low
Toyota Fielder Axio Limited 2010,Toyota,Fielder,Automatic,"Octane, LPG",1540000,2010,1500.0,73100,16,4568.75,0.8884228187919463,0.057885906040268456,Low
Toyota Fielder 2014,Toyota,Fielder,Automatic,Octane,1845000,2019,1500.0,72143,7,10306.142857142857,0.8884228187919463,0.057885906040268456,Low
Toyota Noah WXB 2018,Toyota,Noah,Automatic,"Hybrid, Octane",3050000,2018,1800.0,64251,8,8031.375,0.8884228187919463,0.10671140939597315,Medium
Toyota Premio F-Ex Cash Price 2020,Toyota,Premio,Automatic,"Petrol, Octane",4750000,2020,1500.0,32000,6,5333.333333333333,0.8884228187919463,0.05285234899328859,Luxury
Toyota Sienta X KEY Nonhybrid 1DP 2020,Toyota,Sienta,Automatic,"Petrol, Octane",2800000,2020,1500.0,63000,6,10500.0,0.8884228187919463,0.009228187919463088,Medium
Toyota Allion 2008,Toyota,Allion,Automatic,"CNG, Octane",1899000,2012,1500.0,84508,14,6036.285714285715,0.8884228187919463,0.03120805369127517,Low
Toyota Allion 2012,Toyota,Allion,Automatic,Octane,2395000,2017,1500.0,72266,9,8029.555555555556,0.8884228187919463,0.03120805369127517,Medium
Mitsubishi Outlandar Sunroof 2021,Mitsubishi,Outlandar,Automatic,Octane,4650000,2021,2000.0,60167,5,12033.4,0.012583892617449664,0.0016778523489932886,Luxury
Mitsubishi Outlandar Sunroof 2015,Mitsubishi,Outlandar,Automatic,Octane,3250000,2015,2000.0,51263,11,4660.272727272727,0.012583892617449664,0.0016778523489932886,Medium
Toyota Land Cruiser Prado TX 2015,Toyota,Land Cruiser,Automatic,Octane,9200000,2015,2700.0,69585,11,6325.909090909091,0.8884228187919463,0.008557046979865772,Luxury
Toyota Crown G ADVANCE CROSSOVER 2022,Toyota,Crown,Automatic,"Petrol, Hybrid, Octane",10500000,2022,2500.0,21000,4,5250.0,0.8884228187919463,0.00587248322147651,Luxury
Toyota Corolla Cross Z PKG HYB 2023,Toyota,Corolla Cross,Automatic,Hybrid,4750000,2023,1800.0,28000,3,9333.333333333334,0.8884228187919463,0.07097315436241611,Luxury
Toyota Premio F Ex Package 2013,Toyota,Premio,Automatic,Octane,2520000,2013,1500.0,68000,13,5230.7692307692305,0.8884228187919463,0.05285234899328859,Medium
Toyota Sienta 7 SEATER-FAMILY USED 2005,Toyota,Sienta,Automatic,Octane,1070000,2005,1500.0,75000,21,3571.4285714285716,0.8884228187919463,0.009228187919463088,Low
Toyota Axio EX PKG WHITE OCTANE 2020,Toyota,Axio,Automatic,Octane,2880000,2020,1500.0,31045,6,5174.166666666667,0.8884228187919463,0.10939597315436242,Medium
Toyota Axio HYBRID EX PKG PUSH. 2020,Toyota,Axio,Automatic,Hybrid,2390000,2020,1500.0,104198,6,17366.333333333332,0.8884228187919463,0.10939597315436242,Medium
Toyota Hiace DARK PRIME BLACK 2023,Toyota,Hiace,Automatic,Petrol,4870000,2023,2000.0,74000,3,24666.666666666668,0.8884228187919463,0.09429530201342282,Luxury
Toyota Fielder EX PKG 4.0 WHITE 2020,Toyota,Fielder,Automatic,"Hybrid, Octane",2670000,2020,1500.0,79780,6,13296.666666666666,0.8884228187919463,0.057885906040268456,Medium
Toyota Corolla Cross Z PACKAGE Hardtop 2023,Toyota,Corolla Cross,Automatic,Hybrid,4550000,2023,1800.0,49000,3,16333.333333333334,0.8884228187919463,0.07097315436241611,Luxury
Toyota C-HR G LED 4.5 Fixed Pric 2020,Toyota,C-HR,Automatic,"Petrol, Hybrid, Octane",3599999,2020,1800.0,35000,6,5833.333333333333,0.8884228187919463,0.027181208053691275,High
Toyota Axio EX PUSH HYBRID 2020,Toyota,Axio,Automatic,Hybrid,2380000,2020,1500.0,90000,6,15000.0,0.8884228187919463,0.10939597315436242,Medium
Toyota Axio Hybrid 2014,Toyota,Axio,Automatic,"Hybrid, Octane",1450000,2014,1500.0,94000,12,7833.333333333333,0.8884228187919463,0.10939597315436242,Low
Hyundai Tucson Octane 2021,Hyundai,Tucson,Automatic,Octane,3950000,2021,1600.0,57000,5,11400.0,0.0028523489932885905,0.0005033557046979866,High
Nissan X-Trail Sunroof 2011,Nissan,X-Trail,Automatic,Octane,2150000,2011,2000.0,67241,15,4482.733333333334,0.02365771812080537,0.015436241610738255,Low
Toyota Axio HybridPush Start 2014,Toyota,Axio,Automatic,"Hybrid, Octane",1550000,2014,1500.0,66565,12,5547.083333333333,0.8884228187919463,0.10939597315436242,Low
Toyota Noah X PACKAGE NON-HY 2020,Toyota,Noah,Automatic,"Petrol, Octane",3280000,2020,2000.0,56821,6,9470.166666666666,0.8884228187919463,0.10671140939597315,Medium
Honda Grace EX PACKAGE 2020,Honda,Grace,Automatic,Hybrid,2760000,2020,1500.0,62354,6,10392.333333333334,0.0424496644295302,0.0038590604026845637,Medium
Toyota Fielder EX 2020,Toyota,Fielder,Automatic,Hybrid,2250000,2020,1500.0,42000,6,7000.0,0.8884228187919463,0.057885906040268456,Low
Toyota Hiace SUPER GL GRAY 2020,Toyota,Hiace,Automatic,"Petrol, Octane",4030000,2020,2000.0,65803,6,10967.166666666666,0.8884228187919463,0.09429530201342282,High
Toyota Premio FEX PACKAGE 2021,Toyota,Premio,Automatic,"Petrol, Octane",4530000,2021,1500.0,44003,5,8800.6,0.8884228187919463,0.05285234899328859,Luxury
Toyota Hiace DX PACKAGE AMBULANCE 2020,Toyota,Hiace,Automatic,"Petrol, Octane",2470000,2020,2000.0,74586,6,12431.0,0.8884228187919463,0.09429530201342282,Medium
Toyota Fielder EX PACKAGE HYBRID 2020,Toyota,Fielder,Automatic,"Hybrid, Octane",2260000,2020,1500.0,74582,6,12430.333333333334,0.8884228187919463,0.057885906040268456,Low
Toyota Voxy S-Z PACKAGE 2022,Toyota,Voxy,Automatic,Hybrid,4290000,2022,1800.0,28993,4,7248.25,0.8884228187919463,0.027348993288590605,High
Toyota Noah X Pearl Hybrid 2020,Toyota,Noah,Automatic,"Hybrid, Octane",2950000,2020,1800.0,78445,6,13074.166666666666,0.8884228187919463,0.10671140939597315,Medium
Toyota Noah X Hybrid 2020,Toyota,Noah,Automatic,"Hybrid, Octane",2900000,2020,1800.0,70563,6,11760.5,0.8884228187919463,0.10671140939597315,Medium
Toyota Axio EX HYBRID SILVER 2020,Toyota,Axio,Automatic,Hybrid,2150000,2020,1500.0,27210,6,4535.0,0.8884228187919463,0.10939597315436242,Low
Toyota Aqua L PACKAGE 2020,Toyota,Aqua,Automatic,Hybrid,1700000,2020,1500.0,54000,6,9000.0,0.8884228187919463,0.015771812080536914,Low
Toyota Premio F 2005,Toyota,Premio,Automatic,"CNG, Octane",1550000,2005,1500.0,950000,21,45238.09523809524,0.8884228187919463,0.05285234899328859,Low
Toyota Axio NON HYBRID EX WHITE 2020,Toyota,Axio,Automatic,"Petrol, Octane",2800000,2020,1500.0,44234,6,7372.333333333333,0.8884228187919463,0.10939597315436242,Medium
Toyota Premio FEX Package 2016,Toyota,Premio,Automatic,Octane,2830000,2016,1500.0,62415,10,6241.5,0.8884228187919463,0.05285234899328859,Medium
Toyota Voxy Hybrid X 2020,Toyota,Voxy,Automatic,Hybrid,2950000,2020,1800.0,69894,6,11649.0,0.8884228187919463,0.027348993288590605,Medium
Toyota Corolla Cross Hybrid S 2020,Toyota,Corolla Cross,Automatic,Hybrid,3850000,2020,1800.0,75274,6,12545.666666666666,0.8884228187919463,0.07097315436241611,High
Toyota Voxy HYBRID 2020,Toyota,Voxy,Automatic,Hybrid,2800000,2020,1800.0,75614,6,12602.333333333334,0.8884228187919463,0.027348993288590605,Medium
Toyota Noah Hybrid X 2020,Toyota,Noah,Automatic,Hybrid,2950000,2020,1800.0,77544,6,12924.0,0.8884228187919463,0.10671140939597315,Medium
Toyota Noah Hybrid SI WXB 2020,Toyota,Noah,Automatic,Hybrid,3450000,2020,1800.0,78748,6,13124.666666666666,0.8884228187919463,0.10671140939597315,High
Toyota Noah HYBRID 2020,Toyota,Noah,Automatic,Hybrid,2900000,2020,1800.0,65421,6,10903.5,0.8884228187919463,0.10671140939597315,Medium
Toyota Noah hybrid 2021,Toyota,Noah,Automatic,"Petrol, Hybrid, Octane",3100000,2021,1800.0,56847,5,11369.4,0.8884228187919463,0.10671140939597315,Medium
Toyota Axio Hybrid EX 2020,Toyota,Axio,Automatic,"Petrol, Hybrid, Octane",2250000,2020,1500.0,80500,6,13416.666666666666,0.8884228187919463,0.10939597315436242,Low
Toyota Axio EX 2021,Toyota,Axio,Automatic,"Hybrid, Octane",2600000,2021,1500.0,77650,5,15530.0,0.8884228187919463,0.10939597315436242,Medium
Toyota Prado NON HYBRID TX 2021,Toyota,Prado,Automatic,Petrol,12500000,2021,2700.0,35000,5,7000.0,0.8884228187919463,0.013926174496644295,Luxury
Toyota Voxy ZS KIRAMIKE MICABLUE 2021,Toyota,Voxy,Automatic,Hybrid,3980000,2021,1800.0,37000,5,7400.0,0.8884228187919463,0.027348993288590605,High
Toyota Esquire GI PREMIUM PURPLE 2020,Toyota,Esquire,Automatic,"Petrol, Hybrid, Octane",3800000,2020,1800.0,64000,6,10666.666666666666,0.8884228187919463,0.05855704697986577,High
Toyota Voxy SZ PKG FULL LOADED 2022,Toyota,Voxy,Automatic,Hybrid,5200000,2022,1800.0,69000,4,17250.0,0.8884228187919463,0.027348993288590605,Luxury
Toyota Noah SI-WXB PEARL HYBRID 2020,Toyota,Noah,Automatic,"Petrol, Hybrid, Octane",4300000,2020,1800.0,95695,6,15949.166666666666,0.8884228187919463,0.10671140939597315,High
Toyota Esquire HYBRID WINE PURPLE 2020,Toyota,Esquire,Automatic,Hybrid,3500000,2020,1800.0,109200,6,18200.0,0.8884228187919463,0.05855704697986577,High
Toyota Axio Ex Push StartGP-4 2020,Toyota,Axio,Automatic,"Petrol, Hybrid, Octane",2300000,2020,1500.0,64685,6,10780.833333333334,0.8884228187919463,0.10939597315436242,Low
Toyota Axio EX PKG WHITE HYBRID 2021,Toyota,Axio,Automatic,Hybrid,2700000,2021,1500.0,62900,5,12580.0,0.8884228187919463,0.10939597315436242,Medium
Toyota Allion A15 Key 4.5 Grade 2020,Toyota,Allion,Automatic,"Petrol, Octane",3980000,2020,1500.0,13570,6,2261.6666666666665,0.8884228187919463,0.03120805369127517,High
Toyota Hiace S-GL-Dark Prime-PKG 2020,Toyota,Hiace,Automatic,Octane,4750000,2020,1990.0,65947,6,10991.166666666666,0.8884228187919463,0.09429530201342282,Luxury
Toyota Premio FEX 2021,Toyota,Premio,Automatic,Octane,4900000,2021,1500.0,25000,5,5000.0,0.8884228187919463,0.05285234899328859,Luxury
Toyota Axio EX-PKG 2020,Toyota,Axio,Automatic,Octane,3175000,2020,1490.0,11933,6,1988.8333333333333,0.8884228187919463,0.10939597315436242,Medium
Toyota Prius S PUSH 4POINT 2020,Toyota,Prius,Automatic,"Hybrid, Octane",3030000,2020,1800.0,66000,6,11000.0,0.8884228187919463,0.029865771812080538,Medium
Toyota Hiace Ambulance 2020,Toyota,Hiace,Automatic,Octane,4050000,2020,1990.0,45952,6,7658.666666666667,0.8884228187919463,0.09429530201342282,High
Toyota Sienta G 2020,Toyota,Sienta,Automatic,"Hybrid, Octane",3300000,2020,1490.0,65200,6,10866.666666666666,0.8884228187919463,0.009228187919463088,Medium
Honda Insight EX PRIME STYLE 2020,Honda,Insight,Automatic,"Hybrid, Octane",4239999,2020,1500.0,35000,6,5833.333333333333,0.0424496644295302,0.015100671140939598,High
Honda Civic EX LEATHER 4POINT 2020,Honda,Civic,Automatic,Octane,4080000,2020,1500.0,69000,6,11500.0,0.0424496644295302,0.003355704697986577,High
Toyota Voxy SZ HYB WITH LEG REST 2022,Toyota,Voxy,Automatic,Hybrid,5050000,2022,1800.0,41000,4,10250.0,0.8884228187919463,0.027348993288590605,Luxury
Toyota Harrier Z LEATHER HYBRID 2020,Toyota,Harrier,Automatic,"Hybrid, Octane",7150000,2020,2500.0,27000,6,4500.0,0.8884228187919463,0.03976510067114094,Luxury
Toyota Hiace DX SINGLE AC 2020,Toyota,Hiace,Automatic,Octane,3200000,2020,2000.0,118000,6,19666.666666666668,0.8884228187919463,0.09429530201342282,Medium
Toyota Hiace SUPER GL DARK PRIME 2021,Toyota,Hiace,Automatic,Octane,4600000,2021,2000.0,89000,5,17800.0,0.8884228187919463,0.09429530201342282,Luxury
Toyota Prius HYBRID 2023,Toyota,Prius,Automatic,Hybrid,4100000,2023,1800.0,25468,3,8489.333333333334,0.8884228187919463,0.029865771812080538,High
Toyota Esquire XI NON-HYBRID 2020,Toyota,Esquire,Automatic,"Petrol, Octane",3380000,2020,2000.0,87459,6,14576.5,0.8884228187919463,0.05855704697986577,Medium
Toyota Hiace GL White 2020,Toyota,Hiace,Automatic,Octane,3250000,2020,2000.0,70852,6,11808.666666666666,0.8884228187919463,0.09429530201342282,Medium
Toyota Axio EX PUSH START OCTANE 2020,Toyota,Axio,Automatic,Octane,2830000,2020,1500.0,79000,6,13166.666666666666,0.8884228187919463,0.10939597315436242,Medium
Toyota Axio G-Push Start 2012,Toyota,Axio,Automatic,Octane,1795000,2012,1500.0,50348,14,3596.285714285714,0.8884228187919463,0.10939597315436242,Low
Toyota Esquire Hybrid 2020,Toyota,Esquire,Automatic,"Hybrid, Octane",3450000,2020,1800.0,80852,6,13475.333333333334,0.8884228187919463,0.05855704697986577,High
Toyota Esquire Non Hybrid 2020,Toyota,Esquire,Automatic,Octane,3820000,2020,2000.0,102000,6,17000.0,0.8884228187919463,0.05855704697986577,High
Toyota Premio Non Hybrid 2020,Toyota,Premio,Automatic,Octane,4020000,2020,1500.0,63250,6,10541.666666666666,0.8884228187919463,0.05285234899328859,High
Toyota Voxy Zs KiramiKe Wine Red 2020,Toyota,Voxy,Automatic,"Petrol, Hybrid, Octane",3250000,2020,1800.0,99000,6,16500.0,0.8884228187919463,0.027348993288590605,Medium
Toyota Esquire Gi Premium Hv 2020,Toyota,Esquire,Automatic,"Petrol, Hybrid, Octane",3750000,2020,1800.0,100000,6,16666.666666666668,0.8884228187919463,0.05855704697986577,High
Toyota Esquire GI PREMIUM 2DOOR PWR 2020,Toyota,Esquire,Automatic,Hybrid,3900000,2020,1800.0,77124,6,12854.0,0.8884228187919463,0.05855704697986577,High
Toyota Hiace GRAND CABIN 2020,Toyota,Hiace,Automatic,Octane,4500000,2020,2690.0,79976,6,13329.333333333334,0.8884228187919463,0.09429530201342282,Luxury
Toyota Fielder HYBRID EX PUSH START 2020,Toyota,Fielder,Automatic,Octane,2650000,2020,1500.0,125123,6,20853.833333333332,0.8884228187919463,0.057885906040268456,Medium
Toyota Esquire GI PREMIUM-HYBRID 2020,Toyota,Esquire,Automatic,Hybrid,3800000,2020,1800.0,69445,6,11574.166666666666,0.8884228187919463,0.05855704697986577,High
Toyota Axio EX-PUSH-HV 2020,Toyota,Axio,Automatic,Hybrid,2350000,2020,1500.0,114873,6,19145.5,0.8884228187919463,0.10939597315436242,Medium
Toyota Noah NOAH-NON HYBRID 2021,Toyota,Noah,Automatic,Octane,3650000,2021,2000.0,95765,5,19153.0,0.8884228187919463,0.10671140939597315,High
Toyota Noah X-PKG-NON HYBRID 2020,Toyota,Noah,Automatic,Octane,3550000,2020,2000.0,96345,6,16057.5,0.8884228187919463,0.10671140939597315,High
Toyota C-HR G-LED-NEW SHAPE 2019,Toyota,C-HR,Automatic,Hybrid,3380000,2019,1800.0,31000,7,4428.571428571428,0.8884228187919463,0.027181208053691275,Medium
Honda Insight HYBRID LX 2021,Honda,Insight,Automatic,Hybrid,3700000,2021,1500.0,120000,5,24000.0,0.0424496644295302,0.015100671140939598,High
Toyota Esquire GI PREMIUM 2020,Toyota,Esquire,Automatic,Petrol,3900000,2020,2000.0,69050,6,11508.333333333334,0.8884228187919463,0.05855704697986577,High
Toyota Axio EX NON HYBRID 2020,Toyota,Axio,Automatic,"Petrol, Octane",2650000,2020,1500.0,66000,6,11000.0,0.8884228187919463,0.10939597315436242,Medium
Toyota Corolla Cross Z HYBRID HARDTOP 2022,Toyota,Corolla Cross,Automatic,Hybrid,4750000,2022,1800.0,18156,4,4539.0,0.8884228187919463,0.07097315436241611,Luxury
Toyota Voxy S-Z READY SHOWROOM 2022,Toyota,Voxy,Automatic,"Petrol, Hybrid, Octane",5050000,2022,1800.0,59000,4,14750.0,0.8884228187919463,0.027348993288590605,Luxury
Honda Insight EX-PKG-HYBRID 2019,Honda,Insight,Automatic,Hybrid,3680000,2019,1500.0,63987,7,9141.0,0.0424496644295302,0.015100671140939598,High
Toyota Axio EX PUSH START-PKG 2020,Toyota,Axio,Automatic,Hybrid,2350000,2020,1500.0,114000,6,19000.0,0.8884228187919463,0.10939597315436242,Medium
Toyota Noah X NON HYBRID 2020,Toyota,Noah,Automatic,"Petrol, Octane",3750000,2020,2000.0,58000,6,9666.666666666666,0.8884228187919463,0.10671140939597315,High
Toyota Esquire GI PREMIUM READY DK. 2020,Toyota,Esquire,Automatic,"Petrol, Hybrid, Octane",3780000,2020,1800.0,35000,6,5833.333333333333,0.8884228187919463,0.05855704697986577,High
Toyota Harrier Z LEATHER HYBRID PKG 2021,Toyota,Harrier,Automatic,Hybrid,6650000,2021,2500.0,95264,5,19052.8,0.8884228187919463,0.03976510067114094,Luxury
Toyota Hiace Super GL Pearl Color 2021,Toyota,Hiace,Automatic,Petrol,4330000,2021,2000.0,91400,5,18280.0,0.8884228187919463,0.09429530201342282,High
Toyota Hiace Super GL Dark Prime2 2023,Toyota,Hiace,Automatic,Petrol,5030000,2023,2000.0,3800,3,1266.6666666666667,0.8884228187919463,0.09429530201342282,Luxury
Toyota Noah G Pkg Hybrid Pearl 2020,Toyota,Noah,Automatic,Hybrid,3700000,2020,1800.0,48400,6,8066.666666666667,0.8884228187919463,0.10671140939597315,High
Toyota Axio EX Hybrid Grade- 4 2020,Toyota,Axio,Automatic,"Petrol, Hybrid, Octane",2450000,2020,1500.0,70000,6,11666.666666666666,0.8884228187919463,0.10939597315436242,Medium
Toyota Prius S Safety Pkg Black 2020,Toyota,Prius,Automatic,Hybrid,3090000,2020,1800.0,83000,6,13833.333333333334,0.8884228187919463,0.029865771812080538,Medium
Toyota Axio Ex Non Hybrid 2020,Toyota,Axio,Automatic,"Petrol, Octane",2900000,2020,1500.0,61500,6,10250.0,0.8884228187919463,0.10939597315436242,Medium
Toyota Corolla Cross Z LEATHER HYBRID 2023,Toyota,Corolla Cross,Automatic,"Petrol, Hybrid, Octane",5050000,2023,1800.0,20000,3,6666.666666666667,0.8884228187919463,0.07097315436241611,Luxury
Toyota Fielder EX Hybrid 2020,Toyota,Fielder,Automatic,"Petrol, Hybrid, Octane",2530000,2020,1500.0,21000,6,3500.0,0.8884228187919463,0.057885906040268456,Medium
Toyota Noah S-Z Hybrid 2022,Toyota,Noah,Automatic,"Petrol, Hybrid, Octane",4950000,2022,1800.0,49293,4,12323.25,0.8884228187919463,0.10671140939597315,Luxury
Toyota Esquire Gi Hybrid Ready 2020,Toyota,Esquire,Automatic,"Petrol, Hybrid, Octane",3570000,2020,1800.0,65125,6,10854.166666666666,0.8884228187919463,0.05855704697986577,High
Toyota Hiace DX 2020,Toyota,Hiace,Automatic,"Petrol, Octane",3100000,2020,2000.0,51000,6,8500.0,0.8884228187919463,0.09429530201342282,Medium
Toyota Noah Si Wxb Non Hybrid 2020,Toyota,Noah,Automatic,"Petrol, Octane",3980000,2020,2000.0,49000,6,8166.666666666667,0.8884228187919463,0.10671140939597315,High
Toyota Prius A Touring Selection 2020,Toyota,Prius,Automatic,"Petrol, Hybrid, Octane",3300000,2020,1800.0,94740,6,15790.0,0.8884228187919463,0.029865771812080538,Medium
Toyota Fielder Hybrid Ex Grade- 4 2020,Toyota,Fielder,Automatic,Hybrid,2330000,2020,1500.0,83261,6,13876.833333333334,0.8884228187919463,0.057885906040268456,Low
Toyota Noah Hybrid 2020,Toyota,Noah,Automatic,Hybrid,3170000,2020,1800.0,80261,6,13376.833333333334,0.8884228187919463,0.10671140939597315,Medium
Toyota Axio 5 Seater 2010,Toyota,Axio,Automatic,Octane,1650000,2010,1500.0,65000,16,4062.5,0.8884228187919463,0.10939597315436242,Low
OMODA C5 5 Seater 2024,OMODA,C5,Automatic,Octane,3200000,2024,1500.0,13521,2,6760.5,0.00016778523489932885,0.00016778523489932885,Medium
Toyota Premio G 2009,Toyota,Premio,Automatic,Octane,2150000,2009,1500.0,72300,17,4252.941176470588,0.8884228187919463,0.05285234899328859,Low
Toyota Harrier NON HY Z LEATHER 4.5 2020,Toyota,Harrier,Automatic,"Petrol, Octane",8000000,2020,2000.0,19000,6,3166.6666666666665,0.8884228187919463,0.03976510067114094,Luxury
Toyota Premio F 2020,Toyota,Premio,Automatic,"Petrol, Octane",3850000,2020,1500.0,45000,6,7500.0,0.8884228187919463,0.05285234899328859,High
Toyota Premio F. 2020,Toyota,Premio,Automatic,"Petrol, Octane",3850000,2020,1500.0,70000,6,11666.666666666666,0.8884228187919463,0.05285234899328859,High
Toyota Esquire XI-HY PUSH 1DOR POW 2020,Toyota,Esquire,Automatic,"Petrol, Hybrid, Octane",3500000,2020,1800.0,45782,6,7630.333333333333,0.8884228187919463,0.05855704697986577,High
Toyota Esquire Hybrid Ready 2020,Toyota,Esquire,Automatic,"Petrol, Hybrid, Octane",3450000,2020,1800.0,50420,6,8403.333333333334,0.8884228187919463,0.05855704697986577,High
Toyota Aqua S Style 2020,Toyota,Aqua,Automatic,"Petrol, Hybrid, Octane",1950000,2020,1500.0,65089,6,10848.166666666666,0.8884228187919463,0.015771812080536914,Low
Toyota Fielder EX HYBRID FUL LOADED 2020,Toyota,Fielder,Automatic,"Petrol, Hybrid, Octane",2300000,2020,1500.0,86030,6,14338.333333333334,0.8884228187919463,0.057885906040268456,Low
Toyota Voxy aaaaaaaaRaaaaY aa a2a.aa. 2021,Toyota,Voxy,Automatic,"Petrol, Hybrid, Octane",3650000,2021,1800.0,98000,5,19600.0,0.8884228187919463,0.027348993288590605,High
Toyota Prius S Pkg Hybrid GP-4.00 2020,Toyota,Prius,Automatic,"Petrol, Hybrid, Octane",3100000,2020,1800.0,72300,6,12050.0,0.8884228187919463,0.029865771812080538,Medium
Nissan Juke Octane 2011,Nissan,Juke,Automatic,Octane,1440000,2011,1500.0,6300,15,420.0,0.02365771812080537,0.0008389261744966443,Low
Toyota Corolla Cross Z Leather 2022,Toyota,Corolla Cross,Automatic,Hybrid,4850000,2022,1800.0,24000,4,6000.0,0.8884228187919463,0.07097315436241611,Luxury
Haval H6 Octane 2021,Haval,H6,Automatic,Octane,4190000,2021,1500.0,18000,5,3600.0,0.001174496644295302,0.0003355704697986577,High
Toyota Hiace S.GL DARK PRIME 2 2021,Toyota,Hiace,Automatic,"Diesel, Petrol",4200000,2021,2000.0,120,5,24.0,0.8884228187919463,0.09429530201342282,High
Toyota Crown Crossover-Rs-advance 2022,Toyota,Crown,Automatic,"Petrol, Hybrid, Octane",12000000,2022,2400.0,16458,4,4114.5,0.8884228187919463,0.00587248322147651,Luxury
Toyota Hiace S.GL DARK PRIME 2 2020,Toyota,Hiace,Automatic,"Diesel, Petrol",4300000,2020,2000.0,1011,6,168.5,0.8884228187919463,0.09429530201342282,High
Toyota Land Cruiser VX-V8 Diesel Turbo 2014,Toyota,Land Cruiser,Automatic,Diesel,16700000,2014,4500.0,32750,12,2729.1666666666665,0.8884228187919463,0.008557046979865772,Luxury
Toyota Premio Push Start 2017,Toyota,Premio,Automatic,Octane,3450000,2017,1500.0,47267,9,5251.888888888889,0.8884228187919463,0.05285234899328859,High
Toyota Noah SI WXB HYBRID 2020,Toyota,Noah,Automatic,Hybrid,3499999,2020,1800.0,68000,6,11333.333333333334,0.8884228187919463,0.10671140939597315,High
Toyota Harrier ZLP-PKG 2025,Toyota,Harrier,Automatic,"Hybrid, Octane",12100000,2025,2480.0,10,1,10.0,0.8884228187919463,0.03976510067114094,Luxury
Toyota Premio F-EX REDWINE BEIGE 2020,Toyota,Premio,Automatic,Petrol,4460000,2020,1500.0,50000,6,8333.333333333334,0.8884228187919463,0.05285234899328859,Luxury
Toyota Yaris Cross X PKG BLUE 2021,Toyota,Yaris Cross,Automatic,"Hybrid, Octane",3150000,2021,1500.0,112000,5,22400.0,0.8884228187919463,0.02097315436241611,Medium
Nissan X-Trail G Sunroof 2016,Nissan,X-Trail,Automatic,Octane,3840000,2016,2000.0,53000,10,5300.0,0.02365771812080537,0.015436241610738255,High
Toyota Prius S PKG 4 AP 2022,Toyota,Prius,Automatic,"Petrol, Hybrid, Octane",3670000,2022,1800.0,45000,4,11250.0,0.8884228187919463,0.029865771812080538,High
Toyota Axio No Hybrid 28k KM 2020,Toyota,Axio,Automatic,"Petrol, Octane",3100000,2020,1500.0,28000,6,4666.666666666667,0.8884228187919463,0.10939597315436242,Medium
Toyota Axio Non Hybrid EX 4 AP 2020,Toyota,Axio,Automatic,"Petrol, Octane",2800000,2020,1500.0,120000,6,20000.0,0.8884228187919463,0.10939597315436242,Medium
Toyota Axio Ex Push Start GP-4 2020,Toyota,Axio,Automatic,"Petrol, Hybrid, Octane",2300000,2020,1500.0,58045,6,9674.166666666666,0.8884228187919463,0.10939597315436242,Low
Toyota Allion G 2020,Toyota,Allion,Automatic,"Octane, LPG",3750000,2020,1500.0,116000,6,19333.333333333332,0.8884228187919463,0.03120805369127517,High
Toyota Axio EX HYBRID FUL LOADED 2020,Toyota,Axio,Automatic,"Petrol, Hybrid, Octane",2300000,2020,1500.0,88125,6,14687.5,0.8884228187919463,0.10939597315436242,Low
Toyota Axio Ex 4 Grade Non Hybrd 2020,Toyota,Axio,Automatic,"Petrol, Octane",2750000,2020,1500.0,125000,6,20833.333333333332,0.8884228187919463,0.10939597315436242,Medium
Toyota Axio EX HYBRID PUSH GP-4 2020,Toyota,Axio,Automatic,"Petrol, Hybrid, Octane",2300000,2020,1500.0,87451,6,14575.166666666666,0.8884228187919463,0.10939597315436242,Low
Toyota Axio Ex Hybrid 4.5 Grade 2020,Toyota,Axio,Automatic,"Petrol, Hybrid, Octane",2550000,2020,1500.0,48000,6,8000.0,0.8884228187919463,0.10939597315436242,Medium
Toyota C-HR G-LED TRD KIT 360CAM 2020,Toyota,C-HR,Automatic,"Petrol, Hybrid, Octane",3750000,2020,1800.0,39052,6,6508.666666666667,0.8884228187919463,0.027181208053691275,High
Toyota Yaris Cross Z Pearl R40000 km 2021,Toyota,Yaris Cross,Automatic,Hybrid,3550000,2021,1500.0,40000,5,8000.0,0.8884228187919463,0.02097315436241611,High
Toyota Allion G Plus 3.58900 km 2020,Toyota,Allion,Automatic,Petrol,4190000,2020,1500.0,8900,6,1483.3333333333333,0.8884228187919463,0.03120805369127517,High
Toyota Yaris Cross Z Golden 3.519k 2021,Toyota,Yaris Cross,Automatic,Hybrid,3590000,2021,1500.0,19000,5,3800.0,0.8884228187919463,0.02097315436241611,High
Toyota Esquire Gi Mica Blue R146k 2020,Toyota,Esquire,Automatic,Hybrid,3640000,2020,1800.0,146000,6,24333.333333333332,0.8884228187919463,0.05855704697986577,High
Toyota Hiace DX Silver 3.5207k 2020,Toyota,Hiace,Automatic,Petrol,3300000,2020,2000.0,207000,6,34500.0,0.8884228187919463,0.09429530201342282,Medium
Toyota Hiace SUPER GL 2020,Toyota,Hiace,Automatic,"Petrol, Octane",4000000,2020,2000.0,86012,6,14335.333333333334,0.8884228187919463,0.09429530201342282,High
Toyota Hiace SUPER GL 2020,Toyota,Hiace,Automatic,"Petrol, Octane",4200000,2020,2000.0,75420,6,12570.0,0.8884228187919463,0.09429530201342282,High
Toyota Hiace Dx Ambulance 2020,Toyota,Hiace,Automatic,"Petrol, Octane",2550000,2020,2000.0,75913,6,12652.166666666666,0.8884228187919463,0.09429530201342282,Medium
Toyota Noah Hybrid SIWXB Pearl 2020,Toyota,Noah,Automatic,Hybrid,3550000,2020,1800.0,98000,6,16333.333333333334,0.8884228187919463,0.10671140939597315,High
Toyota Voxy ZS KIRAMEKI HYBRID 2020,Toyota,Voxy,Automatic,"Petrol, Hybrid, Octane",3300000,2020,1800.0,103301,6,17216.833333333332,0.8884228187919463,0.027348993288590605,Medium
Toyota Esquire GI PREMIUM 2020,Toyota,Esquire,Automatic,"Petrol, Hybrid, Octane",4150000,2020,1800.0,47210,6,7868.333333333333,0.8884228187919463,0.05855704697986577,High
Toyota Axio Ex Non Hybrid 4.5 2020,Toyota,Axio,Automatic,"Petrol, Octane",3000000,2020,1500.0,24121,6,4020.1666666666665,0.8884228187919463,0.10939597315436242,Medium
Toyota Fielder Ex Hybrid 2020,Toyota,Fielder,Automatic,"Petrol, Hybrid, Octane",2530000,2020,1500.0,21591,6,3598.5,0.8884228187919463,0.057885906040268456,Medium
Toyota Esquire GI PREMIUM 2020,Toyota,Esquire,Automatic,"Petrol, Octane",4800000,2020,2000.0,53210,6,8868.333333333334,0.8884228187919463,0.05855704697986577,Luxury
Toyota Corolla Touring WXB Hybrid 2020,Toyota,Corolla,Automatic,"Petrol, Hybrid, Octane",2950000,2020,1800.0,12000,6,2000.0,0.8884228187919463,0.04848993288590604,Medium
Toyota Hiace SUPER GL 2020,Toyota,Hiace,Automatic,"Petrol, Octane",4050000,2020,2000.0,49000,6,8166.666666666667,0.8884228187919463,0.09429530201342282,High
Honda Insight EX PKG 2020,Honda,Insight,Automatic,"Petrol, Hybrid, Octane",3850000,2020,1500.0,85412,6,14235.333333333334,0.0424496644295302,0.015100671140939598,High
Toyota Noah Non hybrid 2020,Toyota,Noah,Automatic,"Petrol, Octane",3450000,2020,2000.0,73608,6,12268.0,0.8884228187919463,0.10671140939597315,High
Toyota Prius S PKG PEARL360CAMERA 2021,Toyota,Prius,Automatic,"Hybrid, Octane",3100000,2021,1800.0,57000,5,11400.0,0.8884228187919463,0.029865771812080538,Medium
Toyota Yaris Cross G PKG HYBRID 2021,Toyota,Yaris Cross,Automatic,"Petrol, Hybrid, Octane",3550000,2021,1500.0,35010,5,7002.0,0.8884228187919463,0.02097315436241611,High
Toyota Premio FEX GREEN SELECTION 2015,Toyota,Premio,Automatic,Octane,2750000,2015,1500.0,57200,11,5200.0,0.8884228187919463,0.05285234899328859,Medium
Toyota Hiace SUPER GL DARK PRIME 2021,Toyota,Hiace,Automatic,"Petrol, Octane",4140000,2021,2000.0,23498,5,4699.6,0.8884228187919463,0.09429530201342282,High
Toyota Sienta G Package 2021,Toyota,Sienta,Automatic,"Hybrid, Octane",2650000,2021,1500.0,61279,5,12255.8,0.8884228187919463,0.009228187919463088,Medium
Toyota Axio EX HYBRID SILVER 2020,Toyota,Axio,Automatic,"Hybrid, Octane",2150000,2020,1500.0,101072,6,16845.333333333332,0.8884228187919463,0.10939597315436242,Low
Toyota C-HR G-LED 2021,Toyota,C-HR,Automatic,"Hybrid, Octane",3400000,2021,1800.0,35250,5,7050.0,0.8884228187919463,0.027181208053691275,High
Toyota Esquire GI PREMIUM 2020,Toyota,Esquire,Automatic,"Petrol, Octane",3700000,2020,1800.0,79300,6,13216.666666666666,0.8884228187919463,0.05855704697986577,High
Toyota Axio Fielder 2012,Toyota,Axio,Automatic,"CNG, Octane",1595000,2012,1500.0,75100,14,5364.285714285715,0.8884228187919463,0.10939597315436242,Low
Toyota Land Cruiser Prado.Tx-L.Mica 2018,Toyota,Land Cruiser,Automatic,"Petrol, Octane",11800000,2018,2700.0,36200,8,4525.0,0.8884228187919463,0.008557046979865772,Luxury
"Toyota Premio a,aaaaa a.aaaaaa 2008",Toyota,Premio,Automatic,"CNG, Octane",1930000,2008,1500.0,98674,18,5481.888888888889,0.8884228187919463,0.05285234899328859,Low
Toyota Premio FL WINE PACKAGE 2020,Toyota,Premio,Automatic,"Petrol, Octane",3970000,2020,1500.0,54789,6,9131.5,0.8884228187919463,0.05285234899328859,High
Toyota Hiace SUPER GL KEY 2020,Toyota,Hiace,Automatic,"Petrol, Octane",3680000,2020,2000.0,74658,6,12443.0,0.8884228187919463,0.09429530201342282,High
Toyota Hiace GL White 2020,Toyota,Hiace,Automatic,"Petrol, Octane",3150000,2020,2000.0,79445,6,13240.833333333334,0.8884228187919463,0.09429530201342282,Medium
Toyota Corolla Cross Z Leather RED 2022,Toyota,Corolla Cross,Automatic,"Hybrid, Octane",4780000,2022,1800.0,37581,4,9395.25,0.8884228187919463,0.07097315436241611,Luxury
Toyota Corolla WxB Package Black 2020,Toyota,Corolla,Automatic,Hybrid,2990000,2020,1800.0,29000,6,4833.333333333333,0.8884228187919463,0.04848993288590604,Medium
Toyota Axio Hybrid With Loan 2019,Toyota,Axio,Automatic,"Hybrid, Octane",1280000,2019,1500.0,55216,7,7888.0,0.8884228187919463,0.10939597315436242,Low
Toyota Yaris X READY SHOWROOM 2021,Toyota,Yaris,Automatic,"Petrol, Hybrid, Octane",2170000,2021,1500.0,93000,5,18600.0,0.8884228187919463,0.003355704697986577,Low
Toyota Noah SZ Package 2022,Toyota,Noah,Automatic,"Petrol, Hybrid, Octane",4600000,2022,1800.0,37000,4,9250.0,0.8884228187919463,0.10671140939597315,Luxury
Nissan X-Trail All Power Sunroof 2003,Nissan,X-Trail,Automatic,Octane,1290000,2003,2500.0,78522,23,3414.0,0.02365771812080537,0.015436241610738255,Low
Toyota Noah SI WXB PREMIUM PKG 2020,Toyota,Noah,Automatic,Petrol,4370000,2020,2000.0,60000,6,10000.0,0.8884228187919463,0.10671140939597315,High
Toyota Prius A TURING 2020,Toyota,Prius,Automatic,Hybrid,3550000,2020,1800.0,51000,6,8500.0,0.8884228187919463,0.029865771812080538,High
Toyota Axio G Pkg. 2011,Toyota,Axio,Automatic,"CNG, Octane",1650000,2011,1500.0,69800,15,4653.333333333333,0.8884228187919463,0.10939597315436242,Low
Toyota Corolla Cross Z Leather 2024,Toyota,Corolla Cross,Automatic,"Petrol, Hybrid, Octane",5560000,2024,1800.0,390,2,195.0,0.8884228187919463,0.07097315436241611,Luxury
Toyota Axio Hybrid Ex Package 2021,Toyota,Axio,Automatic,Hybrid,2500000,2021,1500.0,72502,5,14500.4,0.8884228187919463,0.10939597315436242,Medium
Toyota Hiace GL Dhaka Ready 2020,Toyota,Hiace,Automatic,Octane,3500000,2020,2000.0,71890,6,11981.666666666666,0.8884228187919463,0.09429530201342282,High
Nissan X-Trail E.B.P HYBRID 2020,Nissan,X-Trail,Automatic,"Diesel, Petrol",3850000,2020,2000.0,555,6,92.5,0.02365771812080537,0.015436241610738255,High
Toyota Supra MK5 35th Anniversary 2021,Toyota,Supra,Automatic,"Petrol, Octane",14200000,2021,2000.0,16510,5,3302.0,0.8884228187919463,0.0005033557046979866,Luxury
Toyota Harrier Z-L PKG NON-HY G-4.5 2021,Toyota,Harrier,Automatic,Octane,8900000,2021,2000.0,42000,5,8400.0,0.8884228187919463,0.03976510067114094,Luxury
Toyota Noah SI WXB Non Hybrid 2021,Toyota,Noah,Automatic,"Petrol, Octane",4470000,2021,2000.0,36000,5,7200.0,0.8884228187919463,0.10671140939597315,Luxury
Toyota Voxy ZS Kirameki 2020,Toyota,Voxy,Automatic,Hybrid,3450000,2020,1800.0,25863,6,4310.5,0.8884228187919463,0.027348993288590605,High
Toyota Prius S- PREMIUM 2020,Toyota,Prius,Automatic,Hybrid,3220000,2020,1800.0,80000,6,13333.333333333334,0.8884228187919463,0.029865771812080538,Medium
Toyota Prius S-TOURING 2020,Toyota,Prius,Automatic,Hybrid,3420000,2020,1800.0,38000,6,6333.333333333333,0.8884228187919463,0.029865771812080538,High
Toyota Harrier PML-PKG 2020,Toyota,Harrier,Automatic,Octane,7990000,2020,1980.0,27660,6,4610.0,0.8884228187919463,0.03976510067114094,Luxury
Toyota Harrier Premium-PKG 2020,Toyota,Harrier,Automatic,Octane,7200000,2020,1980.0,62712,6,10452.0,0.8884228187919463,0.03976510067114094,Luxury
Toyota Corolla Cross Z 2022,Toyota,Corolla Cross,Automatic,"Hybrid, Octane",4725000,2022,1790.0,44280,4,11070.0,0.8884228187919463,0.07097315436241611,Luxury
Toyota Corolla Cross Z PKG HARDTOP 2022,Toyota,Corolla Cross,Automatic,Hybrid,4350000,2022,1800.0,54000,4,13500.0,0.8884228187919463,0.07097315436241611,High
Toyota Premio F Package 2020,Toyota,Premio,Automatic,Octane,4150000,2020,1490.0,86736,6,14456.0,0.8884228187919463,0.05285234899328859,High
Toyota Premio F Package 2020,Toyota,Premio,Automatic,Octane,4550000,2020,1490.0,29695,6,4949.166666666667,0.8884228187919463,0.05285234899328859,Luxury
Toyota Hiace Super GL 2019,Toyota,Hiace,Automatic,Octane,4050000,2019,1990.0,92027,7,13146.714285714286,0.8884228187919463,0.09429530201342282,High
Toyota Hiace Super GL-Dark Prime 2022,Toyota,Hiace,Automatic,Octane,4850000,2022,1990.0,86289,4,21572.25,0.8884228187919463,0.09429530201342282,Luxury
Honda Civic Sedan 2020,Honda,Civic,Automatic,Octane,4500000,2020,1490.0,13700,6,2283.3333333333335,0.0424496644295302,0.003355704697986577,Luxury
Honda Civic Sedan 2020,Honda,Civic,Automatic,Octane,4450000,2020,1490.0,21900,6,3650.0,0.0424496644295302,0.003355704697986577,Luxury
Toyota Axio G-Push Start 2017,Toyota,Axio,Automatic,"Octane, LPG",2540000,2017,1500.0,57421,9,6380.111111111111,0.8884228187919463,0.10939597315436242,Medium
Honda Insight EX PKG 2021,Honda,Insight,Automatic,"Hybrid, Octane",4600000,2021,1490.0,38300,5,7660.0,0.0424496644295302,0.015100671140939598,Luxury
Toyota Corolla Cross Z LEATHER 4.5POINT 2022,Toyota,Corolla Cross,Automatic,"Hybrid, Octane",4770000,2022,1800.0,53000,4,13250.0,0.8884228187919463,0.07097315436241611,Luxury
Honda Civic Sedan 2020,Honda,Civic,Automatic,Octane,4400000,2020,1490.0,39600,6,6600.0,0.0424496644295302,0.003355704697986577,High
Honda Civic Sedan 2020,Honda,Civic,Automatic,Octane,4600000,2020,1490.0,38400,6,6400.0,0.0424496644295302,0.003355704697986577,Luxury
Toyota Esquire GI HYBRID 3.5 POINT 2020,Toyota,Esquire,Automatic,"Hybrid, Octane",3450000,2020,1800.0,120000,6,20000.0,0.8884228187919463,0.05855704697986577,High
Honda Grace DX PKG HYB 2020,Honda,Grace,Automatic,Hybrid,2349999,2020,1500.0,78000,6,13000.0,0.0424496644295302,0.0038590604026845637,Low
Toyota Premio FL PKG 4.5 POINT 2020,Toyota,Premio,Automatic,Octane,4500000,2020,1500.0,34000,6,5666.666666666667,0.8884228187919463,0.05285234899328859,Luxury
Toyota Axio X Octane Drive 2018,Toyota,Axio,Automatic,Octane,2490000,2018,1500.0,21075,8,2634.375,0.8884228187919463,0.10939597315436242,Medium
Toyota Corolla Cross Z PKG HARDTOP 2022,Toyota,Corolla Cross,Automatic,Hybrid,4280000,2022,1800.0,97000,4,24250.0,0.8884228187919463,0.07097315436241611,High
Toyota Harrier PRE-STYLE NOIR-Pkg 2020,Toyota,Harrier,Automatic,Octane,7300000,2020,1980.0,56094,6,9349.0,0.8884228187919463,0.03976510067114094,Luxury
Toyota Alphard HybridPush Start 2019,Toyota,Alphard,Automatic,"Hybrid, Octane",9000000,2019,2500.0,59010,7,8430.0,0.8884228187919463,0.0050335570469798654,Luxury
Toyota Prado Tx-L.Limited 2018,Toyota,Prado,Automatic,"Petrol, Octane",11800000,2018,2700.0,36800,8,4600.0,0.8884228187919463,0.013926174496644295,Luxury
Toyota Noah X SMART PUSH 2012,Toyota,Noah,Automatic,"Petrol, CNG, Octane",2250000,2012,2000.0,67000,14,4785.714285714285,0.8884228187919463,0.10671140939597315,Low
Range Rover Vogue Autobiography LWB 2019,Range Rover,Vogue,Automatic,"Petrol, Hybrid, Octane",21000000,2019,2000.0,24000,7,3428.5714285714284,0.002181208053691275,0.0015100671140939597,Luxury
Toyota Alphard EXECUTIVE LOUNGE HEV 2024,Toyota,Alphard,Automatic,"Petrol, Hybrid, Octane",19500000,2024,2500.0,90,2,45.0,0.8884228187919463,0.0050335570469798654,Luxury
Mercedes-Benz GLS-Class Maybach Conversion 2021,Mercedes-Benz,GLS-Class,Automatic,"Petrol, Octane",28500000,2021,3000.0,8000,5,1600.0,0.0026845637583892616,0.0005033557046979866,Luxury
Honda CR-V EX Master Pkg-Octane 2020,Honda,CR-V,Automatic,Octane,5800000,2020,1500.0,86700,6,14450.0,0.0424496644295302,0.011241610738255034,Luxury
Toyota Corolla X 2004,Toyota,Corolla,Automatic,"CNG, Octane",1320000,2004,1500.0,79100,22,3595.4545454545455,0.8884228187919463,0.04848993288590604,Low
Toyota Noah KEY NON HYBRID 2021,Toyota,Noah,Automatic,Octane,3600000,2021,2000.0,107562,5,21512.4,0.8884228187919463,0.10671140939597315,High
Toyota Premio F- EX Peral 2021,Toyota,Premio,Automatic,"Petrol, Octane",4750000,2021,1500.0,9000,5,1800.0,0.8884228187919463,0.05285234899328859,Luxury
Toyota Aqua Z Pkg Hyb Pearl 2021,Toyota,Aqua,Automatic,"Petrol, Hybrid, Octane",2490000,2021,1500.0,29600,5,5920.0,0.8884228187919463,0.015771812080536914,Medium
Toyota Voxy S-Z Purple Spacial 2022,Toyota,Voxy,Automatic,"Petrol, Hybrid, Octane",4900000,2022,1800.0,52000,4,13000.0,0.8884228187919463,0.027348993288590605,Luxury
Toyota Noah HYBEID SIWXB PEARL 2020,Toyota,Noah,Automatic,"Petrol, Hybrid, Octane",3800000,2020,1800.0,62341,6,10390.166666666666,0.8884228187919463,0.10671140939597315,High
Toyota Esquire HYBRID PKG.GI BLACK 2020,Toyota,Esquire,Automatic,"Petrol, Hybrid, Octane",3650000,2020,1800.0,25476,6,4246.0,0.8884228187919463,0.05855704697986577,High
Toyota Premio Fex Pearl 2021,Toyota,Premio,Automatic,"Petrol, Octane",4870000,2021,1500.0,9500,5,1900.0,0.8884228187919463,0.05285234899328859,Luxury
Toyota Allion A15 SILVER KEY 2019,Toyota,Allion,Automatic,"Petrol, Octane",3380000,2019,1500.0,48235,7,6890.714285714285,0.8884228187919463,0.03120805369127517,Medium
Toyota Corolla HYBRID 2020,Toyota,Corolla,Automatic,Hybrid,2350000,2020,1800.0,65412,6,10902.0,0.8884228187919463,0.04848993288590604,Medium
Suzuki Wagon R All Power Gearmanual 2006,Suzuki,Wagon R,Manual,Octane,410000,2006,1100.0,78563,20,3928.15,0.002348993288590604,0.00016778523489932885,Low
Toyota Premio Fex package 2017,Toyota,Premio,Automatic,Octane,3400000,2017,1500.0,80782,9,8975.777777777777,0.8884228187919463,0.05285234899328859,High
Toyota Harrier NON HYBRID SUNROOF 2020,Toyota,Harrier,Automatic,Octane,6550000,2020,2000.0,53123,6,8853.833333333334,0.8884228187919463,0.03976510067114094,Luxury
Honda Civic S Package RED 2020,Honda,Civic,Automatic,Hybrid,3760000,2020,1500.0,46000,6,7666.666666666667,0.0424496644295302,0.003355704697986577,High
Toyota Corolla Cross HARD TOP 2021,Toyota,Corolla Cross,Automatic,Hybrid,4450000,2021,1800.0,66000,5,13200.0,0.8884228187919463,0.07097315436241611,Luxury
Honda Insight EX BLACK STYLE 2021,Honda,Insight,Automatic,Hybrid,4430000,2021,1500.0,37000,5,7400.0,0.0424496644295302,0.015100671140939598,Luxury
Toyota Axio HYBRID 2020,Toyota,Axio,Automatic,Hybrid,2100000,2020,1500.0,65425,6,10904.166666666666,0.8884228187919463,0.10939597315436242,Low
Toyota Noah SI WXB 8 SEATER 2020,Toyota,Noah,Automatic,"Petrol, Octane",4150000,2020,2000.0,79000,6,13166.666666666666,0.8884228187919463,0.10671140939597315,High
Toyota Axio EX White 4106k km 2020,Toyota,Axio,Automatic,Petrol,2920000,2020,1500.0,106000,6,17666.666666666668,0.8884228187919463,0.10939597315436242,Medium
Toyota ist G Pkg Push 2010,Toyota,ist,Automatic,Octane,1390000,2010,1500.0,74580,16,4661.25,0.8884228187919463,0.002181208053691275,Low
Toyota Hiace Super GL Dark Prime2 2020,Toyota,Hiace,Automatic,Petrol,4730000,2020,2000.0,57200,6,9533.333333333334,0.8884228187919463,0.09429530201342282,Luxury
Toyota Hiace SUPER GL 2020,Toyota,Hiace,Automatic,"Petrol, Octane",4070000,2020,2000.0,80352,6,13392.0,0.8884228187919463,0.09429530201342282,High
Toyota Premio F-EX  Grade-5  2020,Toyota,Premio,Automatic,"Petrol, Octane",4500000,2020,1500.0,3000,6,500.0,0.8884228187919463,0.05285234899328859,Luxury
Honda Vezel Play Hybrid 4.5 2022,Honda,Vezel,Automatic,"Petrol, Hybrid, Octane",5050000,2022,1500.0,6538,4,1634.5,0.0424496644295302,0.006711409395973154,Luxury
Toyota Aqua S-Style Hybrid GP-4 2020,Toyota,Aqua,Automatic,"Petrol, Hybrid, Octane",2200000,2020,1500.0,39089,6,6514.833333333333,0.8884228187919463,0.015771812080536914,Low
Toyota Axio G 2014,Toyota,Axio,Automatic,"CNG, Octane",1765000,2014,1500.0,76000,12,6333.333333333333,0.8884228187919463,0.10939597315436242,Low
Toyota Noah Push 2 D.P Nonhybrid 2020,Toyota,Noah,Automatic,"Petrol, Octane",3780000,2020,2000.0,81573,6,13595.5,0.8884228187919463,0.10671140939597315,High
Toyota Harrier SHOWROOM-READY 2022,Toyota,Harrier,Automatic,"Petrol, Octane",7800000,2022,2000.0,68512,4,17128.0,0.8884228187919463,0.03976510067114094,Luxury
Toyota Noah Hybrid G 2016,Toyota,Noah,Automatic,"Hybrid, Octane",2480000,2016,1800.0,66000,10,6600.0,0.8884228187919463,0.10671140939597315,Medium
Toyota Axio EX HYBRID WHITE 2020,Toyota,Axio,Automatic,"Hybrid, Octane",2300000,2020,1500.0,53000,6,8833.333333333334,0.8884228187919463,0.10939597315436242,Low
Toyota Corolla Cross Z Leather package 2022,Toyota,Corolla Cross,Automatic,"Hybrid, Octane",4490000,2022,1800.0,9853,4,2463.25,0.8884228187919463,0.07097315436241611,Luxury
Toyota Corolla G-X PACKAGE 2021,Toyota,Corolla,Automatic,Hybrid,2740000,2021,1800.0,74365,5,14873.0,0.8884228187919463,0.04848993288590604,Medium
Toyota Noah All Power 2004,Toyota,Noah,Automatic,"CNG, Octane",1055000,2004,1800.0,78542,22,3570.090909090909,0.8884228187919463,0.10671140939597315,Low
Nissan X-Trail 2016,Nissan,X-Trail,Automatic,"Hybrid, Octane",2295000,2019,2000.0,68555,7,9793.57142857143,0.02365771812080537,0.015436241610738255,Low
Honda CR-V 2005,Honda,CR-V,Automatic,Octane,1080000,2005,2000.0,100000,21,4761.9047619047615,0.0424496644295302,0.011241610738255034,Low
Toyota Noah G Spacial Seat 2020,Toyota,Noah,Automatic,"Petrol, Hybrid, Octane",3640000,2020,1800.0,95000,6,15833.333333333334,0.8884228187919463,0.10671140939597315,High
Toyota Hiace DX Single Ac Bodykit 2020,Toyota,Hiace,Automatic,"Petrol, Octane",3290000,2020,2000.0,94000,6,15666.666666666666,0.8884228187919463,0.09429530201342282,Medium
Toyota Yaris G PKG 2020,Toyota,Yaris,Automatic,"Petrol, Hybrid, Octane",2320000,2020,1500.0,79000,6,13166.666666666666,0.8884228187919463,0.003355704697986577,Low
Toyota Sienta XNONHYBRID 2020,Toyota,Sienta,Automatic,"Petrol, Octane",2620000,2020,1500.0,92000,6,15333.333333333334,0.8884228187919463,0.009228187919463088,Medium
Toyota Noah KEY NON HYBRID 2021,Toyota,Noah,Automatic,Octane,3600000,2021,2000.0,95178,5,19035.6,0.8884228187919463,0.10671140939597315,High
Toyota Harrier Z PACKAGE 2021,Toyota,Harrier,Automatic,Hybrid,7650000,2021,2500.0,14132,5,2826.4,0.8884228187919463,0.03976510067114094,Luxury
Toyota Fielder HYBRID 2020,Toyota,Fielder,Automatic,Hybrid,2150000,2020,1500.0,65642,6,10940.333333333334,0.8884228187919463,0.057885906040268456,Low
Toyota Axio HYBRID 2020,Toyota,Axio,Automatic,"Petrol, Hybrid, Octane, Other fuel type",2150000,2020,1500.0,90000,6,15000.0,0.8884228187919463,0.10939597315436242,Low
Toyota Hiace SUPER GL PRIME PEARL 2020,Toyota,Hiace,Automatic,Petrol,4500000,2020,2000.0,50000,6,8333.333333333334,0.8884228187919463,0.09429530201342282,Luxury
Lexus ES 300H V-L FULL LOADED 2020,Lexus,ES,Automatic,Hybrid,9450000,2020,2500.0,33000,6,5500.0,0.0068791946308724835,0.0015100671140939597,Luxury
Toyota Harrier Z-LEATHER PANORAMIC 2021,Toyota,Harrier,Automatic,"Petrol, Octane",8700000,2021,2000.0,41918,5,8383.6,0.8884228187919463,0.03976510067114094,Luxury
Toyota Voxy S-Z HYBRID NEW SHAPE 2022,Toyota,Voxy,Automatic,"Petrol, Hybrid, Octane",5050000,2022,1800.0,60000,4,15000.0,0.8884228187919463,0.027348993288590605,Luxury
Toyota Corolla TOURING WXB WAGON 2020,Toyota,Corolla,Automatic,Hybrid,3140000,2020,1800.0,79000,6,13166.666666666666,0.8884228187919463,0.04848993288590604,Medium
Toyota Corolla Cross Z-LEATHER GRAY 360 2021,Toyota,Corolla Cross,Automatic,"Petrol, Hybrid, Octane",4500000,2021,1800.0,44078,5,8815.6,0.8884228187919463,0.07097315436241611,Luxury
Toyota Esquire GI PREMIUM PEARL 2020,Toyota,Esquire,Automatic,Hybrid,3750000,2020,1800.0,53610,6,8935.0,0.8884228187919463,0.05855704697986577,High
Toyota Axio EX HYBRID WHITE 2021,Toyota,Axio,Automatic,Hybrid,2200000,2021,1500.0,86500,5,17300.0,0.8884228187919463,0.10939597315436242,Low
Toyota Esquire GI PREMIUM HY black 2020,Toyota,Esquire,Automatic,Hybrid,3890000,2020,1800.0,73200,6,12200.0,0.8884228187919463,0.05855704697986577,High
Toyota Axio EX HYBRID SILVER 2020,Toyota,Axio,Automatic,Hybrid,2250000,2020,1500.0,87000,6,14500.0,0.8884228187919463,0.10939597315436242,Low
Toyota Noah X NON HY PEARL 2022,Toyota,Noah,Automatic,Petrol,4520000,2022,2000.0,82000,4,20500.0,0.8884228187919463,0.10671140939597315,Luxury
Toyota Axio EX NON HYBRID 2021,Toyota,Axio,Automatic,Hybrid,2850000,2021,1500.0,35000,5,7000.0,0.8884228187919463,0.10939597315436242,Medium
Toyota Axio EX SILVER AP 4.5 2021,Toyota,Axio,Automatic,Hybrid,2570000,2021,1500.0,36240,5,7248.0,0.8884228187919463,0.10939597315436242,Medium
Toyota Axio EX NON HYBRID SILVER 2021,Toyota,Axio,Automatic,"Petrol, Octane",2890000,2021,1500.0,37940,5,7588.0,0.8884228187919463,0.10939597315436242,Medium
Toyota Hiace GL AMBULANCH 2020,Toyota,Hiace,Automatic,Petrol,3050000,2020,2000.0,129000,6,21500.0,0.8884228187919463,0.09429530201342282,Medium
Toyota Axio EX HYBRID WHITE 2020,Toyota,Axio,Automatic,Hybrid,2280000,2020,1500.0,103280,6,17213.333333333332,0.8884228187919463,0.10939597315436242,Low
Toyota Hiace DX AMBULANCE 2020,Toyota,Hiace,Automatic,Petrol,2750000,2020,2000.0,81700,6,13616.666666666666,0.8884228187919463,0.09429530201342282,Medium
Toyota Hiace DX AMBULANCE 2020,Toyota,Hiace,Automatic,Petrol,2780000,2020,2000.0,85230,6,14205.0,0.8884228187919463,0.09429530201342282,Medium
Toyota Esquire GI HY BLACK 2020,Toyota,Esquire,Automatic,Hybrid,3790000,2020,1800.0,97110,6,16185.0,0.8884228187919463,0.05855704697986577,High
Toyota Axio EX HYBRID WHITE 2020,Toyota,Axio,Automatic,Hybrid,2350000,2020,1500.0,53000,6,8833.333333333334,0.8884228187919463,0.10939597315436242,Medium
Toyota Axio EX HYBRID SILVER 2020,Toyota,Axio,Automatic,Hybrid,2290000,2020,1500.0,62000,6,10333.333333333334,0.8884228187919463,0.10939597315436242,Low
Toyota Hiace GL BLACK DUAL AC 2022,Toyota,Hiace,Automatic,Petrol,3550000,2022,2000.0,51380,4,12845.0,0.8884228187919463,0.09429530201342282,High
Toyota Corolla X 2001,Toyota,Corolla,Automatic,"CNG, Octane",920000,2001,1500.0,95800,25,3832.0,0.8884228187919463,0.04848993288590604,Low
Toyota Noah SZ Pearl S7 km 2025,Toyota,Noah,Automatic,Hybrid,6360000,2025,1800.0,7,1,7.0,0.8884228187919463,0.10671140939597315,Luxury
Toyota Corolla Cross Z Bronze 528900 km 2023,Toyota,Corolla Cross,Automatic,Hybrid,5240000,2023,1800.0,28900,3,9633.333333333334,0.8884228187919463,0.07097315436241611,Luxury
Toyota Esquire GI Black 4.537k km 2020,Toyota,Esquire,Automatic,Hybrid,4060000,2020,1800.0,37000,6,6166.666666666667,0.8884228187919463,0.05855704697986577,High
Mitsubishi l200 Double Cabin 2007,Mitsubishi,l200,Manual,"CNG, Octane",550000,2007,2000.0,100009,19,5263.631578947368,0.012583892617449664,0.0015100671140939597,Low
Toyota Corolla Cross Z Leather 2024,Toyota,Corolla Cross,Automatic,"Petrol, Hybrid, Octane",5550000,2024,1800.0,1500,2,750.0,0.8884228187919463,0.07097315436241611,Luxury
Honda Civic EX NON HYBRID 2020,Honda,Civic,Automatic,"Petrol, Octane",4150000,2020,1500.0,31000,6,5166.666666666667,0.0424496644295302,0.003355704697986577,High
Toyota Voxy Nonhybrid ZsKirameki 2020,Toyota,Voxy,Automatic,"Petrol, Octane",3760000,2020,2000.0,79351,6,13225.166666666666,0.8884228187919463,0.027348993288590605,High
Toyota Avanza G 2011,Toyota,Avanza,Automatic,Octane,1380000,2011,1500.0,72000,15,4800.0,0.8884228187919463,0.0015100671140939597,Low
Toyota Noah Non Hyb key 3.5 2Dpw 2019,Toyota,Noah,Automatic,"Octane, Other fuel type",3520000,2019,2000.0,63236,7,9033.714285714286,0.8884228187919463,0.10671140939597315,High
Toyota Voxy S-Z PKG BLACK 2022,Toyota,Voxy,Automatic,"Hybrid, Octane",4750000,2022,1800.0,52615,4,13153.75,0.8884228187919463,0.027348993288590605,Luxury
Toyota Fielder Hybrid Push 4 Grade 2020,Toyota,Fielder,Automatic,Hybrid,2320000,2020,1500.0,87365,6,14560.833333333334,0.8884228187919463,0.057885906040268456,Low
Toyota Hiace Super GL 2020,Toyota,Hiace,Automatic,Octane,3950000,2020,2000.0,43580,6,7263.333333333333,0.8884228187919463,0.09429530201342282,High
Toyota Voxy ZS Kiramic Non Hybrd 2020,Toyota,Voxy,Automatic,"Petrol, Octane",3900000,2020,2000.0,48300,6,8050.0,0.8884228187919463,0.027348993288590605,High
Toyota Corolla Cross HY Z LEATHER MOONROF 2024,Toyota,Corolla Cross,Automatic,"Petrol, Hybrid, Octane",5600000,2024,1800.0,8000,2,4000.0,0.8884228187919463,0.07097315436241611,Luxury
Lexus RX 300 2020,Lexus,RX,Automatic,"Petrol, Octane",12900000,2020,2000.0,47000,6,7833.333333333333,0.0068791946308724835,0.0028523489932885905,Luxury
Toyota Noah SZ MZRA-90 2022,Toyota,Noah,Automatic,"Petrol, Octane",6500000,2022,2000.0,38551,4,9637.75,0.8884228187919463,0.10671140939597315,Luxury
Toyota Noah Hybrid SI WXB V-2 2021,Toyota,Noah,Automatic,"Petrol, Hybrid, Octane",3700000,2021,1800.0,3000,5,600.0,0.8884228187919463,0.10671140939597315,High
Toyota Esquire Hybrid-GI-Premium. 2020,Toyota,Esquire,Automatic,"Petrol, Hybrid, Octane",3850000,2020,1800.0,60000,6,10000.0,0.8884228187919463,0.05855704697986577,High
Toyota Corolla Cross Z-LEATHER 360 CAMERA 2021,Toyota,Corolla Cross,Automatic,"Petrol, Hybrid, Octane",4450000,2021,1800.0,17000,5,3400.0,0.8884228187919463,0.07097315436241611,Luxury
Toyota Corolla Cross Z-LEATHER HY HARD TP 2022,Toyota,Corolla Cross,Automatic,"Petrol, Hybrid, Octane",4550000,2022,1800.0,53143,4,13285.75,0.8884228187919463,0.07097315436241611,Luxury
Toyota Hiace SUPER GL DARK PRI-2 2022,Toyota,Hiace,Automatic,"Petrol, Octane",4800000,2022,2000.0,76215,4,19053.75,0.8884228187919463,0.09429530201342282,Luxury
Toyota Sienta G Quero 360Cam 2020,Toyota,Sienta,Automatic,"Petrol, Hybrid, Octane",2800000,2020,1500.0,84576,6,14096.0,0.8884228187919463,0.009228187919463088,Medium
Toyota C-HR G LED GP-4.5 2020,Toyota,C-HR,Automatic,"Petrol, Hybrid, Octane",3600000,2020,1800.0,33000,6,5500.0,0.8884228187919463,0.027181208053691275,High
Toyota Premio FL 2020,Toyota,Premio,Automatic,Octane,4300000,2020,1500.0,23000,6,3833.3333333333335,0.8884228187919463,0.05285234899328859,High
Toyota Hiace GL ORGENAL DUAL AC 2020,Toyota,Hiace,Automatic,"Petrol, Octane",3350000,2020,2000.0,87546,6,14591.0,0.8884228187919463,0.09429530201342282,Medium
Toyota Esquire Gi Pkg Nonhy Gp-4.5 2020,Toyota,Esquire,Automatic,"Petrol, Octane",4580000,2020,2000.0,44500,6,7416.666666666667,0.8884228187919463,0.05855704697986577,Luxury
Toyota Noah X PUSH Offer Price 2020,Toyota,Noah,Automatic,"Petrol, Hybrid, Octane",3100000,2020,1800.0,92000,6,15333.333333333334,0.8884228187919463,0.10671140939597315,Medium
Toyota Noah X pkg 2020,Toyota,Noah,Automatic,Hybrid,3200000,2020,1800.0,59000,6,9833.333333333334,0.8884228187919463,0.10671140939597315,Medium
Toyota Corolla Cross Z-PKG 2022,Toyota,Corolla Cross,Automatic,Octane,4725000,2022,1790.0,44223,4,11055.75,0.8884228187919463,0.07097315436241611,Luxury
Toyota Fielder x 2005,Toyota,Fielder,Automatic,"CNG, Octane",1360000,2005,1500.0,92321,21,4396.238095238095,0.8884228187919463,0.057885906040268456,Low
Toyota Prius S PKG 4 POINT 2020,Toyota,Prius,Automatic,Hybrid,3100000,2020,1800.0,51000,6,8500.0,0.8884228187919463,0.029865771812080538,Medium
Toyota Fielder 2012,Toyota,Fielder,Automatic,Octane,1745000,2018,1500.0,73422,8,9177.75,0.8884228187919463,0.057885906040268456,Low
Toyota Wagon 100 2000,Toyota,Wagon 100,Automatic,Octane,480000,2000,1331.0,91200,26,3507.6923076923076,0.8884228187919463,0.0008389261744966443,Low
Toyota Axio G 2016,Toyota,Axio,Automatic,Octane,3130000,2016,1500.0,43234,10,4323.4,0.8884228187919463,0.10939597315436242,Medium
Toyota Corolla Cross Z-PKG 2022,Toyota,Corolla Cross,Automatic,"Hybrid, Octane",4750000,2022,1790.0,27567,4,6891.75,0.8884228187919463,0.07097315436241611,Luxury
Toyota Allion 2011,Toyota,Allion,Automatic,Octane,2200000,2017,1500.0,93000,9,10333.333333333334,0.8884228187919463,0.03120805369127517,Low
Toyota Allion G Plus Limited 2016,Toyota,Allion,Automatic,"Octane, LPG",3180000,2016,1500.0,41234,10,4123.4,0.8884228187919463,0.03120805369127517,Medium
"Toyota Corolla GX, AUCTION GRADE 4 2019",Toyota,Corolla,Automatic,Octane,2750000,2019,1800.0,56910,7,8130.0,0.8884228187919463,0.04848993288590604,Medium
Toyota Harrier Advance Premium 2014,Toyota,Harrier,Automatic,Octane,4400000,2014,2000.0,69342,12,5778.5,0.8884228187919463,0.03976510067114094,High
Toyota Axio EX HYBRID 2021,Toyota,Axio,Automatic,"Hybrid, Octane",2250000,2021,1500.0,60853,5,12170.6,0.8884228187919463,0.10939597315436242,Low
Honda Insight Ex package 2020,Honda,Insight,Automatic,"Petrol, Hybrid, Octane",3650000,2020,1500.0,105000,6,17500.0,0.0424496644295302,0.015100671140939598,High
Toyota Noah KEY START NON HYBRID 2021,Toyota,Noah,Automatic,Octane,3600000,2021,2000.0,107129,5,21425.8,0.8884228187919463,0.10671140939597315,High
Toyota Esquire GI PREMIUM HY BLACK 2020,Toyota,Esquire,Automatic,Hybrid,3780000,2020,1800.0,63000,6,10500.0,0.8884228187919463,0.05855704697986577,High
Toyota Premio FL 2020 Black,Toyota,Premio,Automatic,Octane,4200000,2020,1500.0,60000,6,10000.0,0.8884228187919463,0.05285234899328859,High
Toyota Harrier Z Leather 2021,Toyota,Harrier,Automatic,Hybrid,7650000,2021,2500.0,76000,5,15200.0,0.8884228187919463,0.03976510067114094,Luxury
Toyota Corolla X 2005,Toyota,Corolla,Automatic,"Octane, LPG",1290000,2005,1500.0,75100,21,3576.190476190476,0.8884228187919463,0.04848993288590604,Low
Toyota C-HR G-LED Pearl 2021,Toyota,C-HR,Automatic,"Hybrid, Octane",3380000,2021,1800.0,42351,5,8470.2,0.8884228187919463,0.027181208053691275,Medium
Toyota Yaris Cross G Package Black 2020,Toyota,Yaris Cross,Automatic,Hybrid,3190000,2020,1500.0,66170,6,11028.333333333334,0.8884228187919463,0.02097315436241611,Medium
Toyota Prius S package Silver 2020,Toyota,Prius,Automatic,"Hybrid, Octane",2820000,2020,1800.0,41502,6,6917.0,0.8884228187919463,0.029865771812080538,Medium
Toyota Voxy S-Z Hybrid Black 2022,Toyota,Voxy,Automatic,"Hybrid, Octane",4350000,2022,1800.0,25763,4,6440.75,0.8884228187919463,0.027348993288590605,High
Toyota Hiace GL PACKAGE DUAL AC 2020,Toyota,Hiace,Automatic,"Petrol, Octane",3240000,2020,2000.0,65912,6,10985.333333333334,0.8884228187919463,0.09429530201342282,Medium
Toyota Esquire Gi premium Hybrid 2020,Toyota,Esquire,Automatic,"Hybrid, Octane",3750000,2020,1800.0,75503,6,12583.833333333334,0.8884228187919463,0.05855704697986577,High
Toyota Corolla S PACKAGE 2020,Toyota,Corolla,Automatic,Hybrid,2840000,2020,1800.0,52467,6,8744.5,0.8884228187919463,0.04848993288590604,Medium
Toyota Noah G PACKAGE NON-HY 2020,Toyota,Noah,Automatic,"Petrol, Octane",3760000,2020,2000.0,53647,6,8941.166666666666,0.8884228187919463,0.10671140939597315,High
Toyota Noah X PACKAGE NON-HY 2020,Toyota,Noah,Automatic,"Petrol, Octane",3260000,2020,2000.0,56479,6,9413.166666666666,0.8884228187919463,0.10671140939597315,Medium
Toyota Noah S-Z PACKAGE 2023,Toyota,Noah,Automatic,Hybrid,5250000,2023,1800.0,14493,3,4831.0,0.8884228187919463,0.10671140939597315,Luxury
Toyota Fielder EX PACKAGE HYBRID 2020,Toyota,Fielder,Automatic,Hybrid,2530000,2020,1500.0,43989,6,7331.5,0.8884228187919463,0.057885906040268456,Medium
Toyota Esquire Non Hybrid Pearl 2020,Toyota,Esquire,Automatic,Octane,3700000,2020,2000.0,47790,6,7965.0,0.8884228187919463,0.05855704697986577,High
Toyota Noah S-Z Leg Rest Eye Sen 2022,Toyota,Noah,Automatic,"Petrol, Hybrid, Octane",4900000,2022,1800.0,53400,4,13350.0,0.8884228187919463,0.10671140939597315,Luxury
Toyota Corolla Touring WXB Hybrid 2021,Toyota,Corolla,Automatic,"Petrol, Hybrid, Octane",3000000,2021,1800.0,100000,5,20000.0,0.8884228187919463,0.04848993288590604,Medium
Toyota Prius HYBRID 2023,Toyota,Prius,Automatic,Hybrid,4100000,2023,1800.0,32145,3,10715.0,0.8884228187919463,0.029865771812080538,High
Toyota Axio Hybrid EX 2021,Toyota,Axio,Automatic,"Petrol, Hybrid, Octane",2250000,2021,1500.0,86520,5,17304.0,0.8884228187919463,0.10939597315436242,Low
Toyota Hiace SUPER GL DARK PRIME 2022,Toyota,Hiace,Automatic,Petrol,4500000,2022,2000.0,65000,4,16250.0,0.8884228187919463,0.09429530201342282,Luxury
Toyota Fielder EX NON HYBRID 2021,Toyota,Fielder,Automatic,Petrol,2790000,2021,1500.0,45000,5,9000.0,0.8884228187919463,0.057885906040268456,Medium
Toyota Axio X 2012,Toyota,Axio,Automatic,"CNG, Octane",1595000,2012,1500.0,75800,14,5414.285714285715,0.8884228187919463,0.10939597315436242,Low
Toyota Corolla Cross Z Massive Grey 2025,Toyota,Corolla Cross,Automatic,Hybrid,5900000,2025,1800.0,79,1,79.0,0.8884228187919463,0.07097315436241611,Luxury
Toyota Corolla S Hybrid 2020,Toyota,Corolla,Automatic,"Hybrid, Octane",2950000,2020,1800.0,55000,6,9166.666666666666,0.8884228187919463,0.04848993288590604,Medium
Toyota Esquire XI 2020,Toyota,Esquire,Automatic,Octane,4020000,2020,2000.0,163000,6,27166.666666666668,0.8884228187919463,0.05855704697986577,High
Toyota Vitz X EDITION 2011,Toyota,Vitz,Automatic,Petrol,980000,2011,1000.0,56000,15,3733.3333333333335,0.8884228187919463,0.0041946308724832215,Low
Toyota C-HR G-LED HY NEW SHAPE 2020,Toyota,C-HR,Automatic,"Petrol, Hybrid, Octane",3500000,2020,1800.0,44558,6,7426.333333333333,0.8884228187919463,0.027181208053691275,High
Toyota RAV4 X EDITION 2004,Toyota,RAV4,Automatic,"Petrol, CNG",1220000,2004,1800.0,85000,22,3863.6363636363635,0.8884228187919463,0.009731543624161074,Low
Toyota Axio EX PKG WHITE COLOR 2020,Toyota,Axio,Automatic,Hybrid,2580000,2020,1500.0,41927,6,6987.833333333333,0.8884228187919463,0.10939597315436242,Medium
Nissan X-Trail Hybrid 2016,Nissan,X-Trail,Automatic,"Hybrid, Octane",2450000,2016,2000.0,55523,10,5552.3,0.02365771812080537,0.015436241610738255,Medium
Toyota Allion A15 2006,Toyota,Allion,Automatic,Octane,1590000,2006,1500.0,75300,20,3765.0,0.8884228187919463,0.03120805369127517,Low
Lexus ES 300h 2020,Lexus,ES,Automatic,"Petrol, Hybrid, Octane",10700000,2020,2000.0,53510,6,8918.333333333334,0.0068791946308724835,0.0015100671140939597,Luxury
Toyota Crown SHOWROOM-READY 2020,Toyota,Crown,Automatic,"Petrol, Hybrid, Octane",7300000,2020,2500.0,68512,6,11418.666666666666,0.8884228187919463,0.00587248322147651,Luxury
Toyota Harrier Z LEATHER-PKG-NON HY 2020,Toyota,Harrier,Automatic,"Petrol, Octane",7700000,2020,2000.0,57748,6,9624.666666666666,0.8884228187919463,0.03976510067114094,Luxury
BMW X5 Plug In Hybrid 2017,BMW,X5,Automatic,"Hybrid, Octane",12300000,2017,2000.0,38262,9,4251.333333333333,0.0038590604026845637,0.0016778523489932886,Luxury
Toyota Noah HYBRID-Z 2022,Toyota,Noah,Automatic,"Petrol, Hybrid, Octane",5200000,2022,2000.0,42000,4,10500.0,0.8884228187919463,0.10671140939597315,Luxury
Toyota Harrier NON-HYBRID READY 2020,Toyota,Harrier,Automatic,"Petrol, Octane",7700000,2020,2000.0,58512,6,9752.0,0.8884228187919463,0.03976510067114094,Luxury
Toyota Harrier SHOWROOM-READY 2020,Toyota,Harrier,Automatic,"Petrol, Octane",7700000,2020,2000.0,58512,6,9752.0,0.8884228187919463,0.03976510067114094,Luxury
Toyota Hiace Super-GL Dark-Prime2 2020,Toyota,Hiace,Automatic,Petrol,4500000,2020,2000.0,79000,6,13166.666666666666,0.8884228187919463,0.09429530201342282,Luxury
Toyota Hiace SUPER-GL DARK PRIME2 2021,Toyota,Hiace,Automatic,Octane,4780000,2021,2000.0,70000,5,14000.0,0.8884228187919463,0.09429530201342282,Luxury
Toyota Esquire GI Brown Interior 2020,Toyota,Esquire,Automatic,Hybrid,3800000,2020,1800.0,102000,6,17000.0,0.8884228187919463,0.05855704697986577,High
Toyota Corolla Wxb 2020,Toyota,Corolla,Automatic,Hybrid,3400000,2020,1800.0,42000,6,7000.0,0.8884228187919463,0.04848993288590604,High
Mazda 3 Sedan S-TOURING 2021,Mazda,3 Sedan,Automatic,"Petrol, Octane",3540000,2021,1500.0,41000,5,8200.0,0.0025167785234899327,0.0003355704697986577,High
Toyota Hiace HIGHROOF AMBULANCE 2023,Toyota,Hiace,Automatic,"Petrol, Octane",3180000,2023,2000.0,104000,3,34666.666666666664,0.8884228187919463,0.09429530201342282,Medium
Toyota Esquire GI Non Hybrid 2020,Toyota,Esquire,Automatic,Petrol,4500000,2020,2000.0,53000,6,8833.333333333334,0.8884228187919463,0.05855704697986577,Luxury
Toyota Corolla Cross S Hybrid 2022,Toyota,Corolla Cross,Automatic,Hybrid,3950000,2022,1800.0,36559,4,9139.75,0.8884228187919463,0.07097315436241611,High
Toyota Land Cruiser VX-V8 Diesel Turbo 2014,Toyota,Land Cruiser,Automatic,Diesel,16500000,2014,4500.0,32210,12,2684.1666666666665,0.8884228187919463,0.008557046979865772,Luxury
Nissan Sunny . 2010,Nissan,Sunny,Automatic,Octane,1050000,2010,1331.0,55000,16,3437.5,0.02365771812080537,0.002181208053691275,Low
Toyota Sienta G PKG HYB 2021,Toyota,Sienta,Automatic,Hybrid,2650000,2021,1500.0,62000,5,12400.0,0.8884228187919463,0.009228187919463088,Medium
Toyota Axio Fielder X-LTD 2011,Toyota,Axio,Automatic,Octane,1680000,2011,1500.0,65271,15,4351.4,0.8884228187919463,0.10939597315436242,Low
Toyota Harrier Progress pkg 2020,Toyota,Harrier,Automatic,Octane,7400000,2020,1980.0,28165,6,4694.166666666667,0.8884228187919463,0.03976510067114094,Luxury
Honda Insight EX PKG 2021,Honda,Insight,Automatic,"Hybrid, Octane",4700000,2021,1490.0,25600,5,5120.0,0.0424496644295302,0.015100671140939598,Luxury
Toyota Vitz Octane Drive 2011,Toyota,Vitz,Automatic,Octane,1320000,2011,1300.0,52320,15,3488.0,0.8884228187919463,0.0041946308724832215,Low
Honda Grace 2020,Honda,Grace,Automatic,"Petrol, Hybrid, Octane",2350000,2020,1500.0,130000,6,21666.666666666668,0.0424496644295302,0.0038590604026845637,Medium
Toyota Noah X SMART PUSH 1 DP 2020,Toyota,Noah,Automatic,"Hybrid, Octane",3260000,2020,1800.0,96000,6,16000.0,0.8884228187919463,0.10671140939597315,Medium
Honda Vezel Hybrid 2017,Honda,Vezel,Automatic,"Hybrid, Octane",2200000,2017,1500.0,69294,9,7699.333333333333,0.0424496644295302,0.006711409395973154,Low
Toyota Noah S-Z All Option 2025,Toyota,Noah,Automatic,"Petrol, Hybrid, Octane",5750000,2025,1800.0,6,1,6.0,0.8884228187919463,0.10671140939597315,Luxury
Toyota Fielder HYBRID EX SILVER 2020,Toyota,Fielder,Automatic,"Petrol, Hybrid, Octane",2450000,2020,1500.0,87245,6,14540.833333333334,0.8884228187919463,0.057885906040268456,Medium
Toyota Axio NON HYBRID EX WHITE 2021,Toyota,Axio,Automatic,"Petrol, Octane",3100000,2021,1500.0,30245,5,6049.0,0.8884228187919463,0.10939597315436242,Medium
Toyota Aqua Hybrid Z New Shape 2021,Toyota,Aqua,Automatic,"Petrol, Hybrid, Octane",2540000,2021,1500.0,29034,5,5806.8,0.8884228187919463,0.015771812080536914,Medium
Toyota Allion A15 kye WHITE 2020,Toyota,Allion,Automatic,"Petrol, Octane",3850000,2020,1500.0,26345,6,4390.833333333333,0.8884228187919463,0.03120805369127517,High
Toyota Aqua HYBRID PKG.S STYLE 2020,Toyota,Aqua,Automatic,"Petrol, Hybrid, Octane",1900000,2020,1500.0,78146,6,13024.333333333334,0.8884228187919463,0.015771812080536914,Low
Toyota Esquire HYBRID GI BLACK 2020,Toyota,Esquire,Automatic,"Petrol, Hybrid, Octane",3600000,2020,1800.0,69345,6,11557.5,0.8884228187919463,0.05855704697986577,High
Toyota Voxy Hybrid Zs Kirameki-2 2020,Toyota,Voxy,Automatic,"Petrol, Hybrid, Octane",3380000,2020,1800.0,76500,6,12750.0,0.8884228187919463,0.027348993288590605,Medium
Toyota Hiace Ambulance DX 2020,Toyota,Hiace,Automatic,"Petrol, Octane",2420000,2020,2000.0,75000,6,12500.0,0.8884228187919463,0.09429530201342282,Medium
Toyota Axio All Power 2011,Toyota,Axio,Automatic,"CNG, Octane",1515000,2011,1500.0,78563,15,5237.533333333334,0.8884228187919463,0.10939597315436242,Low
Toyota Axio EX-PUSH START HYBRID 2020,Toyota,Axio,Automatic,Hybrid,2350000,2020,1500.0,114986,6,19164.333333333332,0.8884228187919463,0.10939597315436242,Medium
Toyota Aqua HYBRID 2020,Toyota,Aqua,Automatic,"Petrol, Hybrid, Octane, Other fuel type",1700000,2020,1500.0,80000,6,13333.333333333334,0.8884228187919463,0.015771812080536914,Low
Toyota Corolla WxB 2021,Toyota,Corolla,Automatic,"Petrol, Hybrid, Octane",2750000,2021,1800.0,48627,5,9725.4,0.8884228187919463,0.04848993288590604,Medium
Toyota Corolla WxB ORDER 2021,Toyota,Corolla,Automatic,"Petrol, Hybrid, Octane",2750000,2021,1800.0,48629,5,9725.8,0.8884228187919463,0.04848993288590604,Medium
Toyota C-HR HYBRID 2020,Toyota,C-HR,Automatic,Hybrid,3100000,2020,1800.0,65580,6,10930.0,0.8884228187919463,0.027181208053691275,Medium
Toyota Voxy hybrid 2020,Toyota,Voxy,Automatic,"Petrol, Hybrid, Octane",2800000,2020,1800.0,56472,6,9412.0,0.8884228187919463,0.027348993288590605,Medium
Toyota Corolla TOURING WXB PEARL 2020,Toyota,Corolla,Automatic,Hybrid,2950000,2020,1800.0,87000,6,14500.0,0.8884228187919463,0.04848993288590604,Medium
"Toyota RAV4 G BLACK 360,SUNROOF 2022",Toyota,RAV4,Automatic,Hybrid,7300000,2022,2500.0,50000,4,12500.0,0.8884228187919463,0.009731543624161074,Luxury
Toyota C-HR G MODE NERO YELLOW 2020,Toyota,C-HR,Automatic,Hybrid,3450000,2020,1800.0,62000,6,10333.333333333334,0.8884228187919463,0.027181208053691275,High
Toyota Voxy S-Z BLACK-BROWN INTE 2020,Toyota,Voxy,Automatic,"Petrol, Hybrid, Octane",3260000,2020,1800.0,141759,6,23626.5,0.8884228187919463,0.027348993288590605,Medium
Toyota Esquire GI PREMIUM PEARL 2020,Toyota,Esquire,Automatic,"Petrol, Hybrid, Octane",4050000,2020,1800.0,74000,6,12333.333333333334,0.8884228187919463,0.05855704697986577,High
Toyota Noah SI WXB PEARL COLOUR 2020,Toyota,Noah,Automatic,Hybrid,3850000,2020,1800.0,62000,6,10333.333333333334,0.8884228187919463,0.10671140939597315,High
"Toyota Corolla Cross S LED BLUE,360 CAM 2022",Toyota,Corolla Cross,Automatic,Hybrid,4150000,2022,1800.0,18000,4,4500.0,0.8884228187919463,0.07097315436241611,High
Toyota Esquire HB GI PREMIUM PEARL 2020,Toyota,Esquire,Automatic,Hybrid,4150000,2020,1800.0,57000,6,9500.0,0.8884228187919463,0.05855704697986577,High
Toyota Esquire GI PREMIUM BODYKIT 2020,Toyota,Esquire,Automatic,Hybrid,3800000,2020,1800.0,120000,6,20000.0,0.8884228187919463,0.05855704697986577,High
Toyota Fielder WXB HYBRID 2019,Toyota,Fielder,Automatic,Hybrid,2780000,2019,1500.0,90000,7,12857.142857142857,0.8884228187919463,0.057885906040268456,Medium
Toyota Corolla Cross Z LEATHER 360 CAMRA 2022,Toyota,Corolla Cross,Automatic,Hybrid,5050000,2022,1800.0,20000,4,5000.0,0.8884228187919463,0.07097315436241611,Luxury
Toyota Noah SI WXB NON HYBRID 2020,Toyota,Noah,Automatic,Petrol,4190000,2020,2000.0,90000,6,15000.0,0.8884228187919463,0.10671140939597315,High
Toyota Nadia X SMART NON HY 2020,Toyota,Nadia,Automatic,Petrol,3690000,2020,2000.0,96210,6,16035.0,0.8884228187919463,0.00016778523489932885,High
Toyota Hiace SUPER GL DARK PRIME 2021,Toyota,Hiace,Automatic,Petrol,4399999,2021,2000.0,48000,5,9600.0,0.8884228187919463,0.09429530201342282,High
Toyota Allion G LPUS WINE AP 4.5 2021,Toyota,Allion,Automatic,"Petrol, Octane",4250000,2021,1500.0,19181,5,3836.2,0.8884228187919463,0.03120805369127517,High
Toyota Hiace GL WHITE 2020,Toyota,Hiace,Automatic,Petrol,3480000,2020,2000.0,56000,6,9333.333333333334,0.8884228187919463,0.09429530201342282,High
Toyota Esquire GI PREMIUM NON HYBRI 2020,Toyota,Esquire,Automatic,Petrol,4420000,2020,2000.0,77302,6,12883.666666666666,0.8884228187919463,0.05855704697986577,Luxury
Toyota Premio F-EX PEARL 2020,Toyota,Premio,Automatic,Petrol,4450000,2020,1500.0,57302,6,9550.333333333334,0.8884228187919463,0.05285234899328859,Luxury
Toyota Hiace SUPER GL DARK PRIME3 2022,Toyota,Hiace,Automatic,"Petrol, Octane",4480000,2022,2000.0,41000,4,10250.0,0.8884228187919463,0.09429530201342282,Luxury
Toyota Esquire GI HYBRID PURPLE 2020,Toyota,Esquire,Automatic,Hybrid,3680000,2020,1800.0,58520,6,9753.333333333334,0.8884228187919463,0.05855704697986577,High
Toyota Hiace DX WHITE 2021,Toyota,Hiace,Automatic,Petrol,3300000,2021,2000.0,64000,5,12800.0,0.8884228187919463,0.09429530201342282,Medium
Toyota Noah SI WXB MICA BLUE 2021,Toyota,Noah,Automatic,Hybrid,3870000,2021,1800.0,9000,5,1800.0,0.8884228187919463,0.10671140939597315,High
Toyota Hiace DX WHITE DUAL AC 2021,Toyota,Hiace,Automatic,"Petrol, Octane",3370000,2021,2000.0,68350,5,13670.0,0.8884228187919463,0.09429530201342282,Medium
Toyota Voxy S Z HYBRID BLACK 2022,Toyota,Voxy,Automatic,Hybrid,4550000,2022,1800.0,40120,4,10030.0,0.8884228187919463,0.027348993288590605,Luxury
Toyota Corolla Cross Z LEATHER 2025,Toyota,Corolla Cross,Automatic,Hybrid,5640000,2025,1800.0,4,1,4.0,0.8884228187919463,0.07097315436241611,Luxury
Toyota Fielder EX NON HYBRID 2020,Toyota,Fielder,Automatic,Petrol,2790000,2020,1500.0,62000,6,10333.333333333334,0.8884228187919463,0.057885906040268456,Medium
Toyota Esquire XI NON HYBRID PEARL 2020,Toyota,Esquire,Automatic,"Petrol, Octane",3650000,2020,2000.0,101390,6,16898.333333333332,0.8884228187919463,0.05855704697986577,High
Toyota Aqua S STYLE WHITE AP 4.5 2020,Toyota,Aqua,Automatic,Hybrid,1900000,2020,1500.0,58736,6,9789.333333333334,0.8884228187919463,0.015771812080536914,Low
Toyota Voxy S-Z HYBRID BLACK 2022,Toyota,Voxy,Automatic,Hybrid,4570000,2022,1800.0,28370,4,7092.5,0.8884228187919463,0.027348993288590605,Luxury
Toyota Hiace SUPER GL PUSH PROJE. 2020,Toyota,Hiace,Automatic,Petrol,4170000,2020,2000.0,79000,6,13166.666666666666,0.8884228187919463,0.09429530201342282,High
Toyota Hiace SUPER GL DARK PRIME 2022,Toyota,Hiace,Automatic,Petrol,4740000,2022,2000.0,12000,4,3000.0,0.8884228187919463,0.09429530201342282,Luxury
Toyota Corolla Cross Z LEATHER PEARL 2022,Toyota,Corolla Cross,Automatic,Hybrid,4990000,2022,1800.0,22600,4,5650.0,0.8884228187919463,0.07097315436241611,Luxury
Toyota Prius S LED RED AP 4.5 2021,Toyota,Prius,Automatic,Hybrid,3190000,2021,1800.0,46370,5,9274.0,0.8884228187919463,0.029865771812080538,Medium
Toyota Allion G PACKAGE POINT 4 2020,Toyota,Allion,Automatic,Petrol,3750000,2020,1500.0,55320,6,9220.0,0.8884228187919463,0.03120805369127517,High
Toyota Esquire GI PREMIUM HV 2020,Toyota,Esquire,Automatic,Hybrid,4050000,2020,1800.0,68560,6,11426.666666666666,0.8884228187919463,0.05855704697986577,High
Toyota Axio EX NON HYBRID AP 4 2020,Toyota,Axio,Automatic,"Petrol, Octane",2850000,2020,1500.0,68120,6,11353.333333333334,0.8884228187919463,0.10939597315436242,Medium
Toyota Esquire GI PREMIUM NON HV 2020,Toyota,Esquire,Automatic,Petrol,4370000,2020,2000.0,61730,6,10288.333333333334,0.8884228187919463,0.05855704697986577,High
Toyota Allion A15 SILVER AP 4 2020,Toyota,Allion,Automatic,"Petrol, Octane",3690000,2020,1500.0,61350,6,10225.0,0.8884228187919463,0.03120805369127517,High
Toyota Fielder EX PACKGE HYBRID 2020,Toyota,Fielder,Automatic,Hybrid,2420000,2020,1500.0,66000,6,11000.0,0.8884228187919463,0.057885906040268456,Medium
Toyota Axio Petrol EX Pkg Silver 2020,Toyota,Axio,Automatic,Petrol,2920000,2020,1500.0,91000,6,15166.666666666666,0.8884228187919463,0.10939597315436242,Medium
Toyota Axio EX Non Hybrid White 2020,Toyota,Axio,Automatic,Petrol,2880000,2020,1500.0,105000,6,17500.0,0.8884228187919463,0.10939597315436242,Medium
Toyota Premio G Superior 2012,Toyota,Premio,Automatic,"Petrol, CNG",2280000,2012,1500.0,86000,14,6142.857142857143,0.8884228187919463,0.05285234899328859,Low
Mitsubishi Lancer Ex Super Fresh Unit 2010,Mitsubishi,Lancer,Automatic,Octane,1380000,2010,1500.0,66150,16,4134.375,0.012583892617449664,0.002181208053691275,Low
Toyota Crown G HYBRID READY 2020,Toyota,Crown,Automatic,"Petrol, Hybrid, Octane",7300000,2020,2500.0,56013,6,9335.5,0.8884228187919463,0.00587248322147651,Luxury
Lexus ES 300H- ready showroom 2020,Lexus,ES,Automatic,"Hybrid, Octane",10500000,2020,2500.0,41013,6,6835.5,0.0068791946308724835,0.0015100671140939597,Luxury
Toyota RAV4 NEW SHAPE READY 2022,Toyota,RAV4,Automatic,"Petrol, Hybrid, Octane",8500000,2022,2500.0,16013,4,4003.25,0.8884228187919463,0.009731543624161074,Luxury
Toyota Harrier Progress-PKG 2020,Toyota,Harrier,Automatic,Octane,7650000,2020,1980.0,29671,6,4945.166666666667,0.8884228187919463,0.03976510067114094,Luxury
Toyota Land Cruiser Prado TX 2020,Toyota,Land Cruiser,Automatic,Octane,13600000,2020,2700.0,20412,6,3402.0,0.8884228187919463,0.008557046979865772,Luxury
Toyota Corolla Cross Z 2022,Toyota,Corolla Cross,Automatic,"Hybrid, Octane",4875000,2022,1790.0,21300,4,5325.0,0.8884228187919463,0.07097315436241611,Luxury
Toyota Esquire GIP-PKG 2021,Toyota,Esquire,Automatic,"Hybrid, Octane",4500000,2021,1790.0,16347,5,3269.4,0.8884228187919463,0.05855704697986577,Luxury
Mercedes-Benz E-Class Sunroof 2016,Mercedes-Benz,E-Class,Automatic,Octane,7500000,2016,2000.0,41019,10,4101.9,0.0026845637583892616,0.0008389261744966443,Luxury
Honda CR-V EX MASTERPIECE HYB 2020,Honda,CR-V,Automatic,Hybrid,5500000,2020,1500.0,84000,6,14000.0,0.0424496644295302,0.011241610738255034,Luxury
Toyota Fielder EX HYBRID BLUE 2021,Toyota,Fielder,Automatic,"Hybrid, Octane",2250000,2021,1500.0,56321,5,11264.2,0.8884228187919463,0.057885906040268456,Low
Toyota Noah SZ-signature-Package 2023,Toyota,Noah,Automatic,"Petrol, Hybrid, Octane",5150000,2023,1800.0,19000,3,6333.333333333333,0.8884228187919463,0.10671140939597315,Luxury
Toyota Corolla All Power 2003,Toyota,Corolla,Automatic,"CNG, Octane",1185000,2003,1500.0,78546,23,3415.0434782608695,0.8884228187919463,0.04848993288590604,Low
Toyota Esquire GI PREMIUM NON HY 2020,Toyota,Esquire,Automatic,Petrol,4480000,2020,2000.0,49400,6,8233.333333333334,0.8884228187919463,0.05855704697986577,Luxury
Toyota Hiace DX DUBLE AC 2020,Toyota,Hiace,Automatic,Petrol,3080000,2020,2000.0,46000,6,7666.666666666667,0.8884228187919463,0.09429530201342282,Medium
Toyota Esquire GI PREMIUM HY pearl 2021,Toyota,Esquire,Automatic,Hybrid,4220000,2021,1800.0,20000,5,4000.0,0.8884228187919463,0.05855704697986577,High
Toyota Hiace GL AMBULANCE AT PORT 2020,Toyota,Hiace,Automatic,Petrol,3050000,2020,2000.0,129118,6,21519.666666666668,0.8884228187919463,0.09429530201342282,Medium
Toyota Corolla Cross G Pearl 458600 km 2021,Toyota,Corolla Cross,Automatic,Hybrid,4070000,2021,1800.0,58600,5,11720.0,0.8884228187919463,0.07097315436241611,High
Mazda MX-5 S Special Red4.546k 2019,Mazda,MX-5,Automatic,Petrol,4250000,2019,1500.0,46000,7,6571.428571428572,0.0025167785234899327,0.0008389261744966443,High
Toyota Corolla Cross Z Pkg Pearl 5 Point 2025,Toyota,Corolla Cross,Automatic,Hybrid,5690000,2025,1800.0,18600,1,18600.0,0.8884228187919463,0.07097315436241611,Luxury
Toyota Noah SI Pearl 477000 km 2020,Toyota,Noah,Automatic,Hybrid,3590000,2020,1800.0,77000,6,12833.333333333334,0.8884228187919463,0.10671140939597315,High
Toyota Prado TXL Black 452000 km 2019,Toyota,Prado,Automatic,Petrol,14200000,2019,2700.0,52000,7,7428.571428571428,0.8884228187919463,0.013926174496644295,Luxury
Toyota Hiace Ambulance DX Silver 2020,Toyota,Hiace,Automatic,Petrol,2800000,2020,2000.0,164000,6,27333.333333333332,0.8884228187919463,0.09429530201342282,Medium
Honda CR-V EX Masterpeice Black 2021,Honda,CR-V,Automatic,Petrol,6150000,2021,1500.0,19000,5,3800.0,0.0424496644295302,0.011241610738255034,Luxury
Toyota Esquire Gi Premium Blackish 2020,Toyota,Esquire,Automatic,Hybrid,4090000,2020,1800.0,85000,6,14166.666666666666,0.8884228187919463,0.05855704697986577,High
Honda Insight EX Black Style Pearl 2021,Honda,Insight,Automatic,Hybrid,4480000,2021,1500.0,37000,5,7400.0,0.0424496644295302,0.015100671140939598,Luxury
Toyota Hiace Super GL Brand New 2025,Toyota,Hiace,Automatic,"Petrol, Octane",5750000,2025,2000.0,20,1,20.0,0.8884228187919463,0.09429530201342282,Luxury
Toyota Voxy SZ Hybrid  P- 4.5  2023,Toyota,Voxy,Automatic,"Petrol, Hybrid, Octane",5400000,2023,1800.0,51000,3,17000.0,0.8884228187919463,0.027348993288590605,Luxury
Toyota Corolla Cross Z Grey 5 Point 2024,Toyota,Corolla Cross,Automatic,Hybrid,5550000,2024,1800.0,8100,2,4050.0,0.8884228187919463,0.07097315436241611,Luxury
Toyota Fielder EX Hybrid Ready 2020,Toyota,Fielder,Automatic,"Petrol, Hybrid, Octane",2200000,2020,1500.0,41563,6,6927.166666666667,0.8884228187919463,0.057885906040268456,Low
Toyota Prius S Hybrid 2020,Toyota,Prius,Automatic,"Petrol, Hybrid, Octane",2950000,2020,1800.0,58421,6,9736.833333333334,0.8884228187919463,0.029865771812080538,Medium
Toyota Fielder EX Hybrid Ready 2020,Toyota,Fielder,Automatic,"Petrol, Hybrid, Octane",2200000,2020,1500.0,44102,6,7350.333333333333,0.8884228187919463,0.057885906040268456,Low
Toyota Premio F Pkg Grade 4.5 2020,Toyota,Premio,Automatic,"Petrol, Octane",4000000,2020,1500.0,5711,6,951.8333333333334,0.8884228187919463,0.05285234899328859,High
Toyota Axio EX Non Hybrid 2020,Toyota,Axio,Automatic,"Petrol, Octane",2600000,2020,1500.0,78459,6,13076.5,0.8884228187919463,0.10939597315436242,Medium
Toyota Noah X Hybrid 2020,Toyota,Noah,Automatic,"Petrol, Hybrid, Octane",3000000,2020,1800.0,37452,6,6242.0,0.8884228187919463,0.10671140939597315,Medium
Toyota Noah S-Z 4.5 Grade 2022,Toyota,Noah,Automatic,"Petrol, Hybrid, Octane",5300000,2022,1800.0,8466,4,2116.5,0.8884228187919463,0.10671140939597315,Luxury
Nissan X-Trail 20Xi Non Hybrid 4.5 2020,Nissan,X-Trail,Automatic,"Petrol, Octane",4800000,2020,2000.0,70000,6,11666.666666666666,0.02365771812080537,0.015436241610738255,Luxury
Toyota Alphard Executive Lounge 2020,Toyota,Alphard,Automatic,"Petrol, Octane",8800000,2020,2500.0,117000,6,19500.0,0.8884228187919463,0.0050335570469798654,Luxury
Toyota Hiace Dx Ambulance Silver 2020,Toyota,Hiace,Automatic,"Petrol, Octane",2850000,2020,2000.0,68100,6,11350.0,0.8884228187919463,0.09429530201342282,Medium
Toyota Hiace Original GL Dual Ac 2020,Toyota,Hiace,Automatic,"Petrol, Octane",3530000,2020,2000.0,91570,6,15261.666666666666,0.8884228187919463,0.09429530201342282,High
Toyota Hiace GL 2020,Toyota,Hiace,Automatic,"Petrol, Octane",3340000,2020,2000.0,91580,6,15263.333333333334,0.8884228187919463,0.09429530201342282,Medium
Toyota Noah Si wxb Hybrid 2021,Toyota,Noah,Automatic,Hybrid,3850000,2021,1800.0,74290,5,14858.0,0.8884228187919463,0.10671140939597315,High
Toyota Prius S TOURING MODELLISTA 2018,Toyota,Prius,Automatic,Hybrid,2780000,2018,1800.0,88352,8,11044.0,0.8884228187919463,0.029865771812080538,Medium
Toyota Axio Non Hybrid 4 grade 2020,Toyota,Axio,Automatic,"Petrol, Octane",2670000,2020,1500.0,75902,6,12650.333333333334,0.8884228187919463,0.10939597315436242,Medium
Toyota Axio NON HYBRID- 4 POINT 2020,Toyota,Axio,Automatic,"Petrol, Octane",2670000,2020,1500.0,75925,6,12654.166666666666,0.8884228187919463,0.10939597315436242,Medium
Toyota Crown CROSSOVER RS ADVANCE 2022,Toyota,Crown,Automatic,Hybrid,11500000,2022,2500.0,20000,4,5000.0,0.8884228187919463,0.00587248322147651,Luxury
Toyota Cami Jeep 2003,Toyota,Cami,Automatic,"CNG, Octane",730000,2003,1300.0,76000,23,3304.3478260869565,0.8884228187919463,0.00016778523489932885,Low
Toyota Axio EX PKG SILVER COLOR 2020,Toyota,Axio,Automatic,Hybrid,2570000,2020,1500.0,44502,6,7417.0,0.8884228187919463,0.10939597315436242,Medium
Toyota Hiace SUPER GL DARK PRIME 2022,Toyota,Hiace,Automatic,Octane,4800000,2022,2000.0,57852,4,14463.0,0.8884228187919463,0.09429530201342282,Luxury
Toyota Hiace SUPER GL DARK PRIME2 2021,Toyota,Hiace,Automatic,Octane,4150000,2021,2000.0,52412,5,10482.4,0.8884228187919463,0.09429530201342282,High
Honda Insight Ex package 2019,Honda,Insight,Automatic,"Petrol, Hybrid, Octane",3800000,2019,1500.0,57000,7,8142.857142857143,0.0424496644295302,0.015100671140939598,High
Toyota Corolla Cross HARD TOP 2021,Toyota,Corolla Cross,Automatic,Hybrid,4100000,2021,1800.0,98000,5,19600.0,0.8884228187919463,0.07097315436241611,High
Toyota Corolla Cross Z leather Package 2025,Toyota,Corolla Cross,Automatic,"Petrol, Hybrid, Octane",5700000,2025,1500.0,7000,1,7000.0,0.8884228187919463,0.07097315436241611,Luxury
Toyota Axio Hybrid Ex Package 2020,Toyota,Axio,Automatic,Hybrid,2250000,2020,1500.0,81460,6,13576.666666666666,0.8884228187919463,0.10939597315436242,Low
Toyota Voxy ZS KIRAMIKI SUNROOF 2020,Toyota,Voxy,Automatic,Petrol,5140000,2020,2000.0,21000,6,3500.0,0.8884228187919463,0.027348993288590605,Luxury
Toyota Hiace GL- Dual Ac 2020,Toyota,Hiace,Automatic,"Petrol, Octane",3350000,2020,2000.0,91470,6,15245.0,0.8884228187919463,0.09429530201342282,Medium
Toyota Hiace GL DUAL AC READY 2021,Toyota,Hiace,Automatic,Octane,3480000,2021,2000.0,42000,5,8400.0,0.8884228187919463,0.09429530201342282,High
Toyota Hiace DX Dhaka Ready 2020,Toyota,Hiace,Automatic,Octane,3200000,2020,2000.0,85000,6,14166.666666666666,0.8884228187919463,0.09429530201342282,Medium
Toyota Crown RS ADVANCE 4 AP 2020,Toyota,Crown,Automatic,"Petrol, Hybrid, Octane",7850000,2020,2500.0,80000,6,13333.333333333334,0.8884228187919463,0.00587248322147651,Luxury
Toyota Yaris Cross Hybrid Z Leather 4.5 2021,Toyota,Yaris Cross,Automatic,"Petrol, Hybrid, Octane",3600000,2021,1800.0,50000,5,10000.0,0.8884228187919463,0.02097315436241611,High
Toyota Fielder Hybrid EX Push 2020,Toyota,Fielder,Automatic,"Petrol, Hybrid, Octane",2250000,2020,1500.0,45000,6,7500.0,0.8884228187919463,0.057885906040268456,Low
Toyota Fielder HYBRID EX PKG 2020,Toyota,Fielder,Automatic,"Petrol, Hybrid, Octane",2220000,2020,1500.0,77000,6,12833.333333333334,0.8884228187919463,0.057885906040268456,Low
Toyota Fielder Hybrid EX Push Start 2020,Toyota,Fielder,Automatic,"Petrol, Hybrid, Octane",2250000,2020,1500.0,71000,6,11833.333333333334,0.8884228187919463,0.057885906040268456,Low
Honda Vezel HEV Z 2021,Honda,Vezel,Automatic,Hybrid,4400000,2021,1500.0,31000,5,6200.0,0.0424496644295302,0.006711409395973154,High
Toyota Premio G EDITION 2003,Toyota,Premio,Automatic,"Petrol, CNG",1320000,2003,1500.0,85000,23,3695.6521739130435,0.8884228187919463,0.05285234899328859,Low
Toyota Corolla G EDITION 2004,Toyota,Corolla,Automatic,"Petrol, CNG",1280000,2004,1500.0,52777,22,2398.9545454545455,0.8884228187919463,0.04848993288590604,Low
Toyota Fielder WXB Hybrid 2019 GP-5,Toyota,Fielder,Automatic,"Hybrid, Octane",3000000,2019,1500.0,23000,7,3285.714285714286,0.8884228187919463,0.057885906040268456,Medium
Toyota Esquire Gi LUXEL GRIL 2020,Toyota,Esquire,Automatic,"Petrol, Hybrid, Octane",3750000,2020,1800.0,98520,6,16420.0,0.8884228187919463,0.05855704697986577,High
Toyota C-HR G LED 360 2019,Toyota,C-HR,Automatic,Hybrid,3380000,2019,1800.0,31298,7,4471.142857142857,0.8884228187919463,0.027181208053691275,Medium
Toyota Corolla WXB Red 4.5 Point 2022,Toyota,Corolla,Automatic,Hybrid,3880000,2022,1800.0,18000,4,4500.0,0.8884228187919463,0.04848993288590604,High
Toyota RunX X. 2003,Toyota,RunX,Automatic,"CNG, Octane",995000,2003,1500.0,74253,23,3228.391304347826,0.8884228187919463,0.00016778523489932885,Low
Toyota Esquire Gi hybrid push 3.5pt 2020,Toyota,Esquire,Automatic,"Hybrid, Octane",3500000,2020,1800.0,120123,6,20020.5,0.8884228187919463,0.05855704697986577,High
Toyota Axio Non hybrid Ex push 2020,Toyota,Axio,Automatic,"Petrol, Octane",2600000,2020,1500.0,88254,6,14709.0,0.8884228187919463,0.10939597315436242,Medium
Toyota Hiace SUPER GL DARK PRIME2 2020,Toyota,Hiace,Automatic,Octane,4400000,2020,2000.0,59000,6,9833.333333333334,0.8884228187919463,0.09429530201342282,High
Toyota Hiace GL- Dual Ac 2020,Toyota,Hiace,Automatic,"Petrol, Octane",3360000,2020,2000.0,88254,6,14709.0,0.8884228187919463,0.09429530201342282,Medium
Honda Vezel Z Play Pkg 2022,Honda,Vezel,Automatic,Hybrid,4600000,2022,1500.0,23800,4,5950.0,0.0424496644295302,0.006711409395973154,Luxury
Toyota Fielder Ex Hybrid Silver 2020,Toyota,Fielder,Automatic,Hybrid,2150000,2020,1500.0,34452,6,5742.0,0.8884228187919463,0.057885906040268456,Low
Toyota C-HR G-LED PKG-HYBRID 2019,Toyota,C-HR,Automatic,Hybrid,3380000,2019,1800.0,31556,7,4508.0,0.8884228187919463,0.027181208053691275,Medium
Toyota Axio EX PUSH START HYBRID 2020,Toyota,Axio,Automatic,Hybrid,2350000,2020,1500.0,114255,6,19042.5,0.8884228187919463,0.10939597315436242,Medium
Honda Insight LX-PKG 2021,Honda,Insight,Automatic,Hybrid,3700000,2021,1500.0,123250,5,24650.0,0.0424496644295302,0.015100671140939598,High
Toyota Fielder HYBRID EX 2020,Toyota,Fielder,Automatic,Hybrid,2450000,2020,1500.0,88000,6,14666.666666666666,0.8884228187919463,0.057885906040268456,Medium
Honda Vezel E PLAY HYBRID 2021,Honda,Vezel,Automatic,Hybrid,4600000,2021,1500.0,17249,5,3449.8,0.0424496644295302,0.006711409395973154,Luxury
Toyota Noah X NON HYBRID 2020,Toyota,Noah,Automatic,Petrol,3620000,2020,2000.0,119222,6,19870.333333333332,0.8884228187919463,0.10671140939597315,High
Toyota Hiace SUPER GL DARK PRIME 2022,Toyota,Hiace,Automatic,Petrol,5150000,2022,2000.0,25000,4,6250.0,0.8884228187919463,0.09429530201342282,Luxury
Toyota Noah S-Z HYBRID BLACK 2022,Toyota,Noah,Automatic,Hybrid,4650000,2022,1800.0,41360,4,10340.0,0.8884228187919463,0.10671140939597315,Luxury
Toyota Hiace Super GL Dark Prime2 2021,Toyota,Hiace,Automatic,Petrol,4680000,2021,2000.0,109000,5,21800.0,0.8884228187919463,0.09429530201342282,Luxury
Toyota Alphard EX Masterpeice Black 2025,Toyota,Alphard,Automatic,Hybrid,20800000,2025,2500.0,18,1,18.0,0.8884228187919463,0.0050335570469798654,Luxury
Toyota Corolla Cross G Black 3.548k km 2022,Toyota,Corolla Cross,Automatic,Hybrid,4230000,2022,1800.0,48000,4,12000.0,0.8884228187919463,0.07097315436241611,High
Toyota Hiace DX SINGLE AC WHITE 2020,Toyota,Hiace,Automatic,"Petrol, Octane",3100000,2020,2000.0,91000,6,15166.666666666666,0.8884228187919463,0.09429530201342282,Medium
Toyota Hiace Super GL Pkg Black 2023,Toyota,Hiace,Automatic,Petrol,5050000,2023,2000.0,46000,3,15333.333333333334,0.8884228187919463,0.09429530201342282,Luxury
Toyota Aqua S Style Hybrid 2020,Toyota,Aqua,Automatic,"Petrol, Hybrid, Octane",2050000,2020,1500.0,56000,6,9333.333333333334,0.8884228187919463,0.015771812080536914,Low
Toyota Rush Push Start 2006,Toyota,Rush,Automatic,"Octane, LPG",1390000,2006,1500.0,92437,20,4621.85,0.8884228187919463,0.0025167785234899327,Low
Toyota Axio G Octane Drive 2012,Toyota,Axio,Automatic,Octane,1760000,2012,1500.0,61345,14,4381.785714285715,0.8884228187919463,0.10939597315436242,Low
Toyota Hiace Ambulance Silver 5D 2020,Toyota,Hiace,Automatic,"Petrol, Octane",2800000,2020,2000.0,64000,6,10666.666666666666,0.8884228187919463,0.09429530201342282,Medium
Toyota Esquire GI Non Hybrid 2 Door 2020,Toyota,Esquire,Automatic,"Petrol, Octane",4250000,2020,1500.0,8226,6,1371.0,0.8884228187919463,0.05855704697986577,High
Toyota Premio F-EX 2020,Toyota,Premio,Automatic,Octane,4650000,2020,1500.0,48256,6,8042.666666666667,0.8884228187919463,0.05285234899328859,Luxury
Toyota Prius A Touring Selection 2020,Toyota,Prius,Automatic,"Hybrid, Octane",3400000,2020,1800.0,35000,6,5833.333333333333,0.8884228187919463,0.029865771812080538,High
Nissan X-Trail . 2014,Nissan,X-Trail,Automatic,Octane,2200000,2014,2000.0,85000,12,7083.333333333333,0.02365771812080537,0.015436241610738255,Low
Toyota Corolla Cross Z Leather Hard Top 2022,Toyota,Corolla Cross,Automatic,"Petrol, Hybrid, Octane",4300000,2022,1800.0,97000,4,24250.0,0.8884228187919463,0.07097315436241611,High
Toyota Harrier READY SHOWROOM 2022,Toyota,Harrier,Automatic,"Petrol, Octane",7800000,2022,2000.0,43013,4,10753.25,0.8884228187919463,0.03976510067114094,Luxury
Toyota Noah SI WXB2 AERO KITTED 2020,Toyota,Noah,Automatic,"Petrol, Octane",4450000,2020,2000.0,58000,6,9666.666666666666,0.8884228187919463,0.10671140939597315,Luxury
Toyota Noah NON HYBRID X PKG.. 2021,Toyota,Noah,Automatic,"Petrol, Octane",3700000,2021,2000.0,57748,5,11549.6,0.8884228187919463,0.10671140939597315,High
Toyota Hiace Ambulance GL 2020,Toyota,Hiace,Automatic,"Petrol, Octane",2950000,2020,2000.0,57023,6,9503.833333333334,0.8884228187919463,0.09429530201342282,Medium
Toyota Corolla Cross Z 2021,Toyota,Corolla Cross,Automatic,Hybrid,4299900,2021,1800.0,32143,5,6428.6,0.8884228187919463,0.07097315436241611,High
Toyota Noah wxb 2020,Toyota,Noah,Automatic,Hybrid,36000000,2020,1800.0,65000,6,10833.333333333334,0.8884228187919463,0.10671140939597315,Luxury
Toyota Noah x 2020,Toyota,Noah,Automatic,Hybrid,32000000,2020,1800.0,64000,6,10666.666666666666,0.8884228187919463,0.10671140939597315,Luxury
Toyota C-HR G 2020,Toyota,C-HR,Automatic,"Hybrid, Octane",3700000,2020,1790.0,38800,6,6466.666666666667,0.8884228187919463,0.027181208053691275,High
Toyota Noah X NON HYB 4POINT 2020,Toyota,Noah,Automatic,Octane,3480000,2020,2000.0,145000,6,24166.666666666668,0.8884228187919463,0.10671140939597315,High
Toyota Corolla Cross Z LEATHER PKG 4.5 2024,Toyota,Corolla Cross,Automatic,"Hybrid, Octane",5440000,2024,1800.0,54000,2,27000.0,0.8884228187919463,0.07097315436241611,Luxury
Toyota Corolla Cross Z PKG 4.0 BLACK 2023,Toyota,Corolla Cross,Automatic,"Hybrid, Octane",4780000,2023,1800.0,38610,3,12870.0,0.8884228187919463,0.07097315436241611,Luxury
Toyota Premio FEX PKG Octane Drive 2018,Toyota,Premio,Automatic,Octane,3890000,2018,1500.0,38216,8,4777.0,0.8884228187919463,0.05285234899328859,High
Lexus NX NX300H F-SPORTS 2020,Lexus,NX,Automatic,Octane,9000000,2020,2490.0,44700,6,7450.0,0.0068791946308724835,0.0010067114093959733,Luxury
Toyota Sienta G OCTEN PUSH 2DR PWR 2020,Toyota,Sienta,Automatic,Octane,3000000,2020,1500.0,47000,6,7833.333333333333,0.8884228187919463,0.009228187919463088,Medium
Nissan X-Trail GE-4ORCE PKG 2024,Nissan,X-Trail,Automatic,Hybrid,7300000,2024,1490.0,54200,2,27100.0,0.02365771812080537,0.015436241610738255,Luxury
Toyota Allion A15 PKG 2019,Toyota,Allion,Automatic,Octane,3900000,2019,1490.0,96125,7,13732.142857142857,0.8884228187919463,0.03120805369127517,High
Toyota Corolla Cross 2021 Hybrid,Toyota,Corolla Cross,Automatic,"Hybrid, Octane",4250000,2021,1800.0,52000,5,10400.0,0.8884228187919463,0.07097315436241611,High
Toyota Hiace DX AMBULANCE WHIITE 2020,Toyota,Hiace,Automatic,"Petrol, Octane",2420000,2020,2000.0,75721,6,12620.166666666666,0.8884228187919463,0.09429530201342282,Medium
Toyota Noah HYBRID SI MICABLUE 2020,Toyota,Noah,Automatic,"Petrol, Hybrid, Octane",3550000,2020,1800.0,98746,6,16457.666666666668,0.8884228187919463,0.10671140939597315,High
Toyota Noah NON HYBRID SI WXB 2020,Toyota,Noah,Automatic,"Petrol, Octane",4300000,2020,2000.0,95467,6,15911.166666666666,0.8884228187919463,0.10671140939597315,High
Toyota Voxy Hybrid ZS Kirameki 3 2021,Toyota,Voxy,Automatic,"Petrol, Hybrid, Octane",3650000,2021,1800.0,96345,5,19269.0,0.8884228187919463,0.027348993288590605,High
Toyota Voxy HYBRID S-Z PEARL 2022,Toyota,Voxy,Automatic,"Petrol, Hybrid, Octane",5150000,2022,1800.0,69234,4,17308.5,0.8884228187919463,0.027348993288590605,Luxury
Toyota Harrier Non Hybrid Pearl 2020,Toyota,Harrier,Automatic,"Petrol, Octane",7950000,2020,2000.0,50500,6,8416.666666666666,0.8884228187919463,0.03976510067114094,Luxury
Toyota Prius HYBRID PKG.A BLACK 2020,Toyota,Prius,Automatic,"Petrol, Hybrid, Octane",2850000,2020,1800.0,99342,6,16557.0,0.8884228187919463,0.029865771812080538,Medium
Toyota Hiace SUPER GL DARK PRIME 2020,Toyota,Hiace,Automatic,"Petrol, Octane",4400000,2020,2000.0,57234,6,9539.0,0.8884228187919463,0.09429530201342282,High
Toyota Fielder Ex Hybrid White 2020,Toyota,Fielder,Automatic,"Petrol, Hybrid, Octane",2400000,2020,1500.0,89700,6,14950.0,0.8884228187919463,0.057885906040268456,Medium
Toyota Axio All Power 2009,Toyota,Axio,Automatic,"CNG, Octane",1400000,2009,1500.0,78542,17,4620.117647058823,0.8884228187919463,0.10939597315436242,Low
Toyota Esquire GI PREMIUM HYBRID 2020,Toyota,Esquire,Automatic,Hybrid,3750000,2020,1800.0,97123,6,16187.166666666666,0.8884228187919463,0.05855704697986577,High
Toyota C-HR G 2020,Toyota,C-HR,Automatic,"Hybrid, Octane",3590000,2020,1800.0,55271,6,9211.833333333334,0.8884228187919463,0.027181208053691275,High
Toyota Noah SI WXB READY DHAKA 2020,Toyota,Noah,Automatic,"Petrol, Hybrid, Octane",3750000,2020,1800.0,83000,6,13833.333333333334,0.8884228187919463,0.10671140939597315,High
Toyota C-HR HYBRID G 2021,Toyota,C-HR,Automatic,"Petrol, Hybrid, Octane",3100000,2021,1800.0,69452,5,13890.4,0.8884228187919463,0.027181208053691275,Medium
Toyota RAV4 2020,Toyota,RAV4,Automatic,Hybrid,5100000,2020,1500.0,85000,6,14166.666666666666,0.8884228187919463,0.009731543624161074,Luxury
Toyota Corolla Hybrid GX 2021,Toyota,Corolla,Automatic,"Petrol, Hybrid, Octane",2400000,2021,1800.0,123,5,24.6,0.8884228187919463,0.04848993288590604,Medium
Toyota Corolla hybrid 2021,Toyota,Corolla,Automatic,"Petrol, Hybrid, Octane",2380000,2021,1800.0,48629,5,9725.8,0.8884228187919463,0.04848993288590604,Medium
Toyota Corolla Cross Z LEATHER PKG SILVER 2022,Toyota,Corolla Cross,Automatic,Hybrid,4400000,2022,1800.0,57000,4,14250.0,0.8884228187919463,0.07097315436241611,High
Honda Insight EX-PKG 2021,Honda,Insight,Automatic,"Hybrid, Octane",4600000,2021,1490.0,38318,5,7663.6,0.0424496644295302,0.015100671140939598,Luxury
Honda Insight EX HYBRID BLACK 2020,Honda,Insight,Automatic,Hybrid,3850000,2020,1500.0,54000,6,9000.0,0.0424496644295302,0.015100671140939598,High
Honda Insight EX HYBRID 2020,Honda,Insight,Automatic,Hybrid,3680000,2020,1500.0,58200,6,9700.0,0.0424496644295302,0.015100671140939598,High
Toyota Esquire GI PREMIUM HY pearl 2020,Toyota,Esquire,Automatic,Hybrid,3990000,2020,1800.0,72600,6,12100.0,0.8884228187919463,0.05855704697986577,High
Toyota Noah SI WXB HYBRID 2020,Toyota,Noah,Automatic,Hybrid,3450000,2020,1800.0,59600,6,9933.333333333334,0.8884228187919463,0.10671140939597315,High
Toyota Hiace SUPER GL DARK PRIME 2020,Toyota,Hiace,Automatic,Petrol,4470000,2020,2000.0,27349,6,4558.166666666667,0.8884228187919463,0.09429530201342282,Luxury
Toyota Hiace SUPER GL 2DR. PWR 2020,Toyota,Hiace,Automatic,Petrol,4450000,2020,2000.0,41526,6,6921.0,0.8884228187919463,0.09429530201342282,Luxury
Toyota Premio FL BEIGE 2020,Toyota,Premio,Automatic,Petrol,4050000,2020,1500.0,47630,6,7938.333333333333,0.8884228187919463,0.05285234899328859,High
Toyota Axio EX HYBRID 2021,Toyota,Axio,Automatic,Hybrid,2280000,2021,1500.0,71000,5,14200.0,0.8884228187919463,0.10939597315436242,Low
Toyota Hiace GL WHITE READY SHOWR 2020,Toyota,Hiace,Automatic,Petrol,3390000,2020,2000.0,103000,6,17166.666666666668,0.8884228187919463,0.09429530201342282,High
Toyota Corolla Cross Z LEATHER 2022,Toyota,Corolla Cross,Automatic,Hybrid,4650000,2022,1800.0,45230,4,11307.5,0.8884228187919463,0.07097315436241611,Luxury
Toyota Esquire GI PREMIUM HY pearl 2020,Toyota,Esquire,Automatic,Hybrid,3650000,2020,1800.0,46500,6,7750.0,0.8884228187919463,0.05855704697986577,High
Toyota Allion G LED PUSH BLACK 2021,Toyota,Allion,Automatic,"Petrol, Octane",4000000,2021,1500.0,34926,5,6985.2,0.8884228187919463,0.03120805369127517,High
Toyota Yaris Cross z leather Pearl 2020,Toyota,Yaris Cross,Automatic,Hybrid,3290000,2020,1500.0,27000,6,4500.0,0.8884228187919463,0.02097315436241611,Medium
Toyota Noah S-Z AUTO FOOT STEP 2024,Toyota,Noah,Automatic,Hybrid,5475000,2024,1800.0,2600,2,1300.0,0.8884228187919463,0.10671140939597315,Luxury
Toyota Prius PHV S NAVIGATION 2020,Toyota,Prius,Automatic,Hybrid,3690000,2020,1800.0,74000,6,12333.333333333334,0.8884228187919463,0.029865771812080538,High
Toyota Corolla Touring Wxb Hybrid 2020,Toyota,Corolla,Automatic,"Petrol, Hybrid, Octane",2950000,2020,1800.0,87000,6,14500.0,0.8884228187919463,0.04848993288590604,Medium
Toyota Yaris Cross Z Wine 462000 km 2020,Toyota,Yaris Cross,Automatic,Hybrid,3530000,2020,1500.0,62000,6,10333.333333333334,0.8884228187919463,0.02097315436241611,High
Mazda MX-5 Navy Top Pearl 2022,Mazda,MX-5,Automatic,Petrol,5550000,2022,1500.0,2700,4,675.0,0.0025167785234899327,0.0008389261744966443,Luxury
Toyota Harrier Z Leather Hybrid 2020,Toyota,Harrier,Automatic,Hybrid,7600000,2020,2500.0,33114,6,5519.0,0.8884228187919463,0.03976510067114094,Luxury
Toyota Noah X NON HYBRID 2022,Toyota,Noah,Automatic,"Petrol, Octane",4550000,2022,2000.0,32000,4,8000.0,0.8884228187919463,0.10671140939597315,Luxury
Toyota Axio EX HYB PUSH 4POINT 2020,Toyota,Axio,Automatic,"Hybrid, Octane",2395000,2020,1500.0,93000,6,15500.0,0.8884228187919463,0.10939597315436242,Medium
Toyota Land Cruiser VX-V8 Diesel Turbo 2015,Toyota,Land Cruiser,Automatic,Diesel,18500000,2015,4500.0,64071,11,5824.636363636364,0.8884228187919463,0.008557046979865772,Luxury
Toyota Corolla Cross Z PKG FULL LOAD 2023,Toyota,Corolla Cross,Automatic,Hybrid,5300000,2023,1800.0,39000,3,13000.0,0.8884228187919463,0.07097315436241611,Luxury
Toyota Premio FEX PKG Octane Drive 2016,Toyota,Premio,Automatic,Octane,3195000,2016,1500.0,42656,10,4265.6,0.8884228187919463,0.05285234899328859,Medium
Toyota Yaris Z LEATHER 4POINT 2020,Toyota,Yaris,Automatic,Hybrid,2400000,2020,1500.0,102000,6,17000.0,0.8884228187919463,0.003355704697986577,Medium
Toyota Hiace Original GL 2020,Toyota,Hiace,Automatic,"Petrol, Octane",3530000,2020,2000.0,89351,6,14891.833333333334,0.8884228187919463,0.09429530201342282,High
Toyota Fielder Hybrid 4 Grade 2020,Toyota,Fielder,Automatic,Hybrid,2320000,2020,1500.0,83643,6,13940.5,0.8884228187919463,0.057885906040268456,Low
Toyota Yaris Cross Z leaders 2020,Toyota,Yaris Cross,Automatic,Octane,3450000,2020,1500.0,30741,6,5123.5,0.8884228187919463,0.02097315436241611,High
Mitsubishi Lancer Octane 2014,Mitsubishi,Lancer,Automatic,Octane,1790000,2014,1500.0,65000,12,5416.666666666667,0.012583892617449664,0.002181208053691275,Low
Toyota Esquire XI 2WD Model 2019,Toyota,Esquire,Automatic,Octane,3780000,2019,2000.0,36000,7,5142.857142857143,0.8884228187919463,0.05855704697986577,High
Toyota Premio 2015,Toyota,Premio,Automatic,Octane,2675000,2019,1500.0,100005,7,14286.42857142857,0.8884228187919463,0.05285234899328859,Medium
Toyota Hiace Ambulance 2020,Toyota,Hiace,Automatic,"Petrol, Octane",2830000,2020,2000.0,75000,6,12500.0,0.8884228187919463,0.09429530201342282,Medium
Toyota Axio Ex Push Start 2020,Toyota,Axio,Automatic,"Petrol, Hybrid, Octane",2300000,2020,1500.0,67089,6,11181.5,0.8884228187919463,0.10939597315436242,Low
Toyota Noah Hybrid X 2023,Toyota,Noah,Automatic,"Petrol, Hybrid, Octane",4200000,2023,1800.0,31000,3,10333.333333333334,0.8884228187919463,0.10671140939597315,High
Toyota Corolla Cross Z-LEATHER HY MON ROF 2022,Toyota,Corolla Cross,Automatic,"Petrol, Hybrid, Octane",4600000,2022,1800.0,44127,4,11031.75,0.8884228187919463,0.07097315436241611,Luxury
Toyota Fielder Ex Push Start 2020,Toyota,Fielder,Automatic,"Petrol, Hybrid, Octane",2250000,2020,1500.0,78000,6,13000.0,0.8884228187919463,0.057885906040268456,Low
Honda CR-V Octane 2018,Honda,CR-V,Automatic,Octane,4490000,2018,1500.0,28000,8,3500.0,0.0424496644295302,0.011241610738255034,Luxury
Honda Insight ESPECIAL EDITION  2021,Honda,Insight,Automatic,"Hybrid, Octane",4300000,2021,1500.0,410013,5,82002.6,0.0424496644295302,0.015100671140939598,High
Toyota Harrier Progress-PKG 2020,Toyota,Harrier,Automatic,Octane,7400000,2020,1980.0,28160,6,4693.333333333333,0.8884228187919463,0.03976510067114094,Luxury
Toyota Aqua Hybrid X package 2021,Toyota,Aqua,Automatic,Hybrid,2150000,2021,1500.0,1234,5,246.8,0.8884228187919463,0.015771812080536914,Low
Toyota Hiace GL SUPER FRESH 2020,Toyota,Hiace,Automatic,Petrol,3150000,2020,2000.0,91000,6,15166.666666666666,0.8884228187919463,0.09429530201342282,Medium
Toyota Noah SI PKG MICA BLUE 2020,Toyota,Noah,Automatic,Hybrid,3550000,2020,1800.0,109000,6,18166.666666666668,0.8884228187919463,0.10671140939597315,High
Toyota Hiace SUPER GL DARK PRIME2 2022,Toyota,Hiace,Automatic,Petrol,4470000,2022,2000.0,65811,4,16452.75,0.8884228187919463,0.09429530201342282,Luxury
Toyota Axio EX NON HYBRID 2020,Toyota,Axio,Automatic,Petrol,2750000,2020,1500.0,92000,6,15333.333333333334,0.8884228187919463,0.10939597315436242,Medium
Toyota Harrier Z LEATHER NON HY 2020,Toyota,Harrier,Automatic,Petrol,7950000,2020,2000.0,46000,6,7666.666666666667,0.8884228187919463,0.03976510067114094,Luxury
Toyota Esquire GI PREMIUM NON HY 2020,Toyota,Esquire,Automatic,Petrol,4390000,2020,2000.0,63000,6,10500.0,0.8884228187919463,0.05855704697986577,High
Toyota Fielder Corolla Axio 2017,Toyota,Fielder,Automatic,Octane,2050000,2017,1500.0,85800,9,9533.333333333334,0.8884228187919463,0.057885906040268456,Low
Toyota Corolla Cross Z Pearl Full Option 2023,Toyota,Corolla Cross,Automatic,Hybrid,5100000,2023,1800.0,39173,3,13057.666666666666,0.8884228187919463,0.07097315436241611,Luxury
Toyota Prado TXL Black 514500 km 2022,Toyota,Prado,Automatic,Petrol,17200000,2022,2700.0,14500,4,3625.0,0.8884228187919463,0.013926174496644295,Luxury
Toyota Allion A15 Silver R96k km 2020,Toyota,Allion,Automatic,Petrol,3730000,2020,1500.0,96000,6,16000.0,0.8884228187919463,0.03120805369127517,High
Toyota Noah Petrol X Black 2020,Toyota,Noah,Automatic,Petrol,3880000,2020,2000.0,109000,6,18166.666666666668,0.8884228187919463,0.10671140939597315,High
Toyota Noah SI 4 POINT 2020,Toyota,Noah,Automatic,Octane,4190000,2020,2000.0,33083,6,5513.833333333333,0.8884228187919463,0.10671140939597315,High
Honda Vezel Z Play Pkg 2022,Honda,Vezel,Automatic,Hybrid,4400000,2022,1500.0,5000,4,1250.0,0.0424496644295302,0.006711409395973154,High
Toyota Allion G Pearl 2020,Toyota,Allion,Automatic,"Petrol, Octane",3820000,2020,1500.0,46120,6,7686.666666666667,0.8884228187919463,0.03120805369127517,High
Toyota Noah S-Z Package 2022,Toyota,Noah,Automatic,Hybrid,4190000,2022,1800.0,21567,4,5391.75,0.8884228187919463,0.10671140939597315,High
Toyota Axio ex 2020,Toyota,Axio,Automatic,"Hybrid, Octane",2150000,2020,1500.0,85000,6,14166.666666666666,0.8884228187919463,0.10939597315436242,Low
Toyota Fielder EX HYBRID BLACK 2021,Toyota,Fielder,Automatic,"Hybrid, Octane",2280000,2021,1500.0,30752,5,6150.4,0.8884228187919463,0.057885906040268456,Low
Toyota Noah Hybrid X Pearl 2020,Toyota,Noah,Automatic,Hybrid,3250000,2020,1800.0,83000,6,13833.333333333334,0.8884228187919463,0.10671140939597315,Medium
Toyota Esquire GI PREMIUM BLAK LATE 2020,Toyota,Esquire,Automatic,"Hybrid, Octane",3780000,2020,1800.0,73000,6,12166.666666666666,0.8884228187919463,0.05855704697986577,High
Toyota Fielder 2020 Hybrid,Toyota,Fielder,Automatic,"Hybrid, Octane",2180000,2020,1500.0,80000,6,13333.333333333334,0.8884228187919463,0.057885906040268456,Low
Honda Insight PUSH HYBRID PACKAGE 2021,Honda,Insight,Automatic,Hybrid,3650000,2021,1500.0,123142,5,24628.4,0.0424496644295302,0.015100671140939598,High
Toyota Hiace GL PACKAGE 2021,Toyota,Hiace,Automatic,Octane,3250000,2021,2000.0,79037,5,15807.4,0.8884228187919463,0.09429530201342282,Medium
Toyota Prius A PACKAGE SILVER 2020,Toyota,Prius,Automatic,"Hybrid, Octane",3220000,2020,1800.0,41251,6,6875.166666666667,0.8884228187919463,0.029865771812080538,Medium
Toyota Axio NHV BEST PRICE DHAKA 2020,Toyota,Axio,Automatic,Octane,2730000,2020,1500.0,71000,6,11833.333333333334,0.8884228187919463,0.10939597315436242,Medium
Honda CR-V EX MASTER PIECE 2020,Honda,CR-V,Automatic,"Petrol, Hybrid, Octane",5700000,2020,2000.0,38265,6,6377.5,0.0424496644295302,0.011241610738255034,Luxury
Toyota Esquire XI NON HYBRID PUSH 2020,Toyota,Esquire,Automatic,Octane,4000000,2020,2000.0,132543,6,22090.5,0.8884228187919463,0.05855704697986577,High
Toyota Corolla Cross Z LEATHER HARDTOP 2021,Toyota,Corolla Cross,Automatic,Hybrid,4750000,2021,1800.0,18321,5,3664.2,0.8884228187919463,0.07097315436241611,Luxury
Toyota Axio NON HYBRID EX 2020,Toyota,Axio,Automatic,Octane,2600000,2020,1500.0,207354,6,34559.0,0.8884228187919463,0.10939597315436242,Medium
Toyota Axio EX-PUSH START-HYBRID 2020,Toyota,Axio,Automatic,Hybrid,2300000,2020,1500.0,114725,6,19120.833333333332,0.8884228187919463,0.10939597315436242,Low
Toyota C-HR G LED PKG HYBRID 2019,Toyota,C-HR,Automatic,Hybrid,3380000,2019,1800.0,31768,7,4538.285714285715,0.8884228187919463,0.027181208053691275,Medium
Toyota Harrier NON HYBRID PREMIUM 2020,Toyota,Harrier,Automatic,Octane,6550000,2020,2000.0,53876,6,8979.333333333334,0.8884228187919463,0.03976510067114094,Luxury
Honda Insight LX-PACKAGE 2021,Honda,Insight,Automatic,Hybrid,3700000,2021,1500.0,123454,5,24690.8,0.0424496644295302,0.015100671140939598,High
Toyota Sienta G GLAMPER READY DK. 2020,Toyota,Sienta,Automatic,"Petrol, Hybrid, Octane",2650000,2020,1800.0,91000,6,15166.666666666666,0.8884228187919463,0.009228187919463088,Medium
Toyota C-HR G LED HYBRID PKG 2020,Toyota,C-HR,Automatic,Hybrid,3380000,2020,1800.0,31134,6,5189.0,0.8884228187919463,0.027181208053691275,Medium
Toyota Harrier Z PACKAGE FULL LOAD 2021,Toyota,Harrier,Automatic,Hybrid,7700000,2021,2500.0,14242,5,2848.4,0.8884228187919463,0.03976510067114094,Luxury
Toyota Esquire GI PREMIUM-HV PKG 2020,Toyota,Esquire,Automatic,Hybrid,3850000,2020,1800.0,69234,6,11539.0,0.8884228187919463,0.05855704697986577,High
Toyota Harrier non hybrid sunroof 2020,Toyota,Harrier,Automatic,Octane,6550000,2020,2000.0,54000,6,9000.0,0.8884228187919463,0.03976510067114094,Luxury
Honda Insight EX-PKG 2019,Honda,Insight,Automatic,Hybrid,3680000,2019,1500.0,63335,7,9047.857142857143,0.0424496644295302,0.015100671140939598,High
Toyota Esquire GI- PREMIUM-HYBRID 2020,Toyota,Esquire,Automatic,Hybrid,3800000,2020,1800.0,97653,6,16275.5,0.8884228187919463,0.05855704697986577,High
Toyota Corolla Cross Z LEATHER-PKG-HV 2023,Toyota,Corolla Cross,Automatic,Hybrid,4750000,2023,1800.0,30981,3,10327.0,0.8884228187919463,0.07097315436241611,Luxury
Toyota Esquire GI PREMIUM LUXEL GR 2021,Toyota,Esquire,Automatic,"Petrol, Hybrid, Octane",4430000,2021,1800.0,51024,5,10204.8,0.8884228187919463,0.05855704697986577,Luxury
Toyota Esquire GI PREMIUM-HV 2020,Toyota,Esquire,Automatic,Hybrid,3700000,2020,1800.0,63355,6,10559.166666666666,0.8884228187919463,0.05855704697986577,High
Toyota Fielder ex pkg 2020,Toyota,Fielder,Automatic,Hybrid,2450000,2020,1500.0,88250,6,14708.333333333334,0.8884228187919463,0.057885906040268456,Medium
Toyota Axio EX PUSH START NON HV 2020,Toyota,Axio,Automatic,Octane,2600000,2020,1500.0,207092,6,34515.333333333336,0.8884228187919463,0.10939597315436242,Medium
Toyota Harrier NON HV- PREMIUM PKG 2020,Toyota,Harrier,Automatic,Octane,6550000,2020,2000.0,54252,6,9042.0,0.8884228187919463,0.03976510067114094,Luxury
Toyota Voxy NON HYBRID X 2020,Toyota,Voxy,Automatic,"Petrol, Octane, Other fuel type",3250000,2020,1800.0,67000,6,11166.666666666666,0.8884228187919463,0.027348993288590605,Medium
Toyota Esquire Hybrid XI 2020,Toyota,Esquire,Automatic,"Petrol, Hybrid, Octane",3300000,2020,1800.0,61452,6,10242.0,0.8884228187919463,0.05855704697986577,Medium
Toyota Axio Hybrid 2020,Toyota,Axio,Automatic,Hybrid,2150000,2020,1500.0,99000,6,16500.0,0.8884228187919463,0.10939597315436242,Low
Toyota Noah hybrid 2020,Toyota,Noah,Automatic,"Petrol, Hybrid, Octane",3000000,2020,1800.0,56328,6,9388.0,0.8884228187919463,0.10671140939597315,Medium
Toyota Noah hybrid G 2020,Toyota,Noah,Automatic,"Petrol, Hybrid, Octane",3000000,2020,1800.0,60000,6,10000.0,0.8884228187919463,0.10671140939597315,Medium
Toyota Esquire GI 2020,Toyota,Esquire,Automatic,Petrol,3950000,2020,2000.0,68462,6,11410.333333333334,0.8884228187919463,0.05855704697986577,High
Honda Insight EX BLACK STYLE 2020,Honda,Insight,Automatic,Hybrid,3900000,2020,1500.0,94000,6,15666.666666666666,0.0424496644295302,0.015100671140939598,High
"Toyota Hiace SUPER GL 360,BODYKIT 2021",Toyota,Hiace,Automatic,Petrol,4700000,2021,2000.0,89000,5,17800.0,0.8884228187919463,0.09429530201342282,Luxury
Nissan X-Trail X E-4ORCE PKG 2023,Nissan,X-Trail,Automatic,"Hybrid, Octane",7100000,2023,1500.0,19300,3,6433.333333333333,0.02365771812080537,0.015436241610738255,Luxury
Toyota Allion G-Plus PKG 2020,Toyota,Allion,Automatic,Octane,4550000,2020,1490.0,33297,6,5549.5,0.8884228187919463,0.03120805369127517,Luxury
Toyota Noah X PKG HYB 2020,Toyota,Noah,Automatic,Hybrid,3050000,2020,1800.0,176000,6,29333.333333333332,0.8884228187919463,0.10671140939597315,Medium
Toyota Noah G PKG NON HYB 2020,Toyota,Noah,Automatic,Hybrid,3870000,2020,1800.0,112000,6,18666.666666666668,0.8884228187919463,0.10671140939597315,High
Toyota Noah G PKG 2021,Toyota,Noah,Automatic,"Hybrid, Octane",4050000,2021,1790.0,51800,5,10360.0,0.8884228187919463,0.10671140939597315,High
Toyota Allion G 2020,Toyota,Allion,Automatic,Octane,4300000,2020,1490.0,6800,6,1133.3333333333333,0.8884228187919463,0.03120805369127517,High
Toyota Noah S-G 2023,Toyota,Noah,Automatic,"Hybrid, Octane",5300000,2023,1790.0,34300,3,11433.333333333334,0.8884228187919463,0.10671140939597315,Luxury
Toyota Hiace GL PACKAGE 2020,Toyota,Hiace,Automatic,Octane,3250000,2020,2000.0,79257,6,13209.5,0.8884228187919463,0.09429530201342282,Medium
Toyota Yaris Cross Z Leather Body KIT 2020,Toyota,Yaris Cross,Automatic,Hybrid,3280000,2020,1500.0,45000,6,7500.0,0.8884228187919463,0.02097315436241611,Medium
Toyota Prius A Package 2020,Toyota,Prius,Automatic,Hybrid,3230000,2020,1800.0,40822,6,6803.666666666667,0.8884228187919463,0.029865771812080538,Medium
Toyota Hiace SUPER GL KEY START 2020,Toyota,Hiace,Automatic,"Petrol, Octane",3720000,2020,2000.0,65147,6,10857.833333333334,0.8884228187919463,0.09429530201342282,High
Toyota Allion G-PLUS PACKAGE 2021,Toyota,Allion,Automatic,"Petrol, Octane",4380000,2021,1500.0,36574,5,7314.8,0.8884228187919463,0.03120805369127517,High
Toyota Axio X NON-HYBRID 2019,Toyota,Axio,Automatic,"Petrol, Octane",2390000,2019,1500.0,76451,7,10921.57142857143,0.8884228187919463,0.10939597315436242,Medium
Toyota Fielder EX HYBRID WHITE 2020,Toyota,Fielder,Automatic,"Hybrid, Octane",2180000,2020,1500.0,66970,6,11161.666666666666,0.8884228187919463,0.057885906040268456,Low
Toyota Hiace SUPER GL DARK PRIME 2020,Toyota,Hiace,Automatic,"Petrol, Octane",4030000,2020,2000.0,68412,6,11402.0,0.8884228187919463,0.09429530201342282,High
Toyota Corolla Cross Z PACKAGE 2022,Toyota,Corolla Cross,Automatic,Hybrid,4460000,2022,1800.0,46000,4,11500.0,0.8884228187919463,0.07097315436241611,Luxury
Toyota Prius TRD Gi AERO MODELIST 2020,Toyota,Prius,Automatic,"Hybrid, Octane",3430000,2020,1800.0,63000,6,10500.0,0.8884228187919463,0.029865771812080538,High
Toyota Hiace Dx Dual Ac Silver 2020,Toyota,Hiace,Automatic,"Petrol, Octane",3300000,2020,2000.0,99000,6,16500.0,0.8884228187919463,0.09429530201342282,Medium
Toyota Esquire Gi Hybrid Black 2020,Toyota,Esquire,Automatic,"Petrol, Hybrid, Octane",3550000,2020,1800.0,73000,6,12166.666666666666,0.8884228187919463,0.05855704697986577,High
Toyota Hiace Super GL Dark Prime 2020,Toyota,Hiace,Automatic,"Petrol, Octane",4400000,2020,2000.0,56000,6,9333.333333333334,0.8884228187919463,0.09429530201342282,High
Toyota Noah Hybrid G PEARL 2021,Toyota,Noah,Automatic,"Petrol, Hybrid, Octane",3350000,2021,1800.0,74123,5,14824.6,0.8884228187919463,0.10671140939597315,Medium
Toyota Voxy ZS KIRAMIKI 2020,Toyota,Voxy,Automatic,"Petrol, Hybrid, Octane",3300000,2020,1800.0,83000,6,13833.333333333334,0.8884228187919463,0.027348993288590605,Medium
Toyota C-HR G MODE NERO 2020,Toyota,C-HR,Automatic,Hybrid,3450000,2020,1800.0,44901,6,7483.5,0.8884228187919463,0.027181208053691275,High
Toyota Noah push startsunroof 2014,Toyota,Noah,Automatic,"Octane, LPG",3200000,2014,2000.0,77000,12,6416.666666666667,0.8884228187919463,0.10671140939597315,Medium
Toyota Corolla Cross Z Massive Grey 2024,Toyota,Corolla Cross,Automatic,Hybrid,5550000,2024,1800.0,17000,2,8500.0,0.8884228187919463,0.07097315436241611,Luxury
Toyota Hiace GL 2017,Toyota,Hiace,Automatic,"CNG, Octane",2920000,2017,2000.0,71200,9,7911.111111111111,0.8884228187919463,0.09429530201342282,Medium
Toyota Corolla X EDITION 2003,Toyota,Corolla,Automatic,"Petrol, CNG",980000,2003,1500.0,175235,23,7618.913043478261,0.8884228187919463,0.04848993288590604,Low
Toyota Corolla Cross FULL OPTION AVILABLE 2022,Toyota,Corolla Cross,Automatic,"Petrol, Hybrid, Octane",5000000,2022,1800.0,42013,4,10503.25,0.8884228187919463,0.07097315436241611,Luxury
Toyota Esquire GI PREMIUM NON HYB 2020,Toyota,Esquire,Automatic,Octane,4679999,2020,2000.0,34000,6,5666.666666666667,0.8884228187919463,0.05855704697986577,Luxury
Toyota Allion Push Start Octne 2015,Toyota,Allion,Automatic,Octane,2480000,2015,1500.0,58500,11,5318.181818181818,0.8884228187919463,0.03120805369127517,Medium
Toyota Allion A15-PKG 2019,Toyota,Allion,Automatic,Octane,3900000,2019,1490.0,96036,7,13719.42857142857,0.8884228187919463,0.03120805369127517,High
Toyota Harrier Z Leather Baige 2020,Toyota,Harrier,Automatic,"Petrol, Hybrid, Octane",7100000,2020,2500.0,88000,6,14666.666666666666,0.8884228187919463,0.03976510067114094,Luxury
Toyota Cross Hybrid Z 2021,Toyota,Cross,Automatic,"Petrol, Hybrid, Octane",4000000,2021,1800.0,80000,5,16000.0,0.8884228187919463,0.0006711409395973154,High
Toyota Corolla Cross HYBRID 2021,Toyota,Corolla Cross,Automatic,Hybrid,3800000,2021,1800.0,65421,5,13084.2,0.8884228187919463,0.07097315436241611,High
Toyota Prius Hybrid S 2020,Toyota,Prius,Automatic,"Petrol, Hybrid, Octane",2700000,2020,1800.0,62873,6,10478.833333333334,0.8884228187919463,0.029865771812080538,Medium
Toyota Sienta Hybrid Read 2020,Toyota,Sienta,Automatic,"Hybrid, Octane",2350000,2020,1500.0,60582,6,10097.0,0.8884228187919463,0.009228187919463088,Medium
Toyota Corolla Cross Z LEATHER PKG PEARL 2022,Toyota,Corolla Cross,Automatic,Hybrid,4650000,2022,1800.0,46000,4,11500.0,0.8884228187919463,0.07097315436241611,Luxury
Toyota Hiace SUPER GL DARK PRIME 2021,Toyota,Hiace,Automatic,"Petrol, Octane",4080000,2021,2000.0,74851,5,14970.2,0.8884228187919463,0.09429530201342282,High
Toyota Axio EX PACKAGE HYBRID 2021,Toyota,Axio,Automatic,Hybrid,2150000,2021,1500.0,55947,5,11189.4,0.8884228187919463,0.10939597315436242,Low
Toyota Noah SI WXB II 2020,Toyota,Noah,Automatic,Petrol,4450000,2020,2000.0,42635,6,7105.833333333333,0.8884228187919463,0.10671140939597315,Luxury
Toyota Harrier Z LEATHER NON HYBRID 2020,Toyota,Harrier,Automatic,"Petrol, Octane",8050000,2020,2000.0,38000,6,6333.333333333333,0.8884228187919463,0.03976510067114094,Luxury
Toyota Harrier Z LEATHER AP-5 PET. 2020,Toyota,Harrier,Automatic,Petrol,8170000,2020,2000.0,29000,6,4833.333333333333,0.8884228187919463,0.03976510067114094,Luxury
Toyota Corolla G-X PACKAGE 2021,Toyota,Corolla,Automatic,Hybrid,2840000,2021,1800.0,43773,5,8754.6,0.8884228187919463,0.04848993288590604,Medium
Toyota Hiace SUPER GL BLACK 2020,Toyota,Hiace,Automatic,Petrol,4150000,2020,2000.0,78000,6,13000.0,0.8884228187919463,0.09429530201342282,High
Toyota Sienta G Q PACKAGE 2020,Toyota,Sienta,Automatic,Hybrid,2640000,2020,1500.0,57425,6,9570.833333333334,0.8884228187919463,0.009228187919463088,Medium
Toyota Axio EX White 3.5105k km 2020,Toyota,Axio,Automatic,Petrol,2890000,2020,1500.0,105000,6,17500.0,0.8884228187919463,0.10939597315436242,Medium
Toyota Axio EX PKG 2020,Toyota,Axio,Automatic,"Petrol, Hybrid, Octane",2350000,2020,1500.0,42517,6,7086.166666666667,0.8884228187919463,0.10939597315436242,Medium
Toyota Axio EX Silver 491000 km 2020,Toyota,Axio,Automatic,Petrol,2920000,2020,1500.0,91000,6,15166.666666666666,0.8884228187919463,0.10939597315436242,Medium
Toyota Fielder EX Silver 3.5158k 2020,Toyota,Fielder,Automatic,Petrol,2690000,2020,1500.0,158000,6,26333.333333333332,0.8884228187919463,0.057885906040268456,Medium
Toyota Noah X Hybrid Silver 2020,Toyota,Noah,Automatic,"Petrol, Hybrid, Octane",3050000,2020,1800.0,76313,6,12718.833333333334,0.8884228187919463,0.10671140939597315,Medium
Toyota Esquire Gi Premium Mica Blue 2020,Toyota,Esquire,Automatic,"Petrol, Hybrid, Octane",3950000,2020,1800.0,77500,6,12916.666666666666,0.8884228187919463,0.05855704697986577,High
Toyota Axio G Hybrid 2019,Toyota,Axio,Automatic,"Petrol, Hybrid, Octane",2700000,2019,1500.0,59000,7,8428.57142857143,0.8884228187919463,0.10939597315436242,Medium
Toyota Corolla Cross Z LEATHER HYBRID 2022,Toyota,Corolla Cross,Automatic,"Petrol, Hybrid, Octane",4500000,2022,1800.0,50000,4,12500.0,0.8884228187919463,0.07097315436241611,Luxury
Toyota Noah Nonhybrid push 2 D.P 2020,Toyota,Noah,Automatic,"Petrol, Octane",3720000,2020,2000.0,88241,6,14706.833333333334,0.8884228187919463,0.10671140939597315,High
Toyota Noah 2 Door power Hybrid 2020,Toyota,Noah,Automatic,Hybrid,3300000,2020,1800.0,68240,6,11373.333333333334,0.8884228187919463,0.10671140939597315,Medium
Toyota Premio FEX package 2018,Toyota,Premio,Automatic,Octane,3800000,2018,1500.0,77000,8,9625.0,0.8884228187919463,0.05285234899328859,High
Toyota Noah S-Z Leg Rest 360 cam 2022,Toyota,Noah,Automatic,"Petrol, Hybrid, Octane",4850000,2022,1800.0,65200,4,16300.0,0.8884228187919463,0.10671140939597315,Luxury
Toyota Noah G Hybrid 2door power 2022,Toyota,Noah,Automatic,Hybrid,4640000,2022,1800.0,15183,4,3795.75,0.8884228187919463,0.10671140939597315,Luxury
Toyota Corolla Cross Z-LEATHER HY HARD TP 2021,Toyota,Corolla Cross,Automatic,"Petrol, Hybrid, Octane",4450000,2021,1800.0,42589,5,8517.8,0.8884228187919463,0.07097315436241611,Luxury
Toyota Yaris Cross Z-LEATHER HY GP-4.00 2021,Toyota,Yaris Cross,Automatic,"Petrol, Hybrid, Octane",3350000,2021,1500.0,52400,5,10480.0,0.8884228187919463,0.02097315436241611,Medium
Toyota Prius S-TOURING SELECTION 2020,Toyota,Prius,Automatic,"Petrol, Hybrid, Octane",3300000,2020,1800.0,61734,6,10289.0,0.8884228187919463,0.029865771812080538,Medium
Toyota Hiace GL 2015,Toyota,Hiace,Automatic,"Octane, LPG",2520000,2015,2000.0,87648,11,7968.0,0.8884228187919463,0.09429530201342282,Medium
Honda Grace LX super fresh 2016,Honda,Grace,Automatic,"Hybrid, Octane",1750000,2016,1500.0,66000,10,6600.0,0.0424496644295302,0.0038590604026845637,Low
Toyota Rush Excellent Condition 2013,Toyota,Rush,Automatic,Octane,1990000,2013,1500.0,53000,13,4076.923076923077,0.8884228187919463,0.0025167785234899327,Low
Toyota Yaris Cross Z PKG-360A READY 2021,Toyota,Yaris Cross,Automatic,"Hybrid, Octane",3500000,2021,1500.0,56423,5,11284.6,0.8884228187919463,0.02097315436241611,High
Toyota Esquire GI PREMIUM 4.5 HYB 2020,Toyota,Esquire,Automatic,Hybrid,4190000,2020,1800.0,52500,6,8750.0,0.8884228187919463,0.05855704697986577,High
"Toyota Noah SI WXB 2, NON-HYBRID 2020",Toyota,Noah,Automatic,Octane,4170000,2020,2000.0,42000,6,7000.0,0.8884228187919463,0.10671140939597315,High
Toyota Voxy ZS 2020,Toyota,Voxy,Automatic,Petrol,4000000,2020,2000.0,37000,6,6166.666666666667,0.8884228187919463,0.027348993288590605,High
Honda Vezel eHEV Z PLAY PACKAGE 2024,Honda,Vezel,Automatic,"Petrol, Hybrid, Electric",6300000,2024,1500.0,13000,2,6500.0,0.0424496644295302,0.006711409395973154,Luxury
Honda Civic SEDAN 2020,Honda,Civic,Automatic,Octane,4400000,2020,1490.0,39551,6,6591.833333333333,0.0424496644295302,0.003355704697986577,High
Toyota Allion A15-PKG 2020,Toyota,Allion,Automatic,Octane,4075000,2020,1490.0,50957,6,8492.833333333334,0.8884228187919463,0.03120805369127517,High
Toyota Harrier S-PKG 2022,Toyota,Harrier,Automatic,Octane,8950000,2022,1980.0,47745,4,11936.25,0.8884228187919463,0.03976510067114094,Luxury
Toyota Axio EX PKG HYB 4.5 POINT 2020,Toyota,Axio,Automatic,Hybrid,2580000,2020,1500.0,95000,6,15833.333333333334,0.8884228187919463,0.10939597315436242,Medium
Toyota Axio EX- 2020,Toyota,Axio,Automatic,Octane,3175000,2020,1490.0,11300,6,1883.3333333333333,0.8884228187919463,0.10939597315436242,Medium
Honda Civic SEDAN 2020,Honda,Civic,Automatic,Octane,4550000,2020,1490.0,38771,6,6461.833333333333,0.0424496644295302,0.003355704697986577,Luxury
Toyota Hiace SUPPER GL BODY KIT 2020,Toyota,Hiace,Automatic,Octane,4020000,2020,2000.0,46000,6,7666.666666666667,0.8884228187919463,0.09429530201342282,High
Toyota Noah Non Hybrid X 4 AP 2022,Toyota,Noah,Automatic,"Petrol, Octane",4600000,2022,2000.0,80000,4,20000.0,0.8884228187919463,0.10671140939597315,Luxury
Toyota Fielder Hybrid EX 4 Grade 2020,Toyota,Fielder,Automatic,"Petrol, Hybrid, Octane",2550000,2020,1800.0,62000,6,10333.333333333334,0.8884228187919463,0.057885906040268456,Medium
Toyota Noah Hybrid X 2021,Toyota,Noah,Automatic,"Petrol, Hybrid, Octane",3500000,2021,1800.0,80000,5,16000.0,0.8884228187919463,0.10671140939597315,High
Hyundai Santa Fe 2006,Hyundai,Santa Fe,Automatic,"Octane, LPG",820000,2007,2700.0,90000,19,4736.8421052631575,0.0028523489932885905,0.0003355704697986577,Low
Honda Insight Ex Push StartGP-4.5 2020,Honda,Insight,Automatic,"Petrol, Hybrid, Octane",4050000,2020,1500.0,31400,6,5233.333333333333,0.0424496644295302,0.015100671140939598,High
Toyota Axio Hybrid 2021,Toyota,Axio,Automatic,"Hybrid, Octane",2750000,2021,1500.0,53000,5,10600.0,0.8884228187919463,0.10939597315436242,Medium
Toyota Yaris Cross Z-LEATHER 360 CAMERA 2021,Toyota,Yaris Cross,Automatic,"Petrol, Hybrid, Octane",3420000,2021,1500.0,19500,5,3900.0,0.8884228187919463,0.02097315436241611,High
Toyota Fielder Ex Black Ready UT 2020,Toyota,Fielder,Automatic,"Petrol, Hybrid, Octane",2300000,2020,1500.0,125000,6,20833.333333333332,0.8884228187919463,0.057885906040268456,Low
Toyota Fielder WXB HY FULL LOADED 2019,Toyota,Fielder,Automatic,"Petrol, Hybrid, Octane",2750000,2019,1500.0,45632,7,6518.857142857143,0.8884228187919463,0.057885906040268456,Medium
Toyota Corolla Gx Pkg Hybrid GP-4.0 2020,Toyota,Corolla,Automatic,"Petrol, Hybrid, Octane",2850000,2020,1800.0,62800,6,10466.666666666666,0.8884228187919463,0.04848993288590604,Medium
Toyota Fielder EX NON HYBRID PUSH 2020,Toyota,Fielder,Automatic,"Petrol, Octane",2650000,2020,1500.0,98546,6,16424.333333333332,0.8884228187919463,0.057885906040268456,Medium
Toyota Prado Octane 7 Seats 2017,Toyota,Prado,Automatic,Octane,11000000,2017,2700.0,62000,9,6888.888888888889,0.8884228187919463,0.013926174496644295,Luxury
Toyota Axio New Shape Like 2015,Toyota,Axio,Automatic,"Hybrid, Octane",1690000,2015,1500.0,89477,11,8134.272727272727,0.8884228187919463,0.10939597315436242,Low
Toyota Harrier FULL OPTION READY 2020,Toyota,Harrier,Automatic,"Petrol, Octane",7700000,2020,2000.0,56013,6,9335.5,0.8884228187919463,0.03976510067114094,Luxury
Toyota Noah SI WXB-3 HYBRID 2020,Toyota,Noah,Automatic,"Petrol, Hybrid, Octane",3650000,2020,1800.0,37748,6,6291.333333333333,0.8884228187919463,0.10671140939597315,High
Toyota Harrier NON HYBRID Z PKG... 2020,Toyota,Harrier,Automatic,"Petrol, Octane",7700000,2020,2000.0,57748,6,9624.666666666666,0.8884228187919463,0.03976510067114094,Luxury
Toyota Voxy S-G PACKAGE 2022,Toyota,Voxy,Automatic,"Petrol, Hybrid, Octane",5090000,2022,1800.0,30000,4,7500.0,0.8884228187919463,0.027348993288590605,Luxury
Honda Insight EX-PKG 2021,Honda,Insight,Automatic,"Hybrid, Octane",4700000,2021,1490.0,25612,5,5122.4,0.0424496644295302,0.015100671140939598,Luxury
Toyota Hiace GL PACKAGE 2020,Toyota,Hiace,Automatic,Octane,3220000,2020,2000.0,74532,6,12422.0,0.8884228187919463,0.09429530201342282,Medium
Toyota Hiace Super GL Pearl 2020,Toyota,Hiace,Automatic,"Petrol, Octane",4420000,2020,2000.0,100001,6,16666.833333333332,0.8884228187919463,0.09429530201342282,Luxury
Toyota Harrier Z LEATHER HB LOADED 2020,Toyota,Harrier,Automatic,Hybrid,7300000,2020,2500.0,74000,6,12333.333333333334,0.8884228187919463,0.03976510067114094,Luxury
Toyota Axio Hybrid Ex Package 2020,Toyota,Axio,Automatic,Hybrid,2250000,2020,1500.0,79254,6,13209.0,0.8884228187919463,0.10939597315436242,Low
Toyota Noah NON HYBRID 2 DOR PWR 2019,Toyota,Noah,Automatic,"Petrol, Octane",3450000,2019,2000.0,64000,7,9142.857142857143,0.8884228187919463,0.10671140939597315,High
Toyota Axio EX HYBRID PUSH GP-4 2020,Toyota,Axio,Automatic,"Petrol, Hybrid, Octane",2250000,2020,1500.0,83450,6,13908.333333333334,0.8884228187919463,0.10939597315436242,Low
Toyota Axio Non hybrid Ex push 2020,Toyota,Axio,Automatic,"Petrol, Octane",2720000,2020,1500.0,35829,6,5971.5,0.8884228187919463,0.10939597315436242,Medium
Toyota Premio FL Ready  4 Point  2020,Toyota,Premio,Automatic,"Petrol, Octane",4100000,2020,1500.0,92000,6,15333.333333333334,0.8884228187919463,0.05285234899328859,High
Toyota Prius S Hybrid 2020,Toyota,Prius,Automatic,"Petrol, Hybrid, Octane",3100000,2020,1800.0,59000,6,9833.333333333334,0.8884228187919463,0.029865771812080538,Medium
Toyota C-HR G Hybrid 4.5 Point 2020,Toyota,C-HR,Automatic,"Petrol, Hybrid, Octane",3550000,2020,1800.0,44658,6,7443.0,0.8884228187919463,0.027181208053691275,High
Toyota Axio Hybrid Push 4 Grade 2020,Toyota,Axio,Automatic,Hybrid,2300000,2020,1500.0,97672,6,16278.666666666666,0.8884228187919463,0.10939597315436242,Low
Toyota Corolla Cross Z LEATHER 4.5 POINT 2021,Toyota,Corolla Cross,Automatic,Hybrid,4430000,2021,1800.0,40278,5,8055.6,0.8884228187919463,0.07097315436241611,Luxury
Toyota Fielder EX PUSH HYBRID 2020,Toyota,Fielder,Automatic,"Hybrid, Octane",2280000,2020,1500.0,59412,6,9902.0,0.8884228187919463,0.057885906040268456,Low
Toyota Esquire Hybrid-GI-Premium. 2021,Toyota,Esquire,Automatic,"Petrol, Hybrid, Octane",4100000,2021,1800.0,76000,5,15200.0,0.8884228187919463,0.05855704697986577,High
Toyota Crown Hybrid Sunroof 4.5 2020,Toyota,Crown,Automatic,"Petrol, Hybrid, Octane",7700000,2020,2500.0,57000,6,9500.0,0.8884228187919463,0.00587248322147651,Luxury
Toyota Corolla Cross Hybrid Z Leather 360 2021,Toyota,Corolla Cross,Automatic,"Petrol, Hybrid, Octane",4400000,2021,1800.0,50000,5,10000.0,0.8884228187919463,0.07097315436241611,High
Toyota Noah SI WXB V-2 2020,Toyota,Noah,Automatic,"Petrol, Octane",4400000,2020,2000.0,27000,6,4500.0,0.8884228187919463,0.10671140939597315,High
Toyota Harrier Non HY Z Leather 2025,Toyota,Harrier,Automatic,"Petrol, Hybrid, Octane",11500000,2025,2500.0,9,1,9.0,0.8884228187919463,0.03976510067114094,Luxury
Toyota Corolla Cross Hybrid Z Leather 4.5 2022,Toyota,Corolla Cross,Automatic,"Petrol, Hybrid, Octane",4850000,2022,1800.0,32000,4,8000.0,0.8884228187919463,0.07097315436241611,Luxury
Toyota Harrier Advance Premium 2014,Toyota,Harrier,Automatic,"Hybrid, Octane",3850000,2014,2500.0,52321,12,4360.083333333333,0.8884228187919463,0.03976510067114094,High
Toyota Corolla Cross Z Leather Sunroof 2024,Toyota,Corolla Cross,Automatic,Hybrid,5450000,2024,1800.0,21000,2,10500.0,0.8884228187919463,0.07097315436241611,Luxury
Toyota Corolla Cross Hybrid S 4.5 Grade 2022,Toyota,Corolla Cross,Automatic,"Petrol, Hybrid, Octane",4400000,2022,1800.0,50000,4,12500.0,0.8884228187919463,0.07097315436241611,High
Toyota Fielder Hybrid EX Push Start 2020,Toyota,Fielder,Automatic,"Petrol, Hybrid, Octane",2250000,2020,1500.0,75000,6,12500.0,0.8884228187919463,0.057885906040268456,Low
"Toyota Hiace a,aaaaaaoaaa2 aa,a.aaoaaaa2 2015",Toyota,Hiace,Automatic,Octane,3130000,2015,2000.0,87684,11,7971.272727272727,0.8884228187919463,0.09429530201342282,Medium
Toyota Noah KR41 2004,Toyota,Noah,Automatic,"Petrol, CNG",690000,2004,1800.0,88000,22,4000.0,0.8884228187919463,0.10671140939597315,Low
Toyota Noah PUSH PETROLOCT 2021,Toyota,Noah,Automatic,"Petrol, Octane",3970000,2021,2000.0,93000,5,18600.0,0.8884228187919463,0.10671140939597315,High
Toyota Axio Ex Non Hybrid Top Gr 2020,Toyota,Axio,Automatic,"Petrol, Octane",2760000,2020,1500.0,40120,6,6686.666666666667,0.8884228187919463,0.10939597315436242,Medium
Toyota RAV4 G Edition Sunroof 2020,Toyota,RAV4,Automatic,"Petrol, Hybrid, Octane",8550000,2020,2500.0,4200,6,700.0,0.8884228187919463,0.009731543624161074,Luxury
Toyota Corolla WxB 4.5 Grade Y 2021,Toyota,Corolla,Automatic,"Petrol, Hybrid, Octane",3250000,2021,1800.0,85000,5,17000.0,0.8884228187919463,0.04848993288590604,Medium
Toyota Yaris Cross Z-LEATHER HY 360CM 2021,Toyota,Yaris Cross,Automatic,"Petrol, Hybrid, Octane",3400000,2021,1500.0,77382,5,15476.4,0.8884228187919463,0.02097315436241611,High
Toyota Prius S HYBRID GP-4 2020,Toyota,Prius,Automatic,"Petrol, Hybrid, Octane",2900000,2020,1800.0,63987,6,10664.5,0.8884228187919463,0.029865771812080538,Medium
Toyota Fielder Ex Pkg hybrid Gp-4 2020,Toyota,Fielder,Automatic,"Petrol, Hybrid, Octane",2250000,2020,1500.0,63214,6,10535.666666666666,0.8884228187919463,0.057885906040268456,Low
Toyota Allion G-LED 2019,Toyota,Allion,Automatic,Octane,3700000,2019,1500.0,108000,7,15428.57142857143,0.8884228187919463,0.03120805369127517,High
Toyota Harrier Full option avalable 2020,Toyota,Harrier,Automatic,"Petrol, Octane",7700000,2020,2000.0,46013,6,7668.833333333333,0.8884228187919463,0.03976510067114094,Luxury
Lexus RX 500h F SPORTS READY 2023,Lexus,RX,Automatic,"Petrol, Hybrid, Octane",20500000,2023,2400.0,1313,3,437.6666666666667,0.0068791946308724835,0.0028523489932885905,Luxury
Toyota Harrier Z LEATHER-PKG NON HB 2020,Toyota,Harrier,Automatic,"Petrol, Octane",7700000,2020,2000.0,47600,6,7933.333333333333,0.8884228187919463,0.03976510067114094,Luxury
Honda Insight EX PKG PORT READY 2021,Honda,Insight,Automatic,"Petrol, Hybrid, Octane",4300000,2021,1500.0,56013,5,11202.6,0.0424496644295302,0.015100671140939598,High
Toyota Corolla Cross ALL OPTION READY CAR 2022,Toyota,Corolla Cross,Automatic,"Hybrid, Octane",4999000,2022,1800.0,51013,4,12753.25,0.8884228187919463,0.07097315436241611,Luxury
"Toyota Esquire GI-PREMIUM, PEARLG-3 2020",Toyota,Esquire,Automatic,Hybrid,3600000,2020,1800.0,124000,6,20666.666666666668,0.8884228187919463,0.05855704697986577,High
"Toyota Noah SI WXB 2,NON-HYB G-4 2020",Toyota,Noah,Automatic,Octane,4450000,2020,2000.0,42000,6,7000.0,0.8884228187919463,0.10671140939597315,Luxury
Toyota Hiace Super-GL Full Option 2022,Toyota,Hiace,Automatic,"Petrol, Octane",4795000,2022,2000.0,53803,4,13450.75,0.8884228187919463,0.09429530201342282,Luxury
Toyota Noah X Hybrid 2020,Toyota,Noah,Automatic,Hybrid,3270000,2020,1800.0,63000,6,10500.0,0.8884228187919463,0.10671140939597315,Medium
Toyota Harrier Premium 2020,Toyota,Harrier,Automatic,"Petrol, Octane",6800000,2020,2000.0,40000,6,6666.666666666667,0.8884228187919463,0.03976510067114094,Luxury
Toyota Esquire GI-PKG Non-Hybrd 2021,Toyota,Esquire,Automatic,Octane,4460000,2021,2000.0,58000,5,11600.0,0.8884228187919463,0.05855704697986577,Luxury
Toyota Corolla wxb hybrid pearl 2020,Toyota,Corolla,Automatic,Hybrid,3150000,2020,1800.0,51000,6,8500.0,0.8884228187919463,0.04848993288590604,Medium
Toyota Fielder Ex Hybrid 2020,Toyota,Fielder,Automatic,Hybrid,2350000,2020,1500.0,62000,6,10333.333333333334,0.8884228187919463,0.057885906040268456,Medium
Toyota Noah G HYBRID 2020,Toyota,Noah,Automatic,Hybrid,3300000,2020,1800.0,58671,6,9778.5,0.8884228187919463,0.10671140939597315,Medium
Toyota Corolla Cross Z-PKG 2022,Toyota,Corolla Cross,Automatic,"Hybrid, Octane",4875000,2022,1790.0,21273,4,5318.25,0.8884228187919463,0.07097315436241611,Luxury
Nissan X-Trail EMARGENCY BRAKE HYB 2020,Nissan,X-Trail,Automatic,Hybrid,3600000,2020,1500.0,128000,6,21333.333333333332,0.02365771812080537,0.015436241610738255,High
Toyota Axio EX PACKAGE HYBRID 2021,Toyota,Axio,Automatic,Hybrid,2230000,2021,1500.0,54697,5,10939.4,0.8884228187919463,0.10939597315436242,Low
Toyota Noah SI WXB PACKAGE 2021,Toyota,Noah,Automatic,"Petrol, Octane",3960000,2021,2000.0,69528,5,13905.6,0.8884228187919463,0.10671140939597315,High
Toyota Hiace AMBULANCE 2020,Toyota,Hiace,Automatic,Octane,2690000,2020,2000.0,92853,6,15475.5,0.8884228187919463,0.09429530201342282,Medium
Toyota Axio EX PACKAGE HYBRID 2020,Toyota,Axio,Automatic,Hybrid,2230000,2020,1500.0,52294,6,8715.666666666666,0.8884228187919463,0.10939597315436242,Low
Toyota C-HR GR SPORTS 2020,Toyota,C-HR,Automatic,"Hybrid, Octane",3480000,2020,1800.0,45445,6,7574.166666666667,0.8884228187919463,0.027181208053691275,High
Toyota Esquire GI NON-HYBRID 2020,Toyota,Esquire,Automatic,"Petrol, Octane",3860000,2020,2000.0,85933,6,14322.166666666666,0.8884228187919463,0.05855704697986577,High
Toyota C-HR S LED package Yellow 2021,Toyota,C-HR,Automatic,"Hybrid, Octane",3120000,2021,1800.0,93040,5,18608.0,0.8884228187919463,0.027181208053691275,Medium
Toyota Hiace SUPER GL DARK PRIME 2020,Toyota,Hiace,Automatic,"Petrol, Octane",4170000,2020,2000.0,57550,6,9591.666666666666,0.8884228187919463,0.09429530201342282,High
Toyota Corolla WXB PACKAGE 2021,Toyota,Corolla,Automatic,Hybrid,3060000,2021,1800.0,53456,5,10691.2,0.8884228187919463,0.04848993288590604,Medium
Toyota Hiace DX White 2020,Toyota,Hiace,Automatic,Octane,3100000,2020,2000.0,80533,6,13422.166666666666,0.8884228187919463,0.09429530201342282,Medium
Toyota Hiace GL PACKAGE 2020,Toyota,Hiace,Automatic,"Petrol, Octane",3160000,2020,2000.0,74853,6,12475.5,0.8884228187919463,0.09429530201342282,Medium
Toyota Fielder X PACKAGE NON-HY 2019,Toyota,Fielder,Automatic,"Petrol, Octane",2320000,2019,1500.0,48621,7,6945.857142857143,0.8884228187919463,0.057885906040268456,Low
Toyota Axio EX NON-HYBRID 2021,Toyota,Axio,Automatic,"Petrol, Octane",2740000,2021,1500.0,54612,5,10922.4,0.8884228187919463,0.10939597315436242,Medium
Toyota Hiace SUPER GL DARK PRIME 2020,Toyota,Hiace,Automatic,"Petrol, Octane",4060000,2020,2000.0,63457,6,10576.166666666666,0.8884228187919463,0.09429530201342282,High
Toyota Aqua G RED 2020,Toyota,Aqua,Automatic,"Hybrid, Octane",1750000,2020,1500.0,35228,6,5871.333333333333,0.8884228187919463,0.015771812080536914,Low
Toyota Noah X SMART PACKAGE 2022,Toyota,Noah,Automatic,"Hybrid, Octane",3050000,2022,1800.0,65128,4,16282.0,0.8884228187919463,0.10671140939597315,Medium
Toyota Hiace DX PACKAGE 2021,Toyota,Hiace,Automatic,"Petrol, Octane",3220000,2021,2000.0,67589,5,13517.8,0.8884228187919463,0.09429530201342282,Medium
Toyota Hiace GL DHAKA READY UNIT 2020,Toyota,Hiace,Automatic,"Petrol, Octane",3180000,2020,2000.0,76854,6,12809.0,0.8884228187919463,0.09429530201342282,Medium
Toyota Premio FL PACKAGE 21 MODEL 2021,Toyota,Premio,Automatic,"Petrol, Octane",4160000,2021,1500.0,4523,5,904.6,0.8884228187919463,0.05285234899328859,High
Toyota Noah WXB HYBRID 2020,Toyota,Noah,Automatic,Hybrid,3480000,2020,1800.0,90000,6,15000.0,0.8884228187919463,0.10671140939597315,High
Toyota Corolla Cross New Shape Z Brown 2025,Toyota,Corolla Cross,Automatic,Hybrid,6380000,2025,1800.0,28,1,28.0,0.8884228187919463,0.07097315436241611,Luxury
Toyota Noah Non hybrid 2020,Toyota,Noah,Automatic,"Petrol, Octane",3500000,2020,2000.0,67243,6,11207.166666666666,0.8884228187919463,0.10671140939597315,High
Toyota Fielder G Push Start Octane 2012,Toyota,Fielder,Automatic,Octane,1820000,2012,1500.0,65000,14,4642.857142857143,0.8884228187919463,0.057885906040268456,Low
Toyota Hiace SUPER GL DARK PRIME 2021,Toyota,Hiace,Automatic,"Petrol, Octane",4050000,2021,2000.0,84571,5,16914.2,0.8884228187919463,0.09429530201342282,High
Toyota Premio F 2004,Toyota,Premio,Automatic,"CNG, Octane",1390000,2004,1500.0,85000,22,3863.6363636363635,0.8884228187919463,0.05285234899328859,Low
Toyota Esquire Gi premium Hybrid 2017,Toyota,Esquire,Automatic,"Hybrid, Octane",3200000,2017,1800.0,81793,9,9088.111111111111,0.8884228187919463,0.05855704697986577,Medium
Toyota Voxy S-Z All Option 2022,Toyota,Voxy,Automatic,"Petrol, Hybrid, Octane",5050000,2022,1800.0,68000,4,17000.0,0.8884228187919463,0.027348993288590605,Luxury
Toyota Corolla Cross Z LEATHERCEMENT GREY 2021,Toyota,Corolla Cross,Automatic,"Petrol, Hybrid, Octane",4455000,2021,1800.0,44256,5,8851.2,0.8884228187919463,0.07097315436241611,Luxury
Toyota Premio Fl pkg Loan 2018,Toyota,Premio,Automatic,Octane,2400000,2018,1500.0,74542,8,9317.75,0.8884228187919463,0.05285234899328859,Medium
Toyota Axio Non Hybrid EX White 2020,Toyota,Axio,Automatic,"Petrol, Octane",2590000,2020,1500.0,84231,6,14038.5,0.8884228187919463,0.10939597315436242,Medium
Toyota Voxy HYBRID MICABLUE 2021,Toyota,Voxy,Automatic,"Petrol, Hybrid, Octane",3680000,2021,1800.0,80234,5,16046.8,0.8884228187919463,0.027348993288590605,High
Toyota Hiace Ambulance 2020,Toyota,Hiace,Automatic,"Petrol, Octane",2420000,2020,1800.0,73000,6,12166.666666666666,0.8884228187919463,0.09429530201342282,Medium
Toyota Corolla Cross Z leather Package 2024,Toyota,Corolla Cross,Automatic,"Petrol, Hybrid, Octane",5080000,2024,1800.0,451,2,225.5,0.8884228187919463,0.07097315436241611,Luxury
Toyota Corolla Cross Z leather Package 2022,Toyota,Corolla Cross,Automatic,"Petrol, Hybrid, Octane",4780000,2022,1800.0,36000,4,9000.0,0.8884228187919463,0.07097315436241611,Luxury
Toyota Noah HYBRID SIWXB PEARL 2021,Toyota,Noah,Automatic,"Petrol, Hybrid, Octane",3750000,2021,1800.0,44234,5,8846.8,0.8884228187919463,0.10671140939597315,High
Honda Insight HYBRID LX UNIT 2021,Honda,Insight,Automatic,Hybrid,3650000,2021,1500.0,123432,5,24686.4,0.0424496644295302,0.015100671140939598,High
Toyota Axio EX 4 POINT 2020,Toyota,Axio,Automatic,"Petrol, Hybrid, Octane",2400000,2020,1500.0,90333,6,15055.5,0.8884228187919463,0.10939597315436242,Medium
Toyota Fielder EX READY SHOWROOM 2020,Toyota,Fielder,Automatic,"Petrol, Octane",2530000,2020,1500.0,73194,6,12199.0,0.8884228187919463,0.057885906040268456,Medium
Toyota Esquire GI PREMIUM-HV 2020,Toyota,Esquire,Automatic,Hybrid,3900000,2020,1800.0,77099,6,12849.833333333334,0.8884228187919463,0.05855704697986577,High
Toyota Hiace SUPRE GL-DARK PRIME 2020,Toyota,Hiace,Automatic,Octane,4400000,2020,2000.0,44132,6,7355.333333333333,0.8884228187919463,0.09429530201342282,High
Toyota C-HR G-LED new shape 2019,Toyota,C-HR,Automatic,Hybrid,3380000,2019,1800.0,31000,7,4428.571428571428,0.8884228187919463,0.027181208053691275,Medium
Toyota C-HR G-LED 360 CAMRA 2019,Toyota,C-HR,Automatic,Hybrid,3380000,2019,1800.0,31500,7,4500.0,0.8884228187919463,0.027181208053691275,Medium
Toyota Noah X PKG 2020,Toyota,Noah,Automatic,Octane,3550000,2020,2000.0,96988,6,16164.666666666666,0.8884228187919463,0.10671140939597315,High
Toyota Esquire GI PREMIUM-HV-PKG 2020,Toyota,Esquire,Automatic,Hybrid,3800000,2020,1800.0,69947,6,11657.833333333334,0.8884228187919463,0.05855704697986577,High
Toyota Corolla Cross Z LEATHER PANORAMIC 2023,Toyota,Corolla Cross,Automatic,Hybrid,4750000,2023,1800.0,30287,3,10095.666666666666,0.8884228187919463,0.07097315436241611,Luxury
Toyota Axio EX PKG PUSH START 2020,Toyota,Axio,Automatic,Hybrid,2300000,2020,1500.0,114200,6,19033.333333333332,0.8884228187919463,0.10939597315436242,Low
Toyota C-HR G-LED-PKG-HV 2019,Toyota,C-HR,Automatic,Hybrid,3380000,2019,1800.0,31879,7,4554.142857142857,0.8884228187919463,0.027181208053691275,Medium
Toyota Esquire GI PREMIUM-HV 2020,Toyota,Esquire,Automatic,Hybrid,3700000,2020,1800.0,97987,6,16331.166666666666,0.8884228187919463,0.05855704697986577,High
Toyota Esquire XI WITH LIFT UP SEAT 2020,Toyota,Esquire,Automatic,Octane,4000000,2020,2000.0,132322,6,22053.666666666668,0.8884228187919463,0.05855704697986577,High
Toyota Hiace DX 2005,Toyota,Hiace,Automatic,"CNG, Octane",1190000,2005,2000.0,180000,21,8571.42857142857,0.8884228187919463,0.09429530201342282,Low
Toyota C-HR G LED BLACK 2020,Toyota,C-HR,Automatic,Hybrid,3400000,2020,1800.0,44000,6,7333.333333333333,0.8884228187919463,0.027181208053691275,High
Toyota Vitz Push Start 2012,Toyota,Vitz,Automatic,Octane,1300000,2012,1329.0,48826,14,3487.5714285714284,0.8884228187919463,0.0041946308724832215,Low
Toyota Noah Square 2017,Toyota,Noah,Automatic,"Octane, LPG",3120000,2017,2000.0,67846,9,7538.444444444444,0.8884228187919463,0.10671140939597315,Medium
Toyota Corolla Cross hybrid 2021,Toyota,Corolla Cross,Automatic,"Petrol, Hybrid, Octane",3850000,2021,1800.0,47168,5,9433.6,0.8884228187919463,0.07097315436241611,High
Toyota Axio Hybrid EX 2020,Toyota,Axio,Automatic,"Petrol, Hybrid, Octane",2150000,2020,1500.0,62873,6,10478.833333333334,0.8884228187919463,0.10939597315436242,Low
Toyota Corolla Hybrid GX 2020,Toyota,Corolla,Automatic,Hybrid,2350000,2020,1800.0,75478,6,12579.666666666666,0.8884228187919463,0.04848993288590604,Medium
Toyota Yaris Cross 2020,Toyota,Yaris Cross,Automatic,Hybrid,2800000,2020,1500.0,89000,6,14833.333333333334,0.8884228187919463,0.02097315436241611,Medium
Toyota Corolla Cross Z LEATHER FULL LOAD 2021,Toyota,Corolla Cross,Automatic,Hybrid,4800000,2021,1800.0,36000,5,7200.0,0.8884228187919463,0.07097315436241611,Luxury
Toyota Allion A15 PACKAGE WHITE 2020,Toyota,Allion,Manual,"Petrol, Octane",3490000,2020,1500.0,186000,6,31000.0,0.8884228187919463,0.03120805369127517,High
Toyota Corolla Cross Z PKG MASSIVE GRAY 2024,Toyota,Corolla Cross,Automatic,Hybrid,5500000,2024,1800.0,8000,2,4000.0,0.8884228187919463,0.07097315436241611,Luxury
Toyota Allion A15 PKG WHITE COLOUR 2020,Toyota,Allion,Automatic,"Petrol, Octane",3830000,2020,1500.0,26000,6,4333.333333333333,0.8884228187919463,0.03120805369127517,High
Toyota Axio HYBRID EX PKG SILVER 2020,Toyota,Axio,Automatic,Hybrid,2200000,2020,1500.0,78000,6,13000.0,0.8884228187919463,0.10939597315436242,Low
Toyota Esquire GI PACKAGE BLACK 2021,Toyota,Esquire,Automatic,"Petrol, Hybrid, Octane",3950000,2021,1800.0,14100,5,2820.0,0.8884228187919463,0.05855704697986577,High
Mazda MX-5 ROADSTER S LEATHER 2020,Mazda,MX-5,Automatic,"Petrol, Octane",4400000,2020,2000.0,52872,6,8812.0,0.0025167785234899327,0.0008389261744966443,High
Toyota Allion A15 PACKAGE WHITE 2020,Toyota,Allion,Automatic,"Petrol, Octane",3830000,2020,1500.0,26000,6,4333.333333333333,0.8884228187919463,0.03120805369127517,High
Toyota Corolla Cross Z LEATHER FUL OPTION 2023,Toyota,Corolla Cross,Automatic,Hybrid,5150000,2023,1800.0,31670,3,10556.666666666666,0.8884228187919463,0.07097315436241611,Luxury
Honda CR-V EX 2019,Honda,CR-V,Automatic,Petrol,5670000,2019,1500.0,30477,7,4353.857142857143,0.0424496644295302,0.011241610738255034,Luxury
Toyota Axio EX HYBRID SILVER 2020,Toyota,Axio,Automatic,Hybrid,2280000,2020,1500.0,71650,6,11941.666666666666,0.8884228187919463,0.10939597315436242,Low
Toyota Prius S TOURING 2020,Toyota,Prius,Automatic,Hybrid,3230000,2020,1800.0,5102,6,850.3333333333334,0.8884228187919463,0.029865771812080538,Medium
Toyota Premio F-EX RED WINE 2021,Toyota,Premio,Automatic,Petrol,4850000,2021,1500.0,77302,5,15460.4,0.8884228187919463,0.05285234899328859,Luxury
Toyota Hiace SUPER GL D PRIME 2022,Toyota,Hiace,Automatic,Petrol,4600000,2022,2000.0,58000,4,14500.0,0.8884228187919463,0.09429530201342282,Luxury
Toyota Axio EX HYBRID 2020,Toyota,Axio,Automatic,Hybrid,2200000,2020,1500.0,138000,6,23000.0,0.8884228187919463,0.10939597315436242,Low
Toyota Hiace SUPER GL 2020,Toyota,Hiace,Automatic,Petrol,3950000,2020,2000.0,70000,6,11666.666666666666,0.8884228187919463,0.09429530201342282,High
Toyota Hiace GL PEARL 2020,Toyota,Hiace,Automatic,Petrol,3420000,2020,2000.0,111987,6,18664.5,0.8884228187919463,0.09429530201342282,High
Toyota Hiace SUPER GL 2022,Toyota,Hiace,Automatic,Petrol,4550000,2022,2000.0,71000,4,17750.0,0.8884228187919463,0.09429530201342282,Luxury
Toyota Axio EX NON HYBRID 2020,Toyota,Axio,Automatic,Petrol,2650000,2020,1500.0,125000,6,20833.333333333332,0.8884228187919463,0.10939597315436242,Medium
Toyota Noah G HYBRID 2020,Toyota,Noah,Automatic,Hybrid,3450000,2020,1800.0,80000,6,13333.333333333334,0.8884228187919463,0.10671140939597315,High
Toyota Voxy Z-S LEATRHER 2022,Toyota,Voxy,Automatic,Hybrid,4760000,2022,1800.0,68000,4,17000.0,0.8884228187919463,0.027348993288590605,Luxury
Toyota Fielder WXB HYBRID 2019,Toyota,Fielder,Automatic,Hybrid,2760000,2019,1500.0,26220,7,3745.714285714286,0.8884228187919463,0.057885906040268456,Medium
Toyota Noah X PACKAGE HYBRID 2020,Toyota,Noah,Automatic,Hybrid,3390000,2020,1800.0,67210,6,11201.666666666666,0.8884228187919463,0.10671140939597315,High
Toyota Premio F-EX BRONZ BEIGE INT 2021,Toyota,Premio,Automatic,Petrol,5030000,2021,1500.0,35120,5,7024.0,0.8884228187919463,0.05285234899328859,Luxury
Toyota Axio Non Hybrid 2020,Toyota,Axio,Automatic,Octane,2950000,2020,1500.0,80000,6,13333.333333333334,0.8884228187919463,0.10939597315436242,Medium
Mitsubishi Pajero X EDITION 2008,Mitsubishi,Pajero,Manual,Petrol,750000,2008,2350.0,143272,18,7959.555555555556,0.012583892617449664,0.0041946308724832215,Low
Toyota Noah SI 2 Door Power 2012,Toyota,Noah,Automatic,Octane,2680000,2012,2000.0,62350,14,4453.571428571428,0.8884228187919463,0.10671140939597315,Medium
Toyota Hiace SUPER GL DARK PRIME2 2020,Toyota,Hiace,Automatic,Octane,4400000,2020,2000.0,25000,6,4166.666666666667,0.8884228187919463,0.09429530201342282,High
Toyota Axio EX 2020,Toyota,Axio,Automatic,Octane,3175000,2020,1490.0,11300,6,1883.3333333333333,0.8884228187919463,0.10939597315436242,Medium
Toyota Harrier Z LEATHER NON HYB 2020,Toyota,Harrier,Automatic,Octane,8030000,2020,2000.0,47000,6,7833.333333333333,0.8884228187919463,0.03976510067114094,Luxury
Toyota Noah SI-WXB II PKG 2020,Toyota,Noah,Automatic,Octane,4800000,2020,1980.0,47600,6,7933.333333333333,0.8884228187919463,0.10671140939597315,Luxury
Toyota Premio FL PACKAGE 4 POINT 2020,Toyota,Premio,Automatic,Octane,4350000,2020,1500.0,34000,6,5666.666666666667,0.8884228187919463,0.05285234899328859,High
Toyota Aqua S PKG 4 POINT 2020,Toyota,Aqua,Automatic,Hybrid,1880000,2020,1500.0,89000,6,14833.333333333334,0.8884228187919463,0.015771812080536914,Low
Toyota Hiace SUPER GL DARK PRIME2 2020,Toyota,Hiace,Automatic,Hybrid,4300000,2020,2000.0,81000,6,13500.0,0.8884228187919463,0.09429530201342282,High
Toyota Fielder EX like G PACKAGE 2020,Toyota,Fielder,Automatic,"Petrol, Hybrid, Octane",2400000,2020,1500.0,120000,6,20000.0,0.8884228187919463,0.057885906040268456,Medium
Toyota Noah S-Z PKG 2023,Toyota,Noah,Automatic,"Hybrid, Octane",5850000,2023,1790.0,18800,3,6266.666666666667,0.8884228187919463,0.10671140939597315,Luxury
Toyota Corolla Cross Z PKG HARDTOP 2021,Toyota,Corolla Cross,Automatic,Hybrid,4250000,2021,1800.0,28000,5,5600.0,0.8884228187919463,0.07097315436241611,High
Nissan X-Trail X E- 4ORCE 2023,Nissan,X-Trail,Automatic,"Hybrid, Octane",7100000,2023,1500.0,19224,3,6408.0,0.02365771812080537,0.015436241610738255,Luxury
Toyota Hiace DX GL WITH LED 2020,Toyota,Hiace,Automatic,Octane,3450000,2020,2000.0,111000,6,18500.0,0.8884228187919463,0.09429530201342282,High
Toyota Voxy X Package 2020,Toyota,Voxy,Automatic,"Petrol, Hybrid, Octane",2980000,2020,1800.0,156000,6,26000.0,0.8884228187919463,0.027348993288590605,Medium
Toyota Corolla WXB HYBRID 2020,Toyota,Corolla,Automatic,Hybrid,3150000,2020,1800.0,79480,6,13246.666666666666,0.8884228187919463,0.04848993288590604,Medium
Toyota Hiace SUPER GL DARK PRIME 2022,Toyota,Hiace,Automatic,Petrol,4460000,2022,2000.0,36000,4,9000.0,0.8884228187919463,0.09429530201342282,Luxury
Toyota Allion A15 READY STOCK 2020,Toyota,Allion,Automatic,Petrol,3560000,2020,1500.0,86000,6,14333.333333333334,0.8884228187919463,0.03120805369127517,High
Toyota Premio FL LED PEARL 2021,Toyota,Premio,Automatic,Petrol,4480000,2021,1500.0,51222,5,10244.4,0.8884228187919463,0.05285234899328859,Luxury
Toyota Corolla Cross Z LEATHER BRONEZ 2021,Toyota,Corolla Cross,Automatic,Hybrid,4490000,2021,1800.0,54000,5,10800.0,0.8884228187919463,0.07097315436241611,Luxury
Toyota Harrier NON HYBRID 2020,Toyota,Harrier,Automatic,Petrol,6950000,2020,2000.0,40384,6,6730.666666666667,0.8884228187919463,0.03976510067114094,Luxury
Toyota Land Cruiser PRADO TX-L 70TH ANN. 2021,Toyota,Land Cruiser,Automatic,Diesel,16000000,2021,2700.0,38800,5,7760.0,0.8884228187919463,0.008557046979865772,Luxury
Toyota Premio F-EX PEARL 2020,Toyota,Premio,Automatic,Petrol,4650000,2020,1500.0,45600,6,7600.0,0.8884228187919463,0.05285234899328859,Luxury
Toyota Prius S HYBRID 4 grade 2020,Toyota,Prius,Automatic,Hybrid,2980000,2020,1800.0,41380,6,6896.666666666667,0.8884228187919463,0.029865771812080538,Medium
Toyota Esquire GIP PKG 2020,Toyota,Esquire,Automatic,"Hybrid, Octane",4175000,2020,1790.0,48738,6,8123.0,0.8884228187919463,0.05855704697986577,High
Toyota Harrier 2020,Toyota,Harrier,Automatic,Unknown,7100000,2020,2000.0,35990,6,5998.333333333333,0.8884228187919463,0.03976510067114094,Luxury
Toyota Harrier G 2009,Toyota,Harrier,Automatic,"Octane, LPG",2850000,2009,2400.0,65214,17,3836.1176470588234,0.8884228187919463,0.03976510067114094,Medium
Toyota Noah X PACKAGE HYBRID 2021,Toyota,Noah,Automatic,Hybrid,3120000,2021,1800.0,55476,5,11095.2,0.8884228187919463,0.10671140939597315,Medium
Toyota Hiace Gl octane Loan 2018,Toyota,Hiace,Automatic,"CNG, Octane",1800000,2018,2000.0,67201,8,8400.125,0.8884228187919463,0.09429530201342282,Low
Toyota Noah X Smart Package 2020,Toyota,Noah,Automatic,Octane,3800000,2020,2000.0,51000,6,8500.0,0.8884228187919463,0.10671140939597315,High
Toyota Fielder PUSH EX HYBRID 2020,Toyota,Fielder,Automatic,Hybrid,2380000,2020,1500.0,88431,6,14738.5,0.8884228187919463,0.057885906040268456,Medium
Toyota Axio EX NON HYBRID 2020,Toyota,Axio,Automatic,"Petrol, Octane",2650000,2020,1500.0,102000,6,17000.0,0.8884228187919463,0.10939597315436242,Medium
Toyota Axio EX READY SHOWROOM 2020,Toyota,Axio,Automatic,"Petrol, Hybrid, Octane",2300000,2020,1500.0,21000,6,3500.0,0.8884228187919463,0.10939597315436242,Low
Toyota Axio HYBRID PUSH START 2020,Toyota,Axio,Automatic,Hybrid,2390000,2020,1500.0,104123,6,17353.833333333332,0.8884228187919463,0.10939597315436242,Medium
Toyota Voxy ZS KIRAMEKI 2 NON HY 2020,Toyota,Voxy,Automatic,"Petrol, Octane",3920000,2020,2000.0,81000,6,13500.0,0.8884228187919463,0.027348993288590605,High
Toyota Voxy -T 2022,Toyota,Voxy,Automatic,"Petrol, Hybrid, Octane",5420000,2022,1800.0,55000,4,13750.0,0.8884228187919463,0.027348993288590605,Luxury
Toyota Axio EX SAFETY SENSOR 2020,Toyota,Axio,Automatic,Hybrid,2450000,2020,1500.0,77000,6,12833.333333333334,0.8884228187919463,0.10939597315436242,Medium
Toyota Axio EX Silver R137k km 2020,Toyota,Axio,Automatic,Hybrid,2280000,2020,1500.0,137000,6,22833.333333333332,0.8884228187919463,0.10939597315436242,Low
Toyota Aqua S White 489000 km 2020,Toyota,Aqua,Automatic,Hybrid,1950000,2020,1500.0,89000,6,14833.333333333334,0.8884228187919463,0.015771812080536914,Low
Toyota Axio EX White 3.5140k km 2020,Toyota,Axio,Automatic,Petrol,2780000,2020,1500.0,140000,6,23333.333333333332,0.8884228187919463,0.10939597315436242,Medium
Toyota Noah HB New Black SZ 2022,Toyota,Noah,Automatic,Hybrid,4700000,2022,1800.0,127000,4,31750.0,0.8884228187919463,0.10671140939597315,Luxury
Toyota Axio EX Silver 4130k km 2020,Toyota,Axio,Automatic,Hybrid,2300000,2020,1500.0,130000,6,21666.666666666668,0.8884228187919463,0.10939597315436242,Low
Toyota Axio Hybrid EX Pkg White 2020,Toyota,Axio,Automatic,Hybrid,2320000,2020,1500.0,85600,6,14266.666666666666,0.8884228187919463,0.10939597315436242,Low
Toyota Harrier Z Black Color Hybrid 2020,Toyota,Harrier,Automatic,Hybrid,7590000,2020,2500.0,39000,6,6500.0,0.8884228187919463,0.03976510067114094,Luxury
Toyota Esquire Gi Blackish Purple 2020,Toyota,Esquire,Automatic,Hybrid,3850000,2020,1800.0,131500,6,21916.666666666668,0.8884228187919463,0.05855704697986577,High
Toyota Esquire GI Black 3.558k km 2021,Toyota,Esquire,Automatic,Petrol,4530000,2021,2000.0,58000,5,11600.0,0.8884228187919463,0.05855704697986577,Luxury
Toyota Axio EX White 468000 km 2020,Toyota,Axio,Automatic,Petrol,2980000,2020,1500.0,68000,6,11333.333333333334,0.8884228187919463,0.10939597315436242,Medium
Toyota Allion A15 White 460k km 2020,Toyota,Allion,Automatic,Petrol,3780000,2020,1500.0,60000,6,10000.0,0.8884228187919463,0.03120805369127517,High
Toyota Esquire Gi Silver R55600 km 2021,Toyota,Esquire,Automatic,Petrol,4330000,2021,2000.0,55600,5,11120.0,0.8884228187919463,0.05855704697986577,High
Toyota Corolla Cross Z Blackish Full Load 2022,Toyota,Corolla Cross,Automatic,Hybrid,4900000,2022,1800.0,50000,4,12500.0,0.8884228187919463,0.07097315436241611,Luxury
Toyota Hiace Super GL Dark Prime2 2021,Toyota,Hiace,Automatic,"Petrol, Octane",4500000,2021,2000.0,65000,5,13000.0,0.8884228187919463,0.09429530201342282,Luxury
Toyota Allion A15 key Start Ready 2020,Toyota,Allion,Automatic,"Petrol, Octane",3550000,2020,1500.0,96000,6,16000.0,0.8884228187919463,0.03120805369127517,High
Toyota Corolla Cross Z Pearl 5 Point 2022,Toyota,Corolla Cross,Automatic,Hybrid,4890000,2022,1800.0,22000,4,5500.0,0.8884228187919463,0.07097315436241611,Luxury
Toyota Sienta G HYBRID 2020,Toyota,Sienta,Automatic,"Petrol, Hybrid, Octane",2600000,2020,1500.0,80000,6,13333.333333333334,0.8884228187919463,0.009228187919463088,Medium
Toyota Sienta G -LED 2020,Toyota,Sienta,Automatic,"Petrol, Hybrid, Octane",2600000,2020,1500.0,78620,6,13103.333333333334,0.8884228187919463,0.009228187919463088,Medium
Toyota Esquire GI PREMIUM HYBRID 2020,Toyota,Esquire,Automatic,"Petrol, Hybrid, Octane",4130000,2020,1800.0,57000,6,9500.0,0.8884228187919463,0.05855704697986577,High
Toyota Corolla Cross Z Pkg Red 5 Point 2021,Toyota,Corolla Cross,Automatic,Hybrid,4690000,2021,1800.0,18000,5,3600.0,0.8884228187919463,0.07097315436241611,Luxury
Toyota Corolla Cross Z Leather Brand New 2025,Toyota,Corolla Cross,Automatic,"Petrol, Hybrid, Octane",6250000,2025,1800.0,6,1,6.0,0.8884228187919463,0.07097315436241611,Luxury
Toyota Sienta G CUERO 2019,Toyota,Sienta,Automatic,"Petrol, Hybrid, Octane",2600000,2019,1500.0,54120,7,7731.428571428572,0.8884228187919463,0.009228187919463088,Medium
Toyota Axio EX HYBRID WHITE 2020,Toyota,Axio,Automatic,"Petrol, Hybrid, Octane",2400000,2020,1500.0,46342,6,7723.666666666667,0.8884228187919463,0.10939597315436242,Medium
Toyota Prius S Hybrid 2020,Toyota,Prius,Automatic,"Petrol, Hybrid, Octane",2950000,2020,1800.0,34520,6,5753.333333333333,0.8884228187919463,0.029865771812080538,Medium
Toyota Corolla Cross Z Leather Brand New 2025,Toyota,Corolla Cross,Automatic,"Petrol, Hybrid, Octane",6400000,2025,1800.0,2,1,2.0,0.8884228187919463,0.07097315436241611,Luxury
Toyota Hiace Super GL Dark Prime2 2023,Toyota,Hiace,Automatic,Petrol,5020000,2023,2000.0,74000,3,24666.666666666668,0.8884228187919463,0.09429530201342282,Luxury
Toyota Axio EX Silver 4127k km 2020,Toyota,Axio,Automatic,Hybrid,2330000,2020,1500.0,127000,6,21166.666666666668,0.8884228187919463,0.10939597315436242,Low
Toyota Premio F-EX Point- 4.5 2020,Toyota,Premio,Automatic,"Petrol, Octane",4500000,2020,1500.0,55000,6,9166.666666666666,0.8884228187919463,0.05285234899328859,Luxury
Toyota Premio F-EX Pearl 2021,Toyota,Premio,Automatic,"Petrol, Octane",4920000,2021,1500.0,9454,5,1890.8,0.8884228187919463,0.05285234899328859,Luxury
Toyota Axio EX Non Hybrid P-4 2021,Toyota,Axio,Automatic,"Petrol, Octane",2980000,2021,1500.0,18002,5,3600.4,0.8884228187919463,0.10939597315436242,Medium
Toyota Prius S Hybrid 4 Point 2021,Toyota,Prius,Automatic,"Petrol, Hybrid, Octane",3070000,2021,1800.0,44487,5,8897.4,0.8884228187919463,0.029865771812080538,Medium
Toyota Noah Non Hyb key 1Dp 3.5p 2020,Toyota,Noah,Automatic,"Octane, Other fuel type",3500000,2020,2000.0,64321,6,10720.166666666666,0.8884228187919463,0.10671140939597315,High
Toyota Hiace GL DUAL AC READY 2020,Toyota,Hiace,Automatic,Octane,3450000,2020,2000.0,75000,6,12500.0,0.8884228187919463,0.09429530201342282,High
Toyota Axio EX NON HYBRID 2020,Toyota,Axio,Automatic,Octane,2720000,2020,1500.0,75000,6,12500.0,0.8884228187919463,0.10939597315436242,Medium
Toyota Corolla Pearl Colour 2006,Toyota,Corolla,Automatic,"CNG, Octane",1270000,2006,1500.0,93000,20,4650.0,0.8884228187919463,0.04848993288590604,Low
Toyota Esquire Gi Premium Hybrid 2020,Toyota,Esquire,Automatic,Hybrid,3850000,2020,1800.0,80351,6,13391.833333333334,0.8884228187919463,0.05855704697986577,High
Toyota Axio Ex Pkg Hybrid key 2020,Toyota,Axio,Automatic,"Hybrid, Octane",2420000,2020,1500.0,70521,6,11753.5,0.8884228187919463,0.10939597315436242,Medium
Toyota Noah Nonhybrid 2Door Powr 2019,Toyota,Noah,Automatic,"Petrol, Octane",3520000,2019,2000.0,63893,7,9127.57142857143,0.8884228187919463,0.10671140939597315,High
Toyota Corolla Cross Z LEATHER 4.5 POINT 2022,Toyota,Corolla Cross,Automatic,Hybrid,4480000,2022,1800.0,78250,4,19562.5,0.8884228187919463,0.07097315436241611,Luxury
Toyota Axio Ex pkg non hyb 4pt 2020,Toyota,Axio,Automatic,"Octane, Other fuel type",2720000,2020,1500.0,90521,6,15086.833333333334,0.8884228187919463,0.10939597315436242,Medium
Toyota Aqua s push start 2020,Toyota,Aqua,Automatic,Hybrid,2080000,2020,1500.0,70251,6,11708.5,0.8884228187919463,0.015771812080536914,Low
Toyota Noah Non hybrid 2020,Toyota,Noah,Automatic,"Petrol, Octane",3440000,2020,2000.0,88140,6,14690.0,0.8884228187919463,0.10671140939597315,High
Toyota Noah Hybrid 2 Door power 2021,Toyota,Noah,Automatic,Hybrid,3650000,2021,1800.0,88251,5,17650.2,0.8884228187919463,0.10671140939597315,High
Toyota Hiace GL 2020,Toyota,Hiace,Automatic,"Petrol, Octane",3320000,2020,2000.0,77301,6,12883.5,0.8884228187919463,0.09429530201342282,Medium
Toyota Noah G Hybrid a2aaaa a-aaoa 2020,Toyota,Noah,Automatic,Hybrid,1200000,2020,1800.0,84289,6,14048.166666666666,0.8884228187919463,0.10671140939597315,Low
Toyota Hiace gl white 2020,Toyota,Hiace,Automatic,"Petrol, Octane",3520000,2020,2000.0,107000,6,17833.333333333332,0.8884228187919463,0.09429530201342282,High
Toyota Fielder Hybrid 4 point 2020,Toyota,Fielder,Automatic,Hybrid,2320000,2020,1500.0,89256,6,14876.0,0.8884228187919463,0.057885906040268456,Low
Toyota Axio Ex Non HYB push 3.5p 2020,Toyota,Axio,Automatic,"Octane, Other fuel type",2650000,2020,1500.0,123456,6,20576.0,0.8884228187919463,0.10939597315436242,Medium
Toyota Fielder Ex Hybrid Push 2020,Toyota,Fielder,Automatic,Hybrid,2300000,2020,1500.0,81316,6,13552.666666666666,0.8884228187919463,0.057885906040268456,Low
Toyota Axio NON HYBRID- 4 GRADE 2020,Toyota,Axio,Automatic,"Petrol, Octane",2720000,2020,1500.0,77241,6,12873.5,0.8884228187919463,0.10939597315436242,Medium
Toyota Esquire Gi premium Hyb 4pt 2020,Toyota,Esquire,Automatic,"Hybrid, Octane",3850000,2020,1800.0,80821,6,13470.166666666666,0.8884228187919463,0.05855704697986577,High
Toyota Hiace GL 2020,Toyota,Hiace,Automatic,"Petrol, Octane",3330000,2020,2000.0,83177,6,13862.833333333334,0.8884228187919463,0.09429530201342282,Medium
Toyota Fielder HYBRID READY UNIT 2020,Toyota,Fielder,Automatic,Hybrid,2330000,2020,1500.0,79250,6,13208.333333333334,0.8884228187919463,0.057885906040268456,Low
Toyota Harrier Z-LEATHER NON HY JBL 2020,Toyota,Harrier,Automatic,"Petrol, Octane",8200000,2020,2000.0,36597,6,6099.5,0.8884228187919463,0.03976510067114094,Luxury
Toyota Fielder Ex Pkg hybrid Gp-4 2020,Toyota,Fielder,Automatic,"Petrol, Hybrid, Octane",2300000,2020,1500.0,66300,6,11050.0,0.8884228187919463,0.057885906040268456,Low
Toyota Passo X 2009,Toyota,Passo,Automatic,Octane,780000,2009,1000.0,73100,17,4300.0,0.8884228187919463,0.0038590604026845637,Low
Toyota Hiace GL 2020,Toyota,Hiace,Automatic,"Petrol, Octane",3340000,2020,2000.0,89472,6,14912.0,0.8884228187919463,0.09429530201342282,Medium
Toyota Corolla WXB PACKAGE 2021,Toyota,Corolla,Automatic,Hybrid,3140000,2021,1800.0,59864,5,11972.8,0.8884228187919463,0.04848993288590604,Medium
Toyota Hiace SUPER GL DARK PRIME 2021,Toyota,Hiace,Automatic,"Petrol, Octane",4130000,2021,2000.0,69817,5,13963.4,0.8884228187919463,0.09429530201342282,High
Toyota Corolla TOURING WXB BLACK 2020,Toyota,Corolla,Automatic,"Petrol, Hybrid, Octane",2980000,2020,1800.0,80145,6,13357.5,0.8884228187919463,0.04848993288590604,Medium
Toyota Esquire Gi package 2020,Toyota,Esquire,Automatic,"Petrol, Hybrid, Octane",3520000,2020,1800.0,138000,6,23000.0,0.8884228187919463,0.05855704697986577,High
Toyota C-HR G LED 2020,Toyota,C-HR,Automatic,"Petrol, Hybrid, Octane",3450000,2020,1800.0,38000,6,6333.333333333333,0.8884228187919463,0.027181208053691275,High
Toyota Noah G Package 2020,Toyota,Noah,Automatic,"Petrol, CNG, Octane, LPG",3700000,2020,2000.0,114000,6,19000.0,0.8884228187919463,0.10671140939597315,High
Toyota Prius A Package 2020,Toyota,Prius,Automatic,"Petrol, Hybrid, Octane",3100000,2020,1800.0,61700,6,10283.333333333334,0.8884228187919463,0.029865771812080538,Medium
Toyota Corolla Cross Z leather Package 2022,Toyota,Corolla Cross,Automatic,"Petrol, Hybrid, Octane",4350000,2022,1800.0,45000,4,11250.0,0.8884228187919463,0.07097315436241611,High
Toyota Prius A package-Beige clr 2020,Toyota,Prius,Automatic,"Petrol, Hybrid, Octane",3130000,2020,1800.0,77500,6,12916.666666666666,0.8884228187919463,0.029865771812080538,Medium
Toyota Harrier Z leather Package 2020,Toyota,Harrier,Automatic,"Petrol, Octane",7700000,2020,2000.0,133000,6,22166.666666666668,0.8884228187919463,0.03976510067114094,Luxury
Toyota C-HR S GR SPORTS 2020,Toyota,C-HR,Automatic,Hybrid,3650000,2020,1800.0,52200,6,8700.0,0.8884228187919463,0.027181208053691275,High
Toyota Yaris Hybrid X 2021,Toyota,Yaris,Automatic,"Petrol, Hybrid, Octane",1900000,2021,1500.0,76000,5,15200.0,0.8884228187919463,0.003355704697986577,Low
Toyota Prius S NAVIGATION PHV 360 2020,Toyota,Prius,Automatic,Hybrid,3780000,2020,1800.0,74000,6,12333.333333333334,0.8884228187919463,0.029865771812080538,High
Toyota Corolla Cross Z LEATHER 2025,Toyota,Corolla Cross,Automatic,Hybrid,5540000,2025,1800.0,14000,1,14000.0,0.8884228187919463,0.07097315436241611,Luxury
Toyota Hiace DUAL AC AMBULANCH 2020,Toyota,Hiace,Automatic,Petrol,3110000,2020,2000.0,46000,6,7666.666666666667,0.8884228187919463,0.09429530201342282,Medium
Toyota Noah S-Z HYBRID BRAND NEW 2024,Toyota,Noah,Automatic,Hybrid,5950000,2024,1800.0,1600,2,800.0,0.8884228187919463,0.10671140939597315,Luxury
Toyota Axio EX HYBRID 2020,Toyota,Axio,Automatic,Hybrid,2450000,2020,1500.0,45000,6,7500.0,0.8884228187919463,0.10939597315436242,Medium
Toyota Fielder Hybrid Ex Grade- 4 2020,Toyota,Fielder,Automatic,Hybrid,2320000,2020,1500.0,94623,6,15770.5,0.8884228187919463,0.057885906040268456,Low
Toyota Premio FL Bronze 4 Point 2020,Toyota,Premio,Automatic,Petrol,4500000,2020,1500.0,37900,6,6316.666666666667,0.8884228187919463,0.05285234899328859,Luxury
Toyota Noah Nonhybrid push 2 D.P 2020,Toyota,Noah,Automatic,"Petrol, Octane",3750000,2020,2000.0,80261,6,13376.833333333334,0.8884228187919463,0.10671140939597315,High
Toyota Axio Non hybrid Ex push 2020,Toyota,Axio,Automatic,"Petrol, Octane",2600000,2020,1500.0,90251,6,15041.833333333334,0.8884228187919463,0.10939597315436242,Medium
Toyota Axio EX NON HYBRID 2020,Toyota,Axio,Automatic,"Petrol, Octane",2700000,2020,1500.0,87410,6,14568.333333333334,0.8884228187919463,0.10939597315436242,Medium
Toyota Fielder EX NON HYBRID 2020,Toyota,Fielder,Automatic,"Petrol, Octane",2600000,2020,1500.0,84100,6,14016.666666666666,0.8884228187919463,0.057885906040268456,Medium
Toyota Hiace SUPER GL 2020,Toyota,Hiace,Automatic,"Petrol, Octane",4000000,2020,2000.0,88210,6,14701.666666666666,0.8884228187919463,0.09429530201342282,High
Toyota Fielder EX PKG HYBRID 2020,Toyota,Fielder,Automatic,"Petrol, Hybrid, Octane",2350000,2020,1500.0,87400,6,14566.666666666666,0.8884228187919463,0.057885906040268456,Medium
Toyota Fielder Non hybrid Ex push 2020,Toyota,Fielder,Automatic,"Petrol, Octane",2650000,2020,1500.0,89351,6,14891.833333333334,0.8884228187919463,0.057885906040268456,Medium
Toyota Fielder Ex Non Hyb push 3.5p 2020,Toyota,Fielder,Automatic,"Octane, Other fuel type",2600000,2020,1500.0,88531,6,14755.166666666666,0.8884228187919463,0.057885906040268456,Medium
"Toyota Axio a,aaaaa aaaaaa, 2014",Toyota,Axio,Automatic,"Octane, LPG",1750000,2014,1500.0,95865,12,7988.75,0.8884228187919463,0.10939597315436242,Low
Toyota Yaris Cross -Z PKG-360 2021,Toyota,Yaris Cross,Automatic,"Petrol, Hybrid, Octane",3500000,2021,1500.0,57748,5,11549.6,0.8884228187919463,0.02097315436241611,High
Toyota C-HR G-LED PKG GRAD-4.5 2020,Toyota,C-HR,Automatic,Hybrid,3730000,2020,1800.0,36000,6,6000.0,0.8884228187919463,0.027181208053691275,High
Toyota Premio FL SILVER 2020,Toyota,Premio,Automatic,"Petrol, Octane",3750000,2020,1500.0,55000,6,9166.666666666666,0.8884228187919463,0.05285234899328859,High
Toyota Hiace Super GL 2020,Toyota,Hiace,Automatic,"Petrol, Octane",4300000,2020,2000.0,79500,6,13250.0,0.8884228187919463,0.09429530201342282,High
Toyota Hiace SUPER-GL DARK PRIME2 2021,Toyota,Hiace,Automatic,Octane,4550000,2021,2000.0,116000,5,23200.0,0.8884228187919463,0.09429530201342282,Luxury
"Toyota Hiace GL-DualAc, G-4 PEARL 2020",Toyota,Hiace,Automatic,Octane,3570000,2020,2000.0,111000,6,18500.0,0.8884228187919463,0.09429530201342282,High
Toyota Hiace SUPER-GL DARK PRIME2 2022,Toyota,Hiace,Automatic,Octane,4770000,2022,2000.0,12000,4,3000.0,0.8884228187919463,0.09429530201342282,Luxury
Toyota Voxy ZS KIRAMICHI 2 PEARL 2020,Toyota,Voxy,Automatic,Hybrid,3550000,2020,1800.0,68000,6,11333.333333333334,0.8884228187919463,0.027348993288590605,High
Toyota Hiace AMBULANCE 2021,Toyota,Hiace,Automatic,"Petrol, Octane",2880000,2021,2000.0,78000,5,15600.0,0.8884228187919463,0.09429530201342282,Medium
Toyota Hiace Dx 2022,Toyota,Hiace,Automatic,Petrol,3500000,2022,2000.0,103508,4,25877.0,0.8884228187919463,0.09429530201342282,High
Toyota Corolla Cross Z-LEATHER 2024,Toyota,Corolla Cross,Automatic,Hybrid,5530000,2024,1800.0,6,2,3.0,0.8884228187919463,0.07097315436241611,Luxury
Toyota Axio Ex Hybrid 2020,Toyota,Axio,Automatic,Hybrid,2450000,2020,1500.0,76875,6,12812.5,0.8884228187919463,0.10939597315436242,Medium
Toyota Harrier Progress Metal 2020,Toyota,Harrier,Automatic,Octane,7990000,2020,1980.0,27700,6,4616.666666666667,0.8884228187919463,0.03976510067114094,Luxury
Toyota Corolla Cross Z LEATHER 3.5POINT 2022,Toyota,Corolla Cross,Automatic,"Hybrid, Octane",4670000,2022,1800.0,49000,4,12250.0,0.8884228187919463,0.07097315436241611,Luxury
Toyota Harrier Z LEATHER NON HYB 2020,Toyota,Harrier,Automatic,Petrol,7980000,2020,2000.0,46000,6,7666.666666666667,0.8884228187919463,0.03976510067114094,Luxury
Toyota Corolla Cross Z LEATHER 5POINT 2022,Toyota,Corolla Cross,Automatic,"Hybrid, Octane",5040000,2022,1800.0,20000,4,5000.0,0.8884228187919463,0.07097315436241611,Luxury
Toyota Corolla Cross S 2022,Toyota,Corolla Cross,Automatic,"Hybrid, Octane",4850000,2022,1800.0,44200,4,11050.0,0.8884228187919463,0.07097315436241611,Luxury
Toyota Axio EX HYBRID SILVER 2021,Toyota,Axio,Automatic,"Hybrid, Octane",2250000,2021,1500.0,35423,5,7084.6,0.8884228187919463,0.10939597315436242,Low
Toyota Hiace Super GL Black 2020,Toyota,Hiace,Automatic,Octane,4190000,2020,2000.0,78561,6,13093.5,0.8884228187919463,0.09429530201342282,High
Toyota Hiace Super GL White 2020,Toyota,Hiace,Automatic,Petrol,4350000,2020,2000.0,125000,6,20833.333333333332,0.8884228187919463,0.09429530201342282,High
Toyota Sienta G-HYBRID 7SET 2DR PW 2020,Toyota,Sienta,Automatic,"Petrol, Hybrid, Octane",2800000,2020,1500.0,98540,6,16423.333333333332,0.8884228187919463,0.009228187919463088,Medium
Toyota Noah Hybrid G 2 Door PW 2020,Toyota,Noah,Automatic,"Petrol, Hybrid, Octane",3450000,2020,1800.0,55000,6,9166.666666666666,0.8884228187919463,0.10671140939597315,High
Toyota Fielder Ex Push Start 2020,Toyota,Fielder,Automatic,"Petrol, Hybrid, Octane",2200000,2020,1500.0,56000,6,9333.333333333334,0.8884228187919463,0.057885906040268456,Low
Toyota Axio Ex Push Start GP-4 2020,Toyota,Axio,Automatic,"Petrol, Hybrid, Octane",2400000,2020,1500.0,48055,6,8009.166666666667,0.8884228187919463,0.10939597315436242,Medium
Toyota C-HR MODE NEROBODY KIT 2020,Toyota,C-HR,Automatic,"Petrol, Hybrid, Octane",3480000,2020,1800.0,72055,6,12009.166666666666,0.8884228187919463,0.027181208053691275,High
Toyota Corolla Cross Z Leather GP-4.5 2022,Toyota,Corolla Cross,Automatic,"Petrol, Hybrid, Octane",4800000,2022,1800.0,58000,4,14500.0,0.8884228187919463,0.07097315436241611,Luxury
Toyota C-HR G LED 360 CAM PEARL 2020,Toyota,C-HR,Automatic,"Petrol, Hybrid, Octane",3550000,2020,1800.0,67000,6,11166.666666666666,0.8884228187919463,0.027181208053691275,High
Nissan X-Trail 20Xi EBP 360Y. 2020,Nissan,X-Trail,Automatic,"Petrol, Hybrid, Octane",4000000,2020,2000.0,62082,6,10347.0,0.02365771812080537,0.015436241610738255,High
Toyota Prius S HYBRID FAMILY CAR 2020,Toyota,Prius,Automatic,"Petrol, Hybrid, Octane",2900000,2020,1800.0,79669,6,13278.166666666666,0.8884228187919463,0.029865771812080538,Medium
Toyota Axio aRaaaa aR a1aaoaa asa2a 2020,Toyota,Axio,Automatic,"Petrol, Octane",2860000,2020,1500.0,8226,6,1371.0,0.8884228187919463,0.10939597315436242,Medium
Toyota Corolla Cross 2021,Toyota,Corolla Cross,Automatic,"Hybrid, Octane",4650000,2021,1800.0,37100,5,7420.0,0.8884228187919463,0.07097315436241611,Luxury
Toyota C-HR MODE NEROBODY KIT 2020,Toyota,C-HR,Automatic,"Petrol, Hybrid, Octane",3480000,2020,1800.0,65000,6,10833.333333333334,0.8884228187919463,0.027181208053691275,High
Toyota Prius A- Touring Selection 2020,Toyota,Prius,Automatic,"Petrol, Hybrid, Octane",3480000,2020,1800.0,68145,6,11357.5,0.8884228187919463,0.029865771812080538,High
Toyota Axio 2020,Toyota,Axio,Automatic,"Hybrid, Octane",2600000,2020,1500.0,25000,6,4166.666666666667,0.8884228187919463,0.10939597315436242,Medium
Toyota Corolla Cross Z-LEATHER 360 CAMERA 2021,Toyota,Corolla Cross,Automatic,"Petrol, Hybrid, Octane",4650000,2021,1800.0,26000,5,5200.0,0.8884228187919463,0.07097315436241611,Luxury
Toyota C-HR G-LED HY NEW SHAPE 2020,Toyota,C-HR,Automatic,"Petrol, Hybrid, Octane",3600000,2020,1800.0,45782,6,7630.333333333333,0.8884228187919463,0.027181208053691275,High
Toyota Esquire GI PREMUM NON HYBRID 2020,Toyota,Esquire,Automatic,"Petrol, Octane",4850000,2020,2000.0,49900,6,8316.666666666666,0.8884228187919463,0.05855704697986577,Luxury
Toyota Corolla Gx Pkg Hybrid GP-4.0 2020,Toyota,Corolla,Automatic,"Petrol, Hybrid, Octane",2850000,2020,1800.0,50236,6,8372.666666666666,0.8884228187919463,0.04848993288590604,Medium
Toyota Premio FL Push Start Gp-4.0 2020,Toyota,Premio,Automatic,"Petrol, Octane",4300000,2020,1500.0,43160,6,7193.333333333333,0.8884228187919463,0.05285234899328859,High
Toyota Sienta X Key Start Nonhy1DP 2020,Toyota,Sienta,Automatic,"Petrol, Octane",2800000,2020,1500.0,63989,6,10664.833333333334,0.8884228187919463,0.009228187919463088,Medium
Toyota Axio Ex Pkg hybrid Gp-4 2020,Toyota,Axio,Automatic,"Petrol, Hybrid, Octane",2300000,2020,1500.0,83485,6,13914.166666666666,0.8884228187919463,0.10939597315436242,Low
Toyota Fielder WXB HY FULL LOADED 2019,Toyota,Fielder,Automatic,"Petrol, Hybrid, Octane",2700000,2019,1500.0,97933,7,13990.42857142857,0.8884228187919463,0.057885906040268456,Medium
"Toyota Harrier Z LEATHER, POINT 4.5 2020",Toyota,Harrier,Automatic,Octane,7650000,2020,2000.0,49433,6,8238.833333333334,0.8884228187919463,0.03976510067114094,Luxury
Toyota Yaris Cross Z PKG-360 2021,Toyota,Yaris Cross,Automatic,"Petrol, Hybrid, Octane",3500000,2021,1500.0,47348,5,9469.6,0.8884228187919463,0.02097315436241611,High
Toyota Premio FL 2020,Toyota,Premio,Automatic,"Petrol, Octane",3850000,2020,1500.0,58748,6,9791.333333333334,0.8884228187919463,0.05285234899328859,High
"Toyota Aqua S,LIGHT BLUE 2020",Toyota,Aqua,Automatic,"Hybrid, Octane",2100000,2020,1500.0,48505,6,8084.166666666667,0.8884228187919463,0.015771812080536914,Low
Honda CR-V E.X-MASTERPIECE 2020,Honda,CR-V,Automatic,"Petrol, Hybrid, Octane",5699000,2020,2000.0,53013,6,8835.5,0.0424496644295302,0.011241610738255034,Luxury
Toyota Yaris Cross Z PKG-360 2021,Toyota,Yaris Cross,Automatic,"Petrol, Hybrid, Octane",3600000,2021,1500.0,47708,5,9541.6,0.8884228187919463,0.02097315436241611,High
Toyota Harrier Z LEATHER 2020,Toyota,Harrier,Automatic,"Petrol, Octane",7800000,2020,2000.0,57258,6,9543.0,0.8884228187919463,0.03976510067114094,Luxury
Toyota Hiace SUPER GL 2020,Toyota,Hiace,Automatic,"Petrol, Octane",4400000,2020,2000.0,74588,6,12431.333333333334,0.8884228187919463,0.09429530201342282,High
Toyota Crown G 2020,Toyota,Crown,Automatic,"Petrol, Hybrid, Octane",7400000,2020,2500.0,82000,6,13666.666666666666,0.8884228187919463,0.00587248322147651,Luxury
Toyota Esquire GI NON HYBRID 2020,Toyota,Esquire,Automatic,"Petrol, Octane",4750000,2020,2000.0,27013,6,4502.166666666667,0.8884228187919463,0.05855704697986577,Luxury
Toyota Raize Z Z..READY.... 2021,Toyota,Raize Z,Automatic,"Petrol, Hybrid, Octane",3800000,2021,1200.0,80000,5,16000.0,0.8884228187919463,0.0013422818791946308,High
Toyota RAV4 ADVENTURE 2022,Toyota,RAV4,Automatic,"Petrol, Hybrid, Octane",8500000,2022,2000.0,19534,4,4883.5,0.8884228187919463,0.009731543624161074,Luxury
Lexus RX SHOWROOM-READY 2023,Lexus,RX,Automatic,"Petrol, Hybrid, Octane",20500000,2023,2400.0,1312,3,437.3333333333333,0.0068791946308724835,0.0028523489932885905,Luxury
Toyota Corolla G HYBRID READY 2020,Toyota,Corolla,Automatic,"Hybrid, Octane",2850000,2020,1800.0,44013,6,7335.5,0.8884228187919463,0.04848993288590604,Medium
Toyota Hiace SUPER GL  2020,Toyota,Hiace,Automatic,"Petrol, Octane",4300000,2020,2000.0,88013,6,14668.833333333334,0.8884228187919463,0.09429530201342282,High
Nissan X-Trail HYBRID E.B PKG 2020,Nissan,X-Trail,Automatic,"Hybrid, Octane",3800000,2020,2000.0,43013,6,7168.833333333333,0.02365771812080537,0.015436241610738255,High
Toyota Hiace SUPER-GL DARK PRIME2 2022,Toyota,Hiace,Automatic,Octane,5100000,2022,2000.0,41000,4,10250.0,0.8884228187919463,0.09429530201342282,Luxury
"Toyota Voxy SZ-HYBRID, GRAD-5 2023",Toyota,Voxy,Automatic,Hybrid,5550000,2023,1800.0,46000,3,15333.333333333334,0.8884228187919463,0.027348993288590605,Luxury
Toyota Noah X 2 DOOR POWER 2021,Toyota,Noah,Automatic,"Petrol, Octane",3780000,2021,2000.0,44000,5,8800.0,0.8884228187919463,0.10671140939597315,High
Toyota Hiace Super-GL Dark-Prime2 2022,Toyota,Hiace,Automatic,"Petrol, Octane",4840000,2022,2000.0,58000,4,14500.0,0.8884228187919463,0.09429530201342282,Luxury
Honda CR-V EX-Masterpiece G-4.5 2019,Honda,CR-V,Automatic,Octane,5750000,2019,1500.0,30500,7,4357.142857142857,0.0424496644295302,0.011241610738255034,Luxury
Toyota Corolla Cross Z Package 2022,Toyota,Corolla Cross,Automatic,Hybrid,4450000,2022,1800.0,69000,4,17250.0,0.8884228187919463,0.07097315436241611,Luxury
Toyota Hiace Super-GL Dark Prime 2022,Toyota,Hiace,Automatic,"Petrol, Octane",4790000,2022,2000.0,71200,4,17800.0,0.8884228187919463,0.09429530201342282,Luxury
Toyota Axio EX-HYBRID GRAD-4.0 2020,Toyota,Axio,Automatic,Hybrid,2370000,2020,1500.0,130000,6,21666.666666666668,0.8884228187919463,0.10939597315436242,Medium
Toyota Hiace SUPER-GL PEARL G-3.5 2020,Toyota,Hiace,Automatic,Octane,4080000,2020,2000.0,70000,6,11666.666666666666,0.8884228187919463,0.09429530201342282,High
Toyota Noah S-Z 2022,Toyota,Noah,Automatic,Hybrid,4960000,2022,1800.0,42000,4,10500.0,0.8884228187919463,0.10671140939597315,Luxury
Toyota Noah Si Wxb 2020,Toyota,Noah,Automatic,Hybrid,3650000,2020,1800.0,31000,6,5166.666666666667,0.8884228187919463,0.10671140939597315,High
Toyota Aqua S 2020,Toyota,Aqua,Automatic,Hybrid,1850000,2020,1500.0,87000,6,14500.0,0.8884228187919463,0.015771812080536914,Low
Toyota Noah si wxb3 hybrid 2021,Toyota,Noah,Automatic,Hybrid,3700000,2021,1800.0,76000,5,15200.0,0.8884228187919463,0.10671140939597315,High
Toyota Esquire Gi premium nonhybrid 2021,Toyota,Esquire,Automatic,"Petrol, Octane",4550000,2021,2000.0,49000,5,9800.0,0.8884228187919463,0.05855704697986577,Luxury
Nissan X-Trail E.B.P HYBRID  2020,Nissan,X-Trail,Automatic,"Petrol, Hybrid, Octane",3850000,2020,2000.0,54013,6,9002.166666666666,0.02365771812080537,0.015436241610738255,High
"Toyota Corolla  a,aaaaa aaaaa, 2003",Toyota,Corolla,Automatic,"CNG, Octane",1080000,2003,1500.0,65856,23,2863.304347826087,0.8884228187919463,0.04848993288590604,Low
"Toyota Corolla  a,aaaaa aaaaa 2003",Toyota,Corolla,Automatic,Octane,1095000,2003,1500.0,88658,23,3854.695652173913,0.8884228187919463,0.04848993288590604,Low
"Toyota Allion a3 a,aaaaa aaaaaa, 2004",Toyota,Allion,Automatic,"Octane, LPG",1395000,2004,1500.0,75685,22,3440.2272727272725,0.8884228187919463,0.03120805369127517,Low
Toyota Hiace GL Ambulance 2021,Toyota,Hiace,Automatic,"Petrol, Octane",3250000,2021,2000.0,62000,5,12400.0,0.8884228187919463,0.09429530201342282,Medium
Toyota Axio EX 2020,Toyota,Axio,Automatic,Octane,3150000,2020,1490.0,63800,6,10633.333333333334,0.8884228187919463,0.10939597315436242,Medium
Toyota Noah SI PACKAGE NONHYBRID 2020,Toyota,Noah,Automatic,Octane,4100000,2020,2000.0,138000,6,23000.0,0.8884228187919463,0.10671140939597315,High
Honda Fit E-HEV 14000 KM 2020,Honda,Fit,Automatic,Hybrid,2330000,2020,1500.0,14000,6,2333.3333333333335,0.0424496644295302,0.0006711409395973154,Low
Mitsubishi Lancer GLX 2011,Mitsubishi,Lancer,Automatic,Octane,950000,2011,1300.0,89000,15,5933.333333333333,0.012583892617449664,0.002181208053691275,Low
Toyota Premio F G SUPERIOR 2015,Toyota,Premio,Automatic,Octane,2780000,2015,1500.0,62000,11,5636.363636363636,0.8884228187919463,0.05285234899328859,Medium
Toyota Noah Esquire 2018,Toyota,Noah,Automatic,"Hybrid, Octane",3050000,2018,1800.0,34521,8,4315.125,0.8884228187919463,0.10671140939597315,Medium
Toyota Premio 2021,Toyota,Premio,Automatic,Octane,1949000,2024,1500.0,53090,2,26545.0,0.8884228187919463,0.05285234899328859,Low
Toyota Corolla X 2006,Toyota,Corolla,Automatic,"CNG, Octane",1320000,2006,1500.0,89000,20,4450.0,0.8884228187919463,0.04848993288590604,Low
Toyota Corolla Cross Z leather 2022,Toyota,Corolla Cross,Automatic,"Hybrid, Octane",4550000,2022,1800.0,46000,4,11500.0,0.8884228187919463,0.07097315436241611,Luxury
Honda Insight EX PRIME STYLE 2021,Honda,Insight,Automatic,Hybrid,4320000,2021,1500.0,51000,5,10200.0,0.0424496644295302,0.015100671140939598,High
Toyota Hiace DX PACKAGE BLACK 2021,Toyota,Hiace,Automatic,Octane,3200000,2021,2000.0,88521,5,17704.2,0.8884228187919463,0.09429530201342282,Medium
Toyota Hiace gl dual ac 2020,Toyota,Hiace,Automatic,"Petrol, Octane",3380000,2020,2000.0,94378,6,15729.666666666666,0.8884228187919463,0.09429530201342282,Medium
Toyota C-HR G-LED HY 360CM G-4.5 2020,Toyota,C-HR,Automatic,"Petrol, Hybrid, Octane",3600000,2020,1800.0,33604,6,5600.666666666667,0.8884228187919463,0.027181208053691275,High
Toyota Corolla Octane 2006,Toyota,Corolla,Automatic,Octane,1550000,2006,1500.0,83000,20,4150.0,0.8884228187919463,0.04848993288590604,Low
Toyota Aqua G PKG HYBRID 2020,Toyota,Aqua,Automatic,Hybrid,1950000,2020,1500.0,97000,6,16166.666666666666,0.8884228187919463,0.015771812080536914,Low
Toyota C-HR G NERO SAFETY PLUS 2020,Toyota,C-HR,Automatic,Hybrid,3500000,2020,1800.0,71000,6,11833.333333333334,0.8884228187919463,0.027181208053691275,High
Toyota Corolla GX 4 POINT 2019,Toyota,Corolla,Automatic,"Hybrid, Octane",2710000,2019,1800.0,56910,7,8130.0,0.8884228187919463,0.04848993288590604,Medium
"Nissan Lafesta  a,aaaaa aaaaaa, 2007",Nissan,Lafesta,Automatic,Octane,1150000,2007,2000.0,86598,19,4557.789473684211,0.02365771812080537,0.0015100671140939597,Low
Toyota Allion A15 G Package PUSH 2013,Toyota,Allion,Automatic,"Octane, LPG",2195000,2013,1500.0,68000,13,5230.7692307692305,0.8884228187919463,0.03120805369127517,Low
"Toyota Corolla  a,aaaaa aaaaa, 1996",Toyota,Corolla,Automatic,"CNG, Octane",495000,1996,1331.0,86598,30,2886.6,0.8884228187919463,0.04848993288590604,Low
Toyota Hiace SUPER GL DARK PRIME 2021,Toyota,Hiace,Automatic,"Petrol, Octane",4280000,2021,2000.0,22862,5,4572.4,0.8884228187919463,0.09429530201342282,High
Toyota Hiace SUPER GL DARK PRIME2 2020,Toyota,Hiace,Automatic,"Petrol, CNG, Octane, LPG",4030000,2020,2000.0,69000,6,11500.0,0.8884228187919463,0.09429530201342282,High
Toyota Hiace SUPER GL KEY START 2021,Toyota,Hiace,Automatic,"Petrol, Octane",3880000,2021,2000.0,69153,5,13830.6,0.8884228187919463,0.09429530201342282,High
Toyota Yaris Cross Z Leather 2021,Toyota,Yaris Cross,Automatic,Hybrid,3290000,2021,1500.0,45089,5,9017.8,0.8884228187919463,0.02097315436241611,Medium
Toyota Prius A PACKAGE SILVER 2020,Toyota,Prius,Automatic,"Hybrid, Octane",3230000,2020,1800.0,41235,6,6872.5,0.8884228187919463,0.029865771812080538,Medium
Toyota Hiace Super GL 2019,Toyota,Hiace,Automatic,Octane,3930000,2019,2000.0,82000,7,11714.285714285714,0.8884228187919463,0.09429530201342282,High
Toyota Esquire Non Hybrid 2020,Toyota,Esquire,Automatic,Octane,3880000,2020,2000.0,86630,6,14438.333333333334,0.8884228187919463,0.05855704697986577,High
Toyota Hiace Super GL 2020,Toyota,Hiace,Automatic,"Petrol, Octane",4120000,2020,2000.0,107000,6,17833.333333333332,0.8884228187919463,0.09429530201342282,High
Toyota Fielder Non Hybrid Ex 2020,Toyota,Fielder,Automatic,Octane,2590000,2020,1500.0,84250,6,14041.666666666666,0.8884228187919463,0.057885906040268456,Medium
Toyota Hiace DX 2020,Toyota,Hiace,Automatic,"Petrol, Octane",3050000,2020,2000.0,104200,6,17366.666666666668,0.8884228187919463,0.09429530201342282,Medium
Toyota Noah X NON HYBRID KEY 2021,Toyota,Noah,Automatic,Octane,3600000,2021,2000.0,107178,5,21435.6,0.8884228187919463,0.10671140939597315,High
Toyota Hiace Super GL Pearl 2022,Toyota,Hiace,Automatic,Petrol,4770000,2022,2000.0,53000,4,13250.0,0.8884228187919463,0.09429530201342282,Luxury
Toyota Harrier Z LEATHER-PKG-NON HY 2020,Toyota,Harrier,Automatic,"Petrol, Octane",7700000,2020,2000.0,47758,6,7959.666666666667,0.8884228187919463,0.03976510067114094,Luxury
Toyota Esquire GI PACKAGE HYB 2020,Toyota,Esquire,Automatic,Hybrid,3800000,2020,1800.0,94000,6,15666.666666666666,0.8884228187919463,0.05855704697986577,High
Toyota C-HR G LED 360 CAMERA 2020,Toyota,C-HR,Automatic,"Hybrid, Octane",3560000,2020,1800.0,69000,6,11500.0,0.8884228187919463,0.027181208053691275,High
"Toyota Passo a,aaY a-aYa 2010",Toyota,Passo,Automatic,Octane,1480000,2010,1500.0,79659,16,4978.6875,0.8884228187919463,0.0038590604026845637,Low
"Toyota Starlet a,aaaaa aaaaa, 1991",Toyota,Starlet,Automatic,"CNG, Octane",490000,1991,1331.0,86598,35,2474.2285714285713,0.8884228187919463,0.0050335570469798654,Low
Toyota Noah SI WXB 3 PACKAGE 2021,Toyota,Noah,Automatic,Hybrid,3570000,2021,1800.0,29679,5,5935.8,0.8884228187919463,0.10671140939597315,High
Toyota Esquire NON HYB.X1DOOR POWER 2020,Toyota,Esquire,Automatic,"Petrol, Octane",4050000,2020,2000.0,99943,6,16657.166666666668,0.8884228187919463,0.05855704697986577,High
Toyota Voxy ZS KIRAMIKI 2 2020,Toyota,Voxy,Automatic,"Petrol, Hybrid, Octane",3300000,2020,1800.0,157000,6,26166.666666666668,0.8884228187919463,0.027348993288590605,Medium
Toyota Voxy S-Z READY STOCK 2022,Toyota,Voxy,Automatic,"Petrol, Hybrid, Octane",5100000,2022,1800.0,40000,4,10000.0,0.8884228187919463,0.027348993288590605,Luxury
Toyota Premio FL-LED PKG-NON-HV 2021,Toyota,Premio,Automatic,Octane,3700000,2021,1500.0,50000,5,10000.0,0.8884228187919463,0.05285234899328859,High
Toyota Esquire GIPREMIUMHYBRID 2020,Toyota,Esquire,Automatic,"Petrol, Octane",3780000,2020,1800.0,65392,6,10898.666666666666,0.8884228187919463,0.05855704697986577,High
Toyota Fielder NON HV PUSH START 2020,Toyota,Fielder,Automatic,Octane,2650000,2020,1500.0,125432,6,20905.333333333332,0.8884228187919463,0.057885906040268456,Medium
Toyota Axio HYBRID PUSH 2020,Toyota,Axio,Automatic,Hybrid,2300000,2020,1500.0,114321,6,19053.5,0.8884228187919463,0.10939597315436242,Low
Toyota Hiace SUPERGLDARKPRIME 2021,Toyota,Hiace,Automatic,"Petrol, Octane",4370000,2021,2000.0,45039,5,9007.8,0.8884228187919463,0.09429530201342282,High
Toyota Axio HYBRID EX PUSH 2020,Toyota,Axio,Automatic,Hybrid,2350000,2020,1500.0,88432,6,14738.666666666666,0.8884228187919463,0.10939597315436242,Medium
Toyota Axio hybrid 2014,Toyota,Axio,Automatic,"Hybrid, Octane",1480000,2014,1500.0,75421,12,6285.083333333333,0.8884228187919463,0.10939597315436242,Low
Toyota Premio G 2012,Toyota,Premio,Automatic,"CNG, Octane",2295000,2012,1500.0,61425,14,4387.5,0.8884228187919463,0.05285234899328859,Low
Toyota Axio Hybrid EX 2020,Toyota,Axio,Automatic,"Petrol, Hybrid, Octane",2150000,2020,1500.0,62542,6,10423.666666666666,0.8884228187919463,0.10939597315436242,Low
Toyota Yaris HYBRID 2020,Toyota,Yaris,Automatic,Hybrid,1900000,2020,1500.0,45621,6,7603.5,0.8884228187919463,0.003355704697986577,Low
Toyota Noah Non Hybrid 2020,Toyota,Noah,Automatic,"Petrol, Hybrid, Octane",3250000,2020,2000.0,54786,6,9131.0,0.8884228187919463,0.10671140939597315,Medium
Toyota Axio Hybrid EX 2020,Toyota,Axio,Automatic,"Petrol, Hybrid",2150000,2020,1500.0,58349,6,9724.833333333334,0.8884228187919463,0.10939597315436242,Low
Toyota C-HR HYBRID 2020,Toyota,C-HR,Automatic,"Petrol, Hybrid, Octane, Other fuel type",3100000,2020,1800.0,70000,6,11666.666666666666,0.8884228187919463,0.027181208053691275,Medium
Toyota Noah Si WxB 2020,Toyota,Noah,Automatic,"Petrol, Hybrid, Octane",3400000,2020,1800.0,58476,6,9746.0,0.8884228187919463,0.10671140939597315,High
Toyota Fielder HYBRID 2020,Toyota,Fielder,Automatic,"Petrol, Hybrid, Octane, Other fuel type",2150000,2020,1500.0,80000,6,13333.333333333334,0.8884228187919463,0.057885906040268456,Low
Toyota Noah HYBRID 2020,Toyota,Noah,Automatic,Hybrid,2900000,2020,1800.0,54650,6,9108.333333333334,0.8884228187919463,0.10671140939597315,Medium
Toyota Aqua HYBRID 2020,Toyota,Aqua,Automatic,Hybrid,1700000,2020,1500.0,65423,6,10903.833333333334,0.8884228187919463,0.015771812080536914,Low
Toyota Voxy Hybrid 2020,Toyota,Voxy,Automatic,Hybrid,3300000,2020,1800.0,89000,6,14833.333333333334,0.8884228187919463,0.027348993288590605,Medium
Toyota Corolla Cross Z-LEATHER PANORAMIC 2023,Toyota,Corolla Cross,Automatic,"Petrol, Hybrid, Octane",5280000,2023,1800.0,28920,3,9640.0,0.8884228187919463,0.07097315436241611,Luxury
Toyota Axio EX HYBRID SILVER 2020,Toyota,Axio,Automatic,"Petrol, Hybrid, Octane",2200000,2020,1500.0,152000,6,25333.333333333332,0.8884228187919463,0.10939597315436242,Low
Toyota Axio HYBRID EX PKG WHITE 2020,Toyota,Axio,Automatic,Hybrid,2450000,2020,1500.0,60000,6,10000.0,0.8884228187919463,0.10939597315436242,Medium
Toyota Allion A15 PACKAGE SILVER 2020,Toyota,Allion,Automatic,"Petrol, Octane",3720000,2020,1500.0,96078,6,16013.0,0.8884228187919463,0.03120805369127517,High
Toyota Aqua S PACKAGE GRAY 2020,Toyota,Aqua,Automatic,"Petrol, Hybrid, Octane",1900000,2020,1500.0,137000,6,22833.333333333332,0.8884228187919463,0.015771812080536914,Low
Toyota Corolla Cross Z-LEATHER PANORAMIC 2023,Toyota,Corolla Cross,Automatic,"Petrol, Hybrid, Octane",5350000,2023,1800.0,23000,3,7666.666666666667,0.8884228187919463,0.07097315436241611,Luxury
Toyota Yaris Cross Z PKG GREY BODYKIT 2021,Toyota,Yaris Cross,Automatic,Hybrid,3870000,2021,1500.0,30000,5,6000.0,0.8884228187919463,0.02097315436241611,High
Toyota Corolla Cross Z LEATHER RED WINE 2024,Toyota,Corolla Cross,Automatic,Hybrid,5550000,2024,1800.0,17,2,8.5,0.8884228187919463,0.07097315436241611,Luxury
Toyota Hiace SUPER GL GRAY COLOUR 2020,Toyota,Hiace,Automatic,"Diesel, Petrol, CNG, Octane, LPG",4000000,2020,2000.0,130260,6,21710.0,0.8884228187919463,0.09429530201342282,High
Toyota Premio F EX BLACK 2021,Toyota,Premio,Automatic,Petrol,4600000,2021,1500.0,28600,5,5720.0,0.8884228187919463,0.05285234899328859,Luxury
Toyota Yaris Cross blue 2022,Toyota,Yaris Cross,Automatic,Octane,2990000,2022,1500.0,28000,4,7000.0,0.8884228187919463,0.02097315436241611,Medium
Toyota Corolla Cross Z LEATHER GRAY 2021,Toyota,Corolla Cross,Automatic,Hybrid,4580000,2021,1800.0,77000,5,15400.0,0.8884228187919463,0.07097315436241611,Luxury
Toyota HiClass GL WHITE READY SWROM 2020,Toyota,HiClass,Automatic,Petrol,3520000,2020,2000.0,1111,6,185.16666666666666,0.8884228187919463,0.00016778523489932885,High
Toyota C-HR S GR SPORTS BLACK 2021,Toyota,C-HR,Automatic,Hybrid,3650000,2021,1800.0,41350,5,8270.0,0.8884228187919463,0.027181208053691275,High
Toyota C-HR G LED PEARL AP 4.5 2020,Toyota,C-HR,Automatic,Hybrid,3450000,2020,1800.0,50717,6,8452.833333333334,0.8884228187919463,0.027181208053691275,High
Toyota Hiace GL WHITE READY PORT 2020,Toyota,Hiace,Automatic,Petrol,3320000,2020,2000.0,97000,6,16166.666666666666,0.8884228187919463,0.09429530201342282,Medium
"Toyota Vitz a,aaaaa aaaaa, 2009",Toyota,Vitz,Automatic,Octane,880000,2009,1000.0,86598,17,5094.0,0.8884228187919463,0.0041946308724832215,Low
"Toyota Allion a,aaaaa aaaaaa, 2005",Toyota,Allion,Automatic,"CNG, Octane",1390000,2005,1500.0,65856,21,3136.0,0.8884228187919463,0.03120805369127517,Low
"Toyota Premio a,aaaaa aaaaaa, 2007",Toyota,Premio,Automatic,Octane,1795000,2007,1500.0,56895,19,2994.4736842105262,0.8884228187919463,0.05285234899328859,Low
"Toyota Prado a,aaaaaaaaaa, 2015",Toyota,Prado,Manual,Diesel,6800000,2015,3000.0,59686,11,5426.0,0.8884228187919463,0.013926174496644295,Luxury
"Toyota aaaa,a.aaa-a 2004",Toyota,Other Model,Automatic,Octane,790000,2004,1331.0,65856,22,2993.4545454545455,0.8884228187919463,0.005369127516778523,Low
"Toyota Starlet a,aaaaaaaaaa, 1991",Toyota,Starlet,Automatic,Octane,480000,1991,1331.0,86598,35,2474.2285714285713,0.8884228187919463,0.0050335570469798654,Low
Toyota C-HR S Hybrid 2020,Toyota,C-HR,Automatic,"Petrol, Hybrid, Octane",3200000,2020,1800.0,54000,6,9000.0,0.8884228187919463,0.027181208053691275,Medium
Toyota Fielder EX HYBRID 2020,Toyota,Fielder,Automatic,"Petrol, Hybrid, Octane",2250000,2020,1500.0,49000,6,8166.666666666667,0.8884228187919463,0.057885906040268456,Low
Toyota Fielder Ex Non Hyb push 3.5p 2020,Toyota,Fielder,Automatic,"Octane, Other fuel type",2650000,2020,1500.0,90743,6,15123.833333333334,0.8884228187919463,0.057885906040268456,Medium
Suzuki Ertiga 7 Seat 2012,Suzuki,Ertiga,Manual,Octane,850000,2012,1400.0,54000,14,3857.1428571428573,0.002348993288590604,0.0003355704697986577,Low
Toyota Fielder CNG 2012,Toyota,Fielder,Automatic,"CNG, Octane",1650000,2012,1500.0,800000,14,57142.857142857145,0.8884228187919463,0.057885906040268456,Low
Kia Seltos Octane 2019,Kia,Seltos,Automatic,Octane,2950000,2019,1600.0,88000,7,12571.42857142857,0.0008389261744966443,0.0003355704697986577,Medium
Toyota Premio Octane 2018,Toyota,Premio,Automatic,Octane,3390000,2018,1500.0,67200,8,8400.0,0.8884228187919463,0.05285234899328859,High
Honda CR-V Octane 2011,Honda,CR-V,Automatic,Octane,2370000,2011,2000.0,37378,15,2491.866666666667,0.0424496644295302,0.011241610738255034,Medium
Toyota Fielder EX 2020,Toyota,Fielder,Automatic,"Hybrid, Octane",2300000,2020,1500.0,51000,6,8500.0,0.8884228187919463,0.057885906040268456,Low
Toyota Rush Octane 2021,Toyota,Rush,Automatic,Octane,3590000,2021,1500.0,47300,5,9460.0,0.8884228187919463,0.0025167785234899327,High
Toyota Prius S 4 Grade 2020,Toyota,Prius,Automatic,"Petrol, Hybrid, Octane",2980000,2020,1800.0,67000,6,11166.666666666666,0.8884228187919463,0.029865771812080538,Medium
Nissan X-Trail MOOD PREMIER SUNROOF 2018,Nissan,X-Trail,Automatic,"Petrol, Hybrid, Octane",4550000,2018,2000.0,80000,8,10000.0,0.02365771812080537,0.015436241610738255,Luxury
Toyota Esquire Gi Pkg HY Luxel Gril 2020,Toyota,Esquire,Automatic,"Petrol, Hybrid, Octane",3750000,2020,1800.0,98520,6,16420.0,0.8884228187919463,0.05855704697986577,High
Toyota C-HR GLED Full Leather 2020,Toyota,C-HR,Automatic,"Petrol, Hybrid, Octane",3700000,2020,1800.0,33000,6,5500.0,0.8884228187919463,0.027181208053691275,High
Toyota Prius S Touring 2020,Toyota,Prius,Automatic,"Petrol, Hybrid, Octane",3450000,2020,1800.0,54000,6,9000.0,0.8884228187919463,0.029865771812080538,High
Toyota Hiace GL NEW SHAPE 2020,Toyota,Hiace,Automatic,Octane,3290000,2020,2000.0,76982,6,12830.333333333334,0.8884228187919463,0.09429530201342282,Medium
Toyota Fielder Ex Hybrid Black 2020,Toyota,Fielder,Automatic,Hybrid,2350000,2020,1500.0,56000,6,9333.333333333334,0.8884228187919463,0.057885906040268456,Medium
Toyota Corolla X 2006,Toyota,Corolla,Automatic,"CNG, Octane",1190000,2006,1500.0,160000,20,8000.0,0.8884228187919463,0.04848993288590604,Low
Toyota Axio Hybrid Ex Package 2021,Toyota,Axio,Automatic,Hybrid,2500000,2021,1500.0,71490,5,14298.0,0.8884228187919463,0.10939597315436242,Medium
Honda Grace Ex pkg Loan 2018,Honda,Grace,Automatic,"Hybrid, Octane",1400000,2018,1500.0,74000,8,9250.0,0.0424496644295302,0.0038590604026845637,Low
Toyota Noah SZ Package 2023,Toyota,Noah,Automatic,"Petrol, Hybrid, Octane",5100000,2023,1800.0,19300,3,6433.333333333333,0.8884228187919463,0.10671140939597315,Luxury
Toyota Fielder EX HYBRID SILVER 2020,Toyota,Fielder,Automatic,Hybrid,2100000,2020,1500.0,141631,6,23605.166666666668,0.8884228187919463,0.057885906040268456,Low
Toyota Corolla Cross Z LEATHER NEW SHAPE 2025,Toyota,Corolla Cross,Automatic,Hybrid,6300000,2025,1800.0,15,1,15.0,0.8884228187919463,0.07097315436241611,Luxury
Toyota Hiace DX AMBULANCE 2021,Toyota,Hiace,Automatic,Petrol,2820000,2021,2000.0,103000,5,20600.0,0.8884228187919463,0.09429530201342282,Medium
Toyota Corolla Cross Z LEATHER PANA. ROOF 2023,Toyota,Corolla Cross,Automatic,Hybrid,5010000,2023,1800.0,48000,3,16000.0,0.8884228187919463,0.07097315436241611,Luxury
Toyota Sienta G Hybrid 2020,Toyota,Sienta,Automatic,"Petrol, Hybrid, Octane",2750000,2020,1500.0,36185,6,6030.833333333333,0.8884228187919463,0.009228187919463088,Medium
Lexus LX 470 V8 2004,Lexus,LX,Automatic,Octane,4900000,2004,4700.0,93200,22,4236.363636363636,0.0068791946308724835,0.0003355704697986577,Luxury
Toyota Axio Hybrid Ex 2020,Toyota,Axio,Automatic,Hybrid,2250000,2020,1500.0,80253,6,13375.5,0.8884228187919463,0.10939597315436242,Low
Toyota Corolla Cross Z leather Ready 2022,Toyota,Corolla Cross,Automatic,"Hybrid, Octane",4900000,2022,1800.0,54690,4,13672.5,0.8884228187919463,0.07097315436241611,Luxury
Toyota Fielder Hybrid- 4 Grade 2020,Toyota,Fielder,Automatic,Hybrid,2330000,2020,1500.0,88360,6,14726.666666666666,0.8884228187919463,0.057885906040268456,Low
Toyota Corolla Hybrid S 2021,Toyota,Corolla,Automatic,"Petrol, Hybrid, Octane",3250000,2021,1800.0,17000,5,3400.0,0.8884228187919463,0.04848993288590604,Medium
Toyota Axio Hybrid EX 4 Grade 2020,Toyota,Axio,Automatic,"Petrol, Hybrid, Octane",2700000,2020,1500.0,39000,6,6500.0,0.8884228187919463,0.10939597315436242,Medium
Toyota Corolla Cross Z package Ready 2022,Toyota,Corolla Cross,Automatic,"Hybrid, Octane",48500000,2022,1800.0,49580,4,12395.0,0.8884228187919463,0.07097315436241611,Luxury
Toyota Corolla Cross HYBRID Z LEATHER 2022,Toyota,Corolla Cross,Automatic,"Petrol, Hybrid, Octane",4600000,2022,1800.0,10000,4,2500.0,0.8884228187919463,0.07097315436241611,Luxury
Toyota Corolla Cross Hybrid Z Leather 4.5 2022,Toyota,Corolla Cross,Automatic,"Petrol, Hybrid, Octane",4800000,2022,1800.0,54000,4,13500.0,0.8884228187919463,0.07097315436241611,Luxury
Toyota Axio Hybrid EX 4 AP 2020,Toyota,Axio,Automatic,"Petrol, Hybrid, Octane",2700000,2020,1500.0,46000,6,7666.666666666667,0.8884228187919463,0.10939597315436242,Medium
Toyota Prius S Touring Selection 2020,Toyota,Prius,Automatic,"Petrol, Hybrid, Octane",3000000,2020,1800.0,90000,6,15000.0,0.8884228187919463,0.029865771812080538,Medium
Toyota Corolla Cross Z LEATHER Moonroof 2024,Toyota,Corolla Cross,Automatic,"Petrol, Hybrid, Octane",5500000,2024,1800.0,21000,2,10500.0,0.8884228187919463,0.07097315436241611,Luxury
Toyota Harrier Z LEATHER-PKG-NON HY 2020,Toyota,Harrier,Automatic,"Petrol, Octane",7700000,2020,2000.0,47158,6,7859.666666666667,0.8884228187919463,0.03976510067114094,Luxury
Toyota Yaris Cross SHOWROOM-READY 2020,Toyota,Yaris Cross,Automatic,"Petrol, Hybrid, Octane",3590000,2020,1500.0,58512,6,9752.0,0.8884228187919463,0.02097315436241611,High
Toyota Hiace Super GL 2020,Toyota,Hiace,Automatic,Petrol,4400000,2020,2000.0,12000,6,2000.0,0.8884228187919463,0.09429530201342282,High
Toyota Starlet  REFLET 1999,Toyota,Starlet,Automatic,"CNG, Octane",550000,1999,1331.0,86585,27,3206.8518518518517,0.8884228187919463,0.0050335570469798654,Low
Toyota Corolla Touring WXB Hybrid 2020,Toyota,Corolla,Automatic,"Petrol, Hybrid, Octane",3050000,2020,1800.0,12300,6,2050.0,0.8884228187919463,0.04848993288590604,Medium
Toyota Corolla GX 2020,Toyota,Corolla,Automatic,"Hybrid, Octane",2880000,2020,1800.0,75500,6,12583.333333333334,0.8884228187919463,0.04848993288590604,Medium
Toyota Axio Hybrid EX READY 2020,Toyota,Axio,Automatic,"Petrol, Hybrid, Octane",2200000,2020,1500.0,68784,6,11464.0,0.8884228187919463,0.10939597315436242,Low
Toyota Axio EX PACKAGE 2020,Toyota,Axio,Automatic,Hybrid,2350000,2020,1500.0,114873,6,19145.5,0.8884228187919463,0.10939597315436242,Medium
Toyota Sienta 2020,Toyota,Sienta,Automatic,Hybrid,2350000,2020,1500.0,87000,6,14500.0,0.8884228187919463,0.009228187919463088,Medium
Toyota Fielder black 2015,Toyota,Fielder,Automatic,Octane,2080000,2015,1500.0,52000,11,4727.272727272727,0.8884228187919463,0.057885906040268456,Low
Mitsubishi Pajero V73 2004,Mitsubishi,Pajero,Automatic,Octane,2200000,2004,3000.0,76000,22,3454.5454545454545,0.012583892617449664,0.0041946308724832215,Low
Toyota Hiace DARK PRIME PEARL 2021,Toyota,Hiace,Automatic,Petrol,4790000,2021,2000.0,43000,5,8600.0,0.8884228187919463,0.09429530201342282,Luxury
Toyota Allion G PLUS BLACK AP-4.5 2020,Toyota,Allion,Automatic,Petrol,4050000,2020,1500.0,61258,6,10209.666666666666,0.8884228187919463,0.03120805369127517,High
Toyota Corolla Cross Z Leather 4.5 Grade 2023,Toyota,Corolla Cross,Automatic,"Petrol, Hybrid, Octane",5150000,2023,1800.0,11716,3,3905.3333333333335,0.8884228187919463,0.07097315436241611,Luxury
Toyota Noah S-Z 2024,Toyota,Noah,Automatic,"Petrol, Hybrid, Octane",5620000,2024,1800.0,16800,2,8400.0,0.8884228187919463,0.10671140939597315,Luxury
Toyota Aqua S Style Black Hybrid 2020,Toyota,Aqua,Automatic,"Petrol, Hybrid, Octane",2050000,2020,1500.0,46584,6,7764.0,0.8884228187919463,0.015771812080536914,Low
Toyota Corolla Cross Z Leather 4.5 Grade 2022,Toyota,Corolla Cross,Automatic,"Petrol, Hybrid, Octane",5050000,2022,1800.0,24500,4,6125.0,0.8884228187919463,0.07097315436241611,Luxury
Toyota Corolla X 2005,Toyota,Corolla,Automatic,"CNG, Octane",1345000,2005,1500.0,79000,21,3761.904761904762,0.8884228187919463,0.04848993288590604,Low
Toyota Prius S TOURING- 4 Point 2018,Toyota,Prius,Automatic,Hybrid,2780000,2018,1800.0,89360,8,11170.0,0.8884228187919463,0.029865771812080538,Medium
Toyota Hiace S GL Dark Prime-2 2020,Toyota,Hiace,Automatic,"Petrol, Octane",4400000,2020,2000.0,63000,6,10500.0,0.8884228187919463,0.09429530201342282,High
Toyota Yaris Cross Z PKG-360 2020,Toyota,Yaris Cross,Automatic,"Petrol, Hybrid, Octane",3450000,2020,1500.0,41748,6,6958.0,0.8884228187919463,0.02097315436241611,High
Toyota Corolla Cross Z PKG-FULL LOAD-360 2022,Toyota,Corolla Cross,Automatic,"Petrol, Hybrid, Octane",5000000,2022,1800.0,37748,4,9437.0,0.8884228187919463,0.07097315436241611,Luxury
Toyota Yaris Cross Z PKG-360 2020,Toyota,Yaris Cross,Automatic,"Petrol, Hybrid, Octane",3450000,2020,1500.0,37748,6,6291.333333333333,0.8884228187919463,0.02097315436241611,High
Toyota Axio Ex 2020,Toyota,Axio,Automatic,Hybrid,2350000,2020,1500.0,38000,6,6333.333333333333,0.8884228187919463,0.10939597315436242,Medium
Toyota Prius STS-PKG 2020,Toyota,Prius,Automatic,"Hybrid, Octane",3650000,2020,1790.0,45080,6,7513.333333333333,0.8884228187919463,0.029865771812080538,High
Toyota Prius ATS-PKG 2018,Toyota,Prius,Automatic,"Hybrid, Octane",3000000,2018,1790.0,70813,8,8851.625,0.8884228187919463,0.029865771812080538,Medium
Toyota Prius ATS-PKG 2018,Toyota,Prius,Automatic,"Hybrid, Octane",3050000,2018,1790.0,99436,8,12429.5,0.8884228187919463,0.029865771812080538,Medium
Toyota Prado T-XL 2021,Toyota,Prado,Automatic,Octane,16400000,2021,2690.0,22000,5,4400.0,0.8884228187919463,0.013926174496644295,Luxury
Toyota Corolla Cross Z- 2023,Toyota,Corolla Cross,Automatic,"Hybrid, Octane",5200000,2023,1790.0,42400,3,14133.333333333334,0.8884228187919463,0.07097315436241611,Luxury
Toyota Corolla Cross Z PKG BRAND NEW 2025,Toyota,Corolla Cross,Automatic,Hybrid,6300000,2025,1800.0,15,1,15.0,0.8884228187919463,0.07097315436241611,Luxury
Toyota Corolla Cross Z 2022,Toyota,Corolla Cross,Automatic,Octane,4700000,2022,1790.0,42750,4,10687.5,0.8884228187919463,0.07097315436241611,Luxury
Toyota Hilux Diesel 2010,Toyota,Hilux,Automatic,Diesel,2490000,2010,2500.0,90822,16,5676.375,0.8884228187919463,0.0013422818791946308,Medium
Toyota Prius S SAFTY PKG 2019,Toyota,Prius,Automatic,Hybrid,2950000,2019,1800.0,81000,7,11571.42857142857,0.8884228187919463,0.029865771812080538,Medium
Toyota Noah PUSH 2020,Toyota,Noah,Automatic,Hybrid,3350000,2020,1800.0,79000,6,13166.666666666666,0.8884228187919463,0.10671140939597315,Medium
Toyota Noah HYBRID SIWXB BODYKIT 2020,Toyota,Noah,Automatic,"Petrol, Hybrid, Octane",3850000,2020,1800.0,72341,6,12056.833333333334,0.8884228187919463,0.10671140939597315,High
Toyota Axio Hybrid Ex Package 2020,Toyota,Axio,Automatic,Hybrid,2250000,2020,1500.0,88352,6,14725.333333333334,0.8884228187919463,0.10939597315436242,Low
Toyota Axio Non hybrid Ex push 2020,Toyota,Axio,Automatic,"Petrol, Octane",2680000,2020,1500.0,74190,6,12365.0,0.8884228187919463,0.10939597315436242,Medium
Toyota Voxy Zs Kirameki Hybrid 2020,Toyota,Voxy,Automatic,Hybrid,3450000,2020,1800.0,80259,6,13376.5,0.8884228187919463,0.027348993288590605,High
Toyota Fielder Non hybrid 2020,Toyota,Fielder,Automatic,"Petrol, Octane",2600000,2020,1500.0,80351,6,13391.833333333334,0.8884228187919463,0.057885906040268456,Medium
Toyota Corolla Hybrid S 4.5 Grade 2020,Toyota,Corolla,Automatic,"Petrol, Hybrid, Octane",3050000,2020,1800.0,81000,6,13500.0,0.8884228187919463,0.04848993288590604,Medium
Toyota Axio EX Push Grade----4 2020,Toyota,Axio,Automatic,"Petrol, Hybrid, Octane",2400000,2020,1500.0,75000,6,12500.0,0.8884228187919463,0.10939597315436242,Medium
Toyota Axio Non Hybrid EX 4 Grd 2020,Toyota,Axio,Automatic,"Petrol, Octane",2750000,2020,1500.0,140000,6,23333.333333333332,0.8884228187919463,0.10939597315436242,Medium
Honda Insight LX 2021,Honda,Insight,Automatic,"Petrol, Hybrid, Octane",3770000,2021,1500.0,80000,5,16000.0,0.0424496644295302,0.015100671140939598,High
Toyota Fielder HYBRID EX 2020,Toyota,Fielder,Automatic,"Petrol, Hybrid, Octane",2200000,2020,1500.0,70000,6,11666.666666666666,0.8884228187919463,0.057885906040268456,Low
Toyota Axio Non Hybrid EX Push 2020,Toyota,Axio,Automatic,"Petrol, Octane",2850000,2020,1500.0,69000,6,11500.0,0.8884228187919463,0.10939597315436242,Medium
Toyota Corolla - first owner 2003,Toyota,Corolla,Automatic,Octane,1095000,2003,1500.0,88568,23,3850.782608695652,0.8884228187919463,0.04848993288590604,Low
"Nissan Lafesta a,aaaaa aaaaa, 2007",Nissan,Lafesta,Automatic,Octane,1180000,2007,2000.0,86585,19,4557.105263157895,0.02365771812080537,0.0015100671140939597,Low
Toyota Prius S PKG BEIGE INTRO 4P 2020,Toyota,Prius,Automatic,Hybrid,3030000,2020,1800.0,80000,6,13333.333333333334,0.8884228187919463,0.029865771812080538,Medium
Toyota Axio Octane Drive 2015,Toyota,Axio,Automatic,Petrol,1945000,2015,1500.0,65000,11,5909.090909090909,0.8884228187919463,0.10939597315436242,Low
Toyota Corolla Cross Z LEATHER hardtop 2022,Toyota,Corolla Cross,Automatic,Hybrid,4460000,2022,1800.0,54000,4,13500.0,0.8884228187919463,0.07097315436241611,Luxury
Nissan X-Trail Sun roof 2011,Nissan,X-Trail,Automatic,Octane,1890000,2011,2000.0,75000,15,5000.0,0.02365771812080537,0.015436241610738255,Low
Toyota Yaris Cross Z Leather GP-4.5 2021,Toyota,Yaris Cross,Automatic,"Petrol, Hybrid, Octane",3600000,2021,1500.0,77300,5,15460.0,0.8884228187919463,0.02097315436241611,High
Toyota Fielder WxB FULL LEATHER 2019,Toyota,Fielder,Automatic,"Petrol, Hybrid, Octane",2750000,2019,1500.0,97000,7,13857.142857142857,0.8884228187919463,0.057885906040268456,Medium
"Toyota Hiace Super GL a.aa2a aaa2aa, 2022",Toyota,Hiace,Automatic,"Petrol, Octane",4450000,2022,2000.0,37150,4,9287.5,0.8884228187919463,0.09429530201342282,Luxury
Toyota Hiace Super GL Dark-2 2021,Toyota,Hiace,Automatic,"Petrol, Octane",4500000,2021,2000.0,72000,5,14400.0,0.8884228187919463,0.09429530201342282,Luxury
Toyota Axio Ex Push ALLOY RIM 2020,Toyota,Axio,Automatic,"Petrol, Hybrid, Octane",2400000,2020,1500.0,77000,6,12833.333333333334,0.8884228187919463,0.10939597315436242,Medium
Toyota C-HR G MODE NIRO-360 2020,Toyota,C-HR,Automatic,"Petrol, Hybrid, Octane",3400000,2020,1800.0,57748,6,9624.666666666666,0.8884228187919463,0.027181208053691275,High
Toyota Premio DHAKA READY CAR 2020,Toyota,Premio,Automatic,"Petrol, Octane",3700000,2020,1500.0,64013,6,10668.833333333334,0.8884228187919463,0.05285234899328859,High
Nissan Sunny 2004,Nissan,Sunny,Automatic,"CNG, Octane",750000,2009,1500.0,500000,17,29411.764705882353,0.02365771812080537,0.002181208053691275,Low
Toyota ist G NEW SHAPE 2010,Toyota,ist,Automatic,"Petrol, Octane",1430000,2010,1500.0,64000,16,4000.0,0.8884228187919463,0.002181208053691275,Low
Toyota ist G HID SELECTION 2004,Toyota,ist,Automatic,"Petrol, Octane",870000,2004,1330.0,81000,22,3681.818181818182,0.8884228187919463,0.002181208053691275,Low
MG HS Sunroof Moonroof 2021,MG,HS,Automatic,Octane,2650000,2021,1500.0,70000,5,14000.0,0.001174496644295302,0.0005033557046979866,Medium
Toyota C-HR 2018,Toyota,C-HR,Automatic,"Hybrid, Octane",3050000,2018,1800.0,96000,8,12000.0,0.8884228187919463,0.027181208053691275,Medium
Toyota Harrier Z Leather Non Hybrid 2021,Toyota,Harrier,Automatic,"Petrol, Octane",7450000,2021,2000.0,29000,5,5800.0,0.8884228187919463,0.03976510067114094,Luxury
Toyota Noah SI WXB Hybrid pearl 2020,Toyota,Noah,Automatic,"Hybrid, Octane",3300000,2020,1800.0,45445,6,7574.166666666667,0.8884228187919463,0.10671140939597315,Medium
Toyota Hiace SUPER GL SPECIAL E. 2021,Toyota,Hiace,Automatic,"Petrol, Octane",4370000,2021,2000.0,35640,5,7128.0,0.8884228187919463,0.09429530201342282,High
Honda Grace L PKG NON HYBRID 2020,Honda,Grace,Automatic,"Petrol, Octane",2700000,2020,1500.0,63000,6,10500.0,0.0424496644295302,0.0038590604026845637,Medium
Honda Grace BLACK 2020,Honda,Grace,Automatic,Hybrid,2800000,2020,1500.0,41070,6,6845.0,0.0424496644295302,0.0038590604026845637,Medium
Toyota Corolla Cross Z Leather 2022,Toyota,Corolla Cross,Automatic,Hybrid,4350000,2022,1800.0,22373,4,5593.25,0.8884228187919463,0.07097315436241611,High
Toyota Hiace GL PACKAGE DUAL AC 2021,Toyota,Hiace,Automatic,"Petrol, Octane",3260000,2021,2000.0,54982,5,10996.4,0.8884228187919463,0.09429530201342282,Medium
Toyota Hiace SUPER GL DARK PRIME 2021,Toyota,Hiace,Automatic,"Petrol, Octane",4360000,2021,2000.0,56726,5,11345.2,0.8884228187919463,0.09429530201342282,High
Toyota Sienta G LED 7SEAT 2DR PWR 2020,Toyota,Sienta,Automatic,Hybrid,2430000,2020,1500.0,67098,6,11183.0,0.8884228187919463,0.009228187919463088,Medium
Toyota Hiace SUPER GL DARK PRIME 2020,Toyota,Hiace,Automatic,"Petrol, Octane",4240000,2020,2000.0,62434,6,10405.666666666666,0.8884228187919463,0.09429530201342282,High
Toyota Axio EX NON HYBRID WHITE 2020,Toyota,Axio,Automatic,"Petrol, Octane",2390000,2020,1500.0,50420,6,8403.333333333334,0.8884228187919463,0.10939597315436242,Medium
Honda Vezel 2014,Honda,Vezel,Automatic,Hybrid,1490000,2018,1500.0,75000,8,9375.0,0.0424496644295302,0.006711409395973154,Low
BAIC X25 Jeep 2016,BAIC,X25,Automatic,Octane,1250000,2016,1500.0,52000,10,5200.0,0.00016778523489932885,0.00016778523489932885,Low
Toyota Fielder EX HYBRID PUSH GP-4 2021,Toyota,Fielder,Automatic,"Petrol, Hybrid, Octane",2220000,2021,1500.0,70215,5,14043.0,0.8884228187919463,0.057885906040268456,Low
Toyota Corolla WXB 2021,Toyota,Corolla,Automatic,"Hybrid, Octane",3300000,2021,1800.0,67000,5,13400.0,0.8884228187919463,0.04848993288590604,Medium
Toyota Axio 2010,Toyota,Axio,Automatic,"CNG, Octane",1520000,2015,1500.0,75331,11,6848.272727272727,0.8884228187919463,0.10939597315436242,Low
Lexus ES 2019,Lexus,ES,Automatic,Hybrid,9200000,2019,2500.0,32000,7,4571.428571428572,0.0068791946308724835,0.0015100671140939597,Luxury
Toyota Supra 35th Anniversary 2021,Toyota,Supra,Automatic,"Petrol, Octane",14200000,2021,2000.0,16510,5,3302.0,0.8884228187919463,0.0005033557046979866,Luxury
Lexus RX 500H NEW SHAPE READY 2023,Lexus,RX,Automatic,"Hybrid, Octane",20500000,2023,2400.0,1300,3,433.3333333333333,0.0068791946308724835,0.0028523489932885905,Luxury
Toyota Yaris Cross Z PKG 2021,Toyota,Yaris Cross,Automatic,"Petrol, Hybrid, Octane",3600000,2021,1500.0,49778,5,9955.6,0.8884228187919463,0.02097315436241611,High
Toyota Premio FL 2020,Toyota,Premio,Automatic,Petrol,4200000,2020,1500.0,122000,6,20333.333333333332,0.8884228187919463,0.05285234899328859,High
Honda Vezel Octane Drive 2014,Honda,Vezel,Automatic,Octane,2190000,2014,1500.0,80650,12,6720.833333333333,0.0424496644295302,0.006711409395973154,Low
Toyota Hiace SUPER GL 2 DOOR PWR 2020,Toyota,Hiace,Automatic,Octane,4400000,2020,2000.0,96000,6,16000.0,0.8884228187919463,0.09429530201342282,High
Toyota Hiace SUPER GL 4.5 POINT 2022,Toyota,Hiace,Automatic,Octane,4750000,2022,2000.0,53000,4,13250.0,0.8884228187919463,0.09429530201342282,Luxury
Toyota Premio 2015,Toyota,Premio,Automatic,Petrol,2550000,2019,1500.0,50328,7,7189.714285714285,0.8884228187919463,0.05285234899328859,Medium
Toyota C-HR G LED 4.5 2018,Toyota,C-HR,Automatic,"Hybrid, Octane",3050000,2018,1800.0,99551,8,12443.875,0.8884228187919463,0.027181208053691275,Medium
Toyota Prius A PKG PEARL COLOR 2020,Toyota,Prius,Automatic,"Hybrid, Octane",3650000,2020,1800.0,63285,6,10547.5,0.8884228187919463,0.029865771812080538,High
Toyota Aqua S Package 2020,Toyota,Aqua,Automatic,"Hybrid, Octane",1700000,2020,1500.0,55328,6,9221.333333333334,0.8884228187919463,0.015771812080536914,Low
Toyota Premio F 2007,Toyota,Premio,Automatic,"CNG, Octane",1930000,2007,1500.0,85000,19,4473.684210526316,0.8884228187919463,0.05285234899328859,Low
Toyota C-HR PUSH G LED 2020,Toyota,C-HR,Automatic,Hybrid,3380000,2020,1800.0,31932,6,5322.0,0.8884228187919463,0.027181208053691275,Medium
Toyota Harrier z leather Pearl 2025,Toyota,Harrier,Automatic,Petrol,10890000,2025,2500.0,5,1,5.0,0.8884228187919463,0.03976510067114094,Luxury
Toyota Hiace DX AMBULANCE 2020,Toyota,Hiace,Automatic,Petrol,2820000,2020,2000.0,64222,6,10703.666666666666,0.8884228187919463,0.09429530201342282,Medium
Toyota Noah SI WXB HYBRID 2021,Toyota,Noah,Automatic,Hybrid,3840000,2021,1800.0,62000,5,12400.0,0.8884228187919463,0.10671140939597315,High
Toyota Corolla WXB HYBRID 2020,Toyota,Corolla,Automatic,Hybrid,3130000,2020,1800.0,61000,6,10166.666666666666,0.8884228187919463,0.04848993288590604,Medium
Toyota Hiace GL WHITE 2020,Toyota,Hiace,Automatic,Petrol,2850000,2020,2000.0,73000,6,12166.666666666666,0.8884228187919463,0.09429530201342282,Medium
Toyota Corolla Cross Z LEATHER. 2023,Toyota,Corolla Cross,Automatic,Hybrid,5140000,2023,1800.0,6000,3,2000.0,0.8884228187919463,0.07097315436241611,Luxury
Toyota Premio F EX 2021,Toyota,Premio,Automatic,Petrol,4850000,2021,1500.0,45000,5,9000.0,0.8884228187919463,0.05285234899328859,Luxury
Toyota Corolla GX HYBRID PEARL 2020,Toyota,Corolla,Automatic,Hybrid,2950000,2020,1800.0,53000,6,8833.333333333334,0.8884228187919463,0.04848993288590604,Medium
Toyota Fielder EX HYBRID 2021,Toyota,Fielder,Automatic,Hybrid,2200000,2021,1500.0,105000,5,21000.0,0.8884228187919463,0.057885906040268456,Low
Toyota Esquire GI PREMIUM NON HYBRI 2020,Toyota,Esquire,Automatic,Petrol,4390000,2020,2000.0,82000,6,13666.666666666666,0.8884228187919463,0.05855704697986577,High
Honda Civic FC-1 2020,Honda,Civic,Automatic,Petrol,4090000,2020,1500.0,30000,6,5000.0,0.0424496644295302,0.003355704697986577,High
Toyota Noah Hybrid 2 Door power 2020,Toyota,Noah,Automatic,Hybrid,3300000,2020,1800.0,82430,6,13738.333333333334,0.8884228187919463,0.10671140939597315,Medium
Toyota Esquire GIP PKG 2020,Toyota,Esquire,Automatic,"Hybrid, Octane",4175000,2020,1790.0,86200,6,14366.666666666666,0.8884228187919463,0.05855704697986577,High
Toyota Axio Hybrid EX 2020,Toyota,Axio,Automatic,"Hybrid, Octane",2800000,2020,1490.0,69000,6,11500.0,0.8884228187919463,0.10939597315436242,Medium
Toyota Esquire GIP PKG 2020,Toyota,Esquire,Automatic,"Hybrid, Octane",4200000,2020,1790.0,97059,6,16176.5,0.8884228187919463,0.05855704697986577,High
Toyota Axio Hybrid EX PKG 2020,Toyota,Axio,Automatic,"Hybrid, Octane",2975000,2020,1490.0,17333,6,2888.8333333333335,0.8884228187919463,0.10939597315436242,Medium
Toyota Cross Z PKG 2025,Toyota,Cross,Automatic,"Hybrid, Octane",5800000,2025,1790.0,15,1,15.0,0.8884228187919463,0.0006711409395973154,Luxury
Toyota ist G-Ltd. Octane Push 2011,Toyota,ist,Automatic,Octane,1340000,2011,1500.0,59000,15,3933.3333333333335,0.8884228187919463,0.002181208053691275,Low
Toyota Axio Hybrid EX 2020,Toyota,Axio,Automatic,"Hybrid, Octane",2850000,2020,1490.0,67300,6,11216.666666666666,0.8884228187919463,0.10939597315436242,Medium
Toyota Noah X 2003,Toyota,Noah,Automatic,"Petrol, Octane, LPG",1175000,2003,2000.0,125000,23,5434.782608695652,0.8884228187919463,0.10671140939597315,Low
Toyota Allion 2011,Toyota,Allion,Automatic,"Petrol, Octane",2190000,2011,1500.0,68000,15,4533.333333333333,0.8884228187919463,0.03120805369127517,Low
Toyota Esquire Gi Premium Black 2020,Toyota,Esquire,Automatic,Petrol,4580000,2020,2000.0,63000,6,10500.0,0.8884228187919463,0.05855704697986577,Luxury
Toyota Noah SI Black 3.5149k km 2020,Toyota,Noah,Automatic,Petrol,3950000,2020,2000.0,149000,6,24833.333333333332,0.8884228187919463,0.10671140939597315,High
Toyota Noah SI WXB 2020,Toyota,Noah,Automatic,"Petrol, Hybrid, Octane",3500000,2020,1800.0,45720,6,7620.0,0.8884228187919463,0.10671140939597315,High
Toyota Esquire GI Hybrid 4 2020,Toyota,Esquire,Automatic,"Petrol, Hybrid, Octane",3950000,2020,1800.0,66000,6,11000.0,0.8884228187919463,0.05855704697986577,High
Toyota Esquire Gi Premium Hybrid 2021,Toyota,Esquire,Automatic,"Petrol, Hybrid, Octane",4000000,2021,1800.0,116313,5,23262.6,0.8884228187919463,0.05855704697986577,High
Toyota Axio EX PKG 2020,Toyota,Axio,Automatic,"Petrol, Hybrid, Octane",2080000,2020,1500.0,51000,6,8500.0,0.8884228187919463,0.10939597315436242,Low
Toyota Noah SI WXB 2020,Toyota,Noah,Automatic,"Petrol, Hybrid, Octane",4700000,2020,1800.0,46821,6,7803.5,0.8884228187919463,0.10671140939597315,Luxury
Toyota Noah SI WXB 2020,Toyota,Noah,Automatic,"Petrol, Hybrid, Octane",3550000,2020,1800.0,56123,6,9353.833333333334,0.8884228187919463,0.10671140939597315,High
Toyota Noah X Dark Wine N.Hybrid 2021,Toyota,Noah,Automatic,"Petrol, Octane",3850000,2021,2000.0,74269,5,14853.8,0.8884228187919463,0.10671140939597315,High
Toyota Premio F-EX 4.5 2021,Toyota,Premio,Automatic,"Petrol, Octane",5000000,2021,1500.0,35115,5,7023.0,0.8884228187919463,0.05285234899328859,Luxury
Toyota Aqua G Soft Leather 2020,Toyota,Aqua,Automatic,"Petrol, Hybrid, Octane",2050000,2020,1500.0,69000,6,11500.0,0.8884228187919463,0.015771812080536914,Low
Toyota Axio Ex 2020,Toyota,Axio,Automatic,"Petrol, Hybrid, Octane",2150000,2020,1500.0,52800,6,8800.0,0.8884228187919463,0.10939597315436242,Low
Toyota Fielder EX Hybrid Ready 2020,Toyota,Fielder,Automatic,"Petrol, Hybrid, Octane",2200000,2020,1500.0,42152,6,7025.333333333333,0.8884228187919463,0.057885906040268456,Low
Toyota Corolla Cross Z Leather Full Load 2023,Toyota,Corolla Cross,Automatic,"Petrol, Hybrid, Octane",5200000,2023,1800.0,6000,3,2000.0,0.8884228187919463,0.07097315436241611,Luxury
Toyota Noah XI Hybrid 2020,Toyota,Noah,Automatic,"Petrol, Hybrid, Octane",3100000,2020,1800.0,72000,6,12000.0,0.8884228187919463,0.10671140939597315,Medium
Toyota Voxy ZS Kirameki Ready 2019,Toyota,Voxy,Automatic,"Petrol, Hybrid, Octane",3050000,2019,1800.0,37856,7,5408.0,0.8884228187919463,0.027348993288590605,Medium
Toyota Voxy S-Z Hybrid 2022,Toyota,Voxy,Automatic,"Petrol, Hybrid",4870000,2022,1800.0,63000,4,15750.0,0.8884228187919463,0.027348993288590605,Luxury
Honda Insight Ex 2021,Honda,Insight,Automatic,"Petrol, Hybrid, Octane",3850000,2021,1500.0,30000,5,6000.0,0.0424496644295302,0.015100671140939598,High
Toyota Esquire Gi Hybrid Mica-Blue 2020,Toyota,Esquire,Automatic,"Petrol, Hybrid, Octane",3800000,2020,2020.0,59785,6,9964.166666666666,0.8884228187919463,0.05855704697986577,High
Toyota Fielder Ex pkg Hyb push 4pt 2020,Toyota,Fielder,Automatic,"Hybrid, Octane",2320000,2020,1500.0,90369,6,15061.5,0.8884228187919463,0.057885906040268456,Low
Toyota Axio Ex Octen push 4pt 2020,Toyota,Axio,Automatic,"Octane, Other fuel type",2670000,2020,1500.0,90999,6,15166.5,0.8884228187919463,0.10939597315436242,Medium
Toyota Hiace DX DHAKA READY 2021,Toyota,Hiace,Automatic,Octane,3180000,2021,2000.0,63251,5,12650.2,0.8884228187919463,0.09429530201342282,Medium
Toyota Corolla Cross Z-LEATHER HYBRID 2023,Toyota,Corolla Cross,Automatic,"Hybrid, Octane",4850000,2023,1800.0,47845,3,15948.333333333334,0.8884228187919463,0.07097315436241611,Luxury
Toyota Harrier Z-LEATHER HYBRID 2020,Toyota,Harrier,Automatic,"Hybrid, Octane",6980000,2020,2500.0,64253,6,10708.833333333334,0.8884228187919463,0.03976510067114094,Luxury
Toyota Noah X Smart Dhaka Ready 2020,Toyota,Noah,Automatic,Octane,3950000,2020,2000.0,74000,6,12333.333333333334,0.8884228187919463,0.10671140939597315,High
Haval H2 Fully Loaded 2017,Haval,H2,Automatic,Octane,1990000,2017,1500.0,34000,9,3777.777777777778,0.001174496644295302,0.0006711409395973154,Low
Toyota Corolla X 2001,Toyota,Corolla,Automatic,"CNG, Octane",950000,2001,1500.0,85431,25,3417.24,0.8884228187919463,0.04848993288590604,Low
Toyota Corolla x 2002,Toyota,Corolla,Automatic,"CNG, Octane",1045000,2002,1500.0,87000,24,3625.0,0.8884228187919463,0.04848993288590604,Low
Toyota Corolla 2003,Toyota,Corolla,Automatic,"CNG, Octane",980000,2008,1500.0,176000,18,9777.777777777777,0.8884228187919463,0.04848993288590604,Low
Toyota Allion 2005,Toyota,Allion,Automatic,"CNG, Octane",1455000,2005,1500.0,85000,21,4047.6190476190477,0.8884228187919463,0.03120805369127517,Low
Toyota Premio F 2012,Toyota,Premio,Automatic,Octane,2565000,2012,1500.0,66000,14,4714.285714285715,0.8884228187919463,0.05285234899328859,Medium
Toyota Premio F 2016,Toyota,Premio,Automatic,Octane,2945000,2016,1500.0,51000,10,5100.0,0.8884228187919463,0.05285234899328859,Medium
Nissan X-Trail no accident history 2007,Nissan,X-Trail,Automatic,"Petrol, Octane",790000,2007,2500.0,120000,19,6315.789473684211,0.02365771812080537,0.015436241610738255,Low
Toyota Fielder 5 Seater 2011,Toyota,Fielder,Automatic,"CNG, Octane",1620000,2011,1500.0,75000,15,5000.0,0.8884228187919463,0.057885906040268456,Low
Toyota Corolla X 2005,Toyota,Corolla,Automatic,"CNG, Octane",1330000,2005,1500.0,78324,21,3729.714285714286,0.8884228187919463,0.04848993288590604,Low
Nissan X-Trail 7 Seat  Sunroof 2014,Nissan,X-Trail,Automatic,Octane,3050000,2014,2000.0,54300,12,4525.0,0.02365771812080537,0.015436241610738255,Medium
Nissan Sunny Fresh Condition 2006,Nissan,Sunny,Automatic,"CNG, Octane",690000,2006,1600.0,79500,20,3975.0,0.02365771812080537,0.002181208053691275,Low
BMW 5 Series 520i Germany 2015,BMW,5 Series,Automatic,Octane,6750000,2015,2000.0,24000,11,2181.818181818182,0.0038590604026845637,0.0008389261744966443,Luxury
DFSK Glory I-Auto Fully Loaded 2021,DFSK,Glory I-Auto,Automatic,Octane,2250000,2021,1500.0,27000,5,5400.0,0.0005033557046979866,0.0003355704697986577,Low
Toyota Noah X 2015,Toyota,Noah,Automatic,"Octane, LPG",2685000,2015,2000.0,72038,11,6548.909090909091,0.8884228187919463,0.10671140939597315,Medium
Toyota C-HR G LED Package Loan 2019,Toyota,C-HR,Automatic,"Hybrid, Octane",2050000,2019,1800.0,27000,7,3857.1428571428573,0.8884228187919463,0.027181208053691275,Low
Toyota Hiace Super GL fresh 2009,Toyota,Hiace,Automatic,"CNG, Octane",2280000,2009,2000.0,75000,17,4411.764705882353,0.8884228187919463,0.09429530201342282,Low
Toyota Premio F EX Octane Drive 2014,Toyota,Premio,Automatic,Octane,2730000,2014,1500.0,55000,12,4583.333333333333,0.8884228187919463,0.05285234899328859,Medium
Toyota Aqua S STYLE BLACK 2020,Toyota,Aqua,Automatic,Hybrid,1900000,2020,1500.0,75000,6,12500.0,0.8884228187919463,0.015771812080536914,Low
Toyota Allion G Plus Package 2016,Toyota,Allion,Automatic,Octane,3050000,2016,1500.0,51000,10,5100.0,0.8884228187919463,0.03120805369127517,Medium
Honda City G Package 2017,Honda,City,Automatic,Octane,2150000,2017,1500.0,37000,9,4111.111111111111,0.0424496644295302,0.0005033557046979866,Low
Toyota Hiace GL Super Fresh 2017,Toyota,Hiace,Automatic,"CNG, Octane",3150000,2017,1500.0,42000,9,4666.666666666667,0.8884228187919463,0.09429530201342282,Medium
Toyota Harrier Advance Premium JBL 2017,Toyota,Harrier,Automatic,Octane,6220000,2017,2000.0,52000,9,5777.777777777777,0.8884228187919463,0.03976510067114094,Luxury
Toyota Noah X Smart Push Octane 2012,Toyota,Noah,Automatic,Octane,2295000,2012,2000.0,75008,14,5357.714285714285,0.8884228187919463,0.10671140939597315,Low
Toyota Celica Sports Full Fresh 2004,Toyota,Celica,Automatic,Octane,1680000,2004,2000.0,43000,22,1954.5454545454545,0.8884228187919463,0.00016778523489932885,Low
Honda Vezel Z Octane Drive Only 2014,Honda,Vezel,Automatic,Octane,1990000,2014,1500.0,62000,12,5166.666666666667,0.0424496644295302,0.006711409395973154,Low
Toyota Alphard EXECUTIVE LOUNGE 2020,Toyota,Alphard,Automatic,Hybrid,10700000,2020,2500.0,20000,6,3333.3333333333335,0.8884228187919463,0.0050335570469798654,Luxury
Toyota Corolla Cross Z Black 2022,Toyota,Corolla Cross,Automatic,Hybrid,4670000,2022,1800.0,34850,4,8712.5,0.8884228187919463,0.07097315436241611,Luxury
Toyota Harrier HarrierPearl 2021,Toyota,Harrier,Automatic,Octane,8300000,2021,2000.0,36542,5,7308.4,0.8884228187919463,0.03976510067114094,Luxury
Toyota Prius S SAFETY PLUS2 2020,Toyota,Prius,Automatic,Hybrid,2980000,2020,1800.0,33451,6,5575.166666666667,0.8884228187919463,0.029865771812080538,Medium
Toyota Axio 2020 PEARL EX,Toyota,Axio,Automatic,Octane,2710000,2020,1500.0,54700,6,9116.666666666666,0.8884228187919463,0.10939597315436242,Medium
Toyota C-HR Pearl 2020,Toyota,C-HR,Automatic,Hybrid,3470500,2020,1800.0,28000,6,4666.666666666667,0.8884228187919463,0.027181208053691275,High
Mitsubishi Outlander Red 2018,Mitsubishi,Outlander,Automatic,Octane,4550000,2018,2000.0,49542,8,6192.75,0.012583892617449664,0.0008389261744966443,Luxury
Mitsubishi Lancer GLX 2011,Mitsubishi,Lancer,Automatic,Octane,920000,2011,1300.0,45000,15,3000.0,0.012583892617449664,0.002181208053691275,Low
Nissan X-Trail 2016 Sunroof japan,Nissan,X-Trail,Automatic,Octane,3050000,2016,2000.0,66000,10,6600.0,0.02365771812080537,0.015436241610738255,Medium
BMW X5 HARD JEEP 2017,BMW,X5,Automatic,"Hybrid, Octane",11500000,2017,2000.0,37000,9,4111.111111111111,0.0038590604026845637,0.0016778523489932886,Luxury
Toyota Corolla X 2005 REG 2008,Toyota,Corolla,Automatic,CNG,1200000,2005,1500.0,68000,21,3238.095238095238,0.8884228187919463,0.04848993288590604,Low
Toyota Fielder 2003 Reg 2008,Toyota,Fielder,Automatic,"CNG, Octane",1090000,2003,1500.0,74000,23,3217.391304347826,0.8884228187919463,0.057885906040268456,Low
Toyota C-HR CHR modelist 2017,Toyota,C-HR,Automatic,"Hybrid, Octane",2550000,2017,1800.0,75650,9,8405.555555555555,0.8884228187919463,0.027181208053691275,Medium
Toyota Axio EX PKG HYB 2020,Toyota,Axio,Automatic,Hybrid,2450000,2020,1500.0,63000,6,10500.0,0.8884228187919463,0.10939597315436242,Medium
Toyota Noah G 2020,Toyota,Noah,Automatic,"Hybrid, Octane",3370000,2020,1800.0,113000,6,18833.333333333332,0.8884228187919463,0.10671140939597315,Medium
Toyota Fielder EX PKG NON HYB 2020,Toyota,Fielder,Automatic,Octane,2650000,2020,1500.0,163000,6,27166.666666666668,0.8884228187919463,0.057885906040268456,Medium
Toyota Hiace SUPER GL KEY START 2020,Toyota,Hiace,Automatic,Octane,3750000,2020,2000.0,143282,6,23880.333333333332,0.8884228187919463,0.09429530201342282,High
Toyota Hiace GL DUAL AC ORIGINAL 2020,Toyota,Hiace,Automatic,Octane,3380000,2020,2000.0,129518,6,21586.333333333332,0.8884228187919463,0.09429530201342282,Medium
Toyota Axio X full fresh 2012,Toyota,Axio,Automatic,"CNG, Octane",1690000,2012,1500.0,78000,14,5571.428571428572,0.8884228187919463,0.10939597315436242,Low
Toyota Corolla X 2005,Toyota,Corolla,Automatic,"CNG, Octane",1225000,2005,1500.0,66000,21,3142.8571428571427,0.8884228187919463,0.04848993288590604,Low
Toyota Axio X Octane Drive Only 2012,Toyota,Axio,Automatic,Octane,1795000,2012,1500.0,69000,14,4928.571428571428,0.8884228187919463,0.10939597315436242,Low
Toyota C-HR Read Stock 2018,Toyota,C-HR,Automatic,"Petrol, Hybrid, Octane",3160000,2018,1800.0,43589,8,5448.625,0.8884228187919463,0.027181208053691275,Medium
Hyundai H1 12 Seat Octane Drive 2015,Hyundai,H1,Automatic,"Petrol, Octane",1980000,2015,2400.0,57451,11,5222.818181818182,0.0028523489932885905,0.0005033557046979866,Low
Subaru Forester AWD 2019,Subaru,Forester,Automatic,"Petrol, Octane",3520000,2019,2000.0,55428,7,7918.285714285715,0.0003355704697986577,0.0003355704697986577,High
Toyota Hilux Pickup 2011,Toyota,Hilux,Manual,Diesel,2750000,2011,2500.0,65214,15,4347.6,0.8884228187919463,0.0013422818791946308,Medium
Honda CR-V New Shape Octane 2021,Honda,CR-V,Automatic,Octane,5100000,2021,1500.0,42415,5,8483.0,0.0424496644295302,0.011241610738255034,Luxury
Kia Sportage New Shape Sunroof 2025,Kia,Sportage,Automatic,Octane,5500000,2025,1600.0,2371,1,2371.0,0.0008389261744966443,0.0003355704697986577,Luxury
Toyota Axio G Package 2008,Toyota,Axio,Automatic,"Petrol, Octane",1490000,2008,1500.0,57854,18,3214.1111111111113,0.8884228187919463,0.10939597315436242,Low
Toyota Hilux Carryboy 2018,Toyota,Hilux,Manual,Diesel,5340000,2018,2400.0,55214,8,6901.75,0.8884228187919463,0.0013422818791946308,Luxury
Toyota Hilux Surf Octane Drive 2004,Toyota,Hilux,Automatic,Octane,1900000,2004,2700.0,68563,22,3116.5,0.8884228187919463,0.0013422818791946308,Low
Toyota Premio FEX Octane Drive 2014,Toyota,Premio,Automatic,"Petrol, Octane",2490000,2014,1500.0,62154,12,5179.5,0.8884228187919463,0.05285234899328859,Medium
Toyota Prado TX Ltd 4WD 2012,Toyota,Prado,Automatic,"Petrol, Octane",6990000,2012,2700.0,63587,14,4541.928571428572,0.8884228187919463,0.013926174496644295,Luxury
Mitsubishi Outlandar 4WD 2016,Mitsubishi,Outlandar,Automatic,"Petrol, Octane",3240000,2016,2000.0,52514,10,5251.4,0.012583892617449664,0.0016778523489932886,Medium
Mitsubishi Pajero V93 2006,Mitsubishi,Pajero,Automatic,"Petrol, Octane",3680000,2006,3000.0,82154,20,4107.7,0.012583892617449664,0.0041946308724832215,High
Mitsubishi Pajero Sport Diesel 2013,Mitsubishi,Pajero,Manual,Diesel,3550000,2013,2500.0,47541,13,3657.0,0.012583892617449664,0.0041946308724832215,High
BMW 5 Series 520i 2011,BMW,5 Series,Automatic,"Petrol, Octane",4490000,2011,2000.0,15102,15,1006.8,0.0038590604026845637,0.0008389261744966443,Luxury
Mitsubishi Lancer GLX 2011,Mitsubishi,Lancer,Automatic,"Petrol, Octane",955000,2011,1300.0,82104,15,5473.6,0.012583892617449664,0.002181208053691275,Low
Toyota Aqua Read Stock 2019,Toyota,Aqua,Automatic,"Hybrid, Octane",1940000,2019,1500.0,93541,7,13363.0,0.8884228187919463,0.015771812080536914,Low
Toyota Prius Showroom Stock 2018,Toyota,Prius,Automatic,"Hybrid, Octane",2630000,2018,1800.0,76845,8,9605.625,0.8884228187919463,0.029865771812080538,Medium
Toyota Fortuner 4WD 2006,Toyota,Fortuner,Automatic,"Petrol, Octane",3540000,2006,2700.0,44965,20,2248.25,0.8884228187919463,0.00016778523489932885,High
Range Rover Vogue Autobiography 2017,Range Rover,Vogue,Automatic,Diesel,17500000,2017,3000.0,29845,9,3316.1111111111113,0.002181208053691275,0.0015100671140939597,Luxury
Toyota C-HR Grade-4 2018,Toyota,C-HR,Automatic,"Hybrid, Octane",3220000,2018,1800.0,42518,8,5314.75,0.8884228187919463,0.027181208053691275,Medium
Toyota Corolla Axio Grade-4 2018,Toyota,Corolla,Automatic,"Hybrid, Octane",2150000,2018,1500.0,87451,8,10931.375,0.8884228187919463,0.04848993288590604,Low
Hyundai H1 New Shape 2015,Hyundai,H1,Automatic,"Petrol, Octane",1990000,2015,2400.0,64785,11,5889.545454545455,0.0028523489932885905,0.0005033557046979866,Low
Subaru Forester New Shape Octane 2019,Subaru,Forester,Automatic,"Petrol, Octane",3500000,2019,2000.0,56481,7,8068.714285714285,0.0003355704697986577,0.0003355704697986577,High
Toyota Hilux Diesel Pickup 4WD 2011,Toyota,Hilux,Manual,Diesel,2640000,2011,2500.0,69542,15,4636.133333333333,0.8884228187919463,0.0013422818791946308,Medium
Nissan X-Trail New Shape 4WD 2017,Nissan,X-Trail,Automatic,"Petrol, Octane",3890000,2017,2000.0,35421,9,3935.6666666666665,0.02365771812080537,0.015436241610738255,High
Toyota Allion  CNG Drive 2009,Toyota,Allion,Automatic,"Petrol, Octane",2000000,2009,1500.0,62548,17,3679.294117647059,0.8884228187919463,0.03120805369127517,Low
Toyota Land Cruiser Prado TX LTD 2013,Toyota,Land Cruiser,Automatic,"Petrol, Octane",7550000,2013,2700.0,67549,13,5196.076923076923,0.8884228187919463,0.008557046979865772,Luxury
Toyota Hilux Carryboy New Shape 2018,Toyota,Hilux,Manual,Diesel,5350000,2018,2400.0,75214,8,9401.75,0.8884228187919463,0.0013422818791946308,Luxury
Toyota Corolla Axio Push  Octane 2008,Toyota,Corolla,Automatic,"Petrol, Octane",1490000,2008,1500.0,58654,18,3258.5555555555557,0.8884228187919463,0.04848993288590604,Low
Toyota Premio FEX Power Seat 2014,Toyota,Premio,Automatic,"Petrol, Octane",2490000,2014,1500.0,62354,12,5196.166666666667,0.8884228187919463,0.05285234899328859,Medium
Mitsubishi Pajero V93 Rock Ford Sound 2006,Mitsubishi,Pajero,Automatic,"Petrol, Octane",3690000,2006,3000.0,81249,20,4062.45,0.012583892617449664,0.0041946308724832215,High
Toyota Land Cruiser Prado TX LTD 2012,Toyota,Land Cruiser,Automatic,"Petrol, Octane",7000000,2012,2700.0,59652,14,4260.857142857143,0.8884228187919463,0.008557046979865772,Luxury
Nissan X-Trail New Shape 4WD 2016,Nissan,X-Trail,Automatic,"Hybrid, Octane",2340000,2016,2000.0,63254,10,6325.4,0.02365771812080537,0.015436241610738255,Low
DFSK Glory 580 i AUTO 2021,DFSK,Glory 580,Automatic,"Petrol, Octane",2550000,2021,1500.0,13998,5,2799.6,0.0005033557046979866,0.00016778523489932885,Medium
Nissan X-Trail 2011 LPG,Nissan,X-Trail,Automatic,"Octane, LPG",1650000,2011,2000.0,87000,15,5800.0,0.02365771812080537,0.015436241610738255,Low
Mazda Axela 2012,Mazda,Axela,Automatic,"Petrol, Octane",1580000,2012,1500.0,54000,14,3857.1428571428573,0.0025167785234899327,0.001174496644295302,Low
Toyota Rush Semi Push 2016,Toyota,Rush,Automatic,Octane,1690000,2016,1500.0,54000,10,5400.0,0.8884228187919463,0.0025167785234899327,Low
Toyota C-HR G LED 2020,Toyota,C-HR,Automatic,"Hybrid, Octane",3350000,2020,1800.0,33860,6,5643.333333333333,0.8884228187919463,0.027181208053691275,Medium
Toyota Corolla Axio 2014,Toyota,Corolla,Automatic,"Petrol, Octane",1690000,2014,1500.0,97000,12,8083.333333333333,0.8884228187919463,0.04848993288590604,Low
Suzuki Fridger Van 2020,Suzuki,Other Model,Automatic,Petrol,1250000,2020,660.0,188000,6,31333.333333333332,0.002348993288590604,0.005369127516778523,Low
Toyota Allion A15 KEY start 2019,Toyota,Allion,Automatic,Petrol,3550000,2019,1500.0,47000,7,6714.285714285715,0.8884228187919463,0.03120805369127517,High
Toyota Probox GL 2011,Toyota,Probox,Automatic,"Octane, LPG",920000,2011,1500.0,170000,15,11333.333333333334,0.8884228187919463,0.00436241610738255,Low
Honda Civic Thai 2020,Honda,Civic,Automatic,Octane,3990000,2020,1500.0,6500,6,1083.3333333333333,0.0424496644295302,0.003355704697986577,High
Toyota Axio EX PKG 2020 DHAKA,Toyota,Axio,Automatic,Hybrid,2350000,2020,1500.0,100000,6,16666.666666666668,0.8884228187919463,0.10939597315436242,Medium
Mitsubishi Pajero v6-Full Fresh 2004,Mitsubishi,Pajero,Automatic,Octane,1970000,2004,3000.0,179496,22,8158.909090909091,0.012583892617449664,0.0041946308724832215,Low
Nissan Sunny EX Salon 2004,Nissan,Sunny,Automatic,"Octane, LPG",760000,2004,1500.0,72000,22,3272.7272727272725,0.02365771812080537,0.002181208053691275,Low
Toyota Crown Royal Extra 1997,Toyota,Crown,Automatic,Octane,1120000,1997,2000.0,64878,29,2237.1724137931033,0.8884228187919463,0.00587248322147651,Low
Toyota RAV4 Full Fresh 2000,Toyota,RAV4,Automatic,"Octane, LPG",995000,2000,2000.0,103000,26,3961.5384615384614,0.8884228187919463,0.009731543624161074,Low
Toyota Corolla 110 Full Fresh 1996,Toyota,Corolla,Automatic,"CNG, Octane",545000,1996,1500.0,171974,30,5732.466666666666,0.8884228187919463,0.04848993288590604,Low
Toyota Axio Lookgel G 2012,Toyota,Axio,Automatic,"Octane, LPG",1650000,2012,1500.0,82000,14,5857.142857142857,0.8884228187919463,0.10939597315436242,Low
Toyota Axio . 2011,Toyota,Axio,Automatic,"CNG, Octane",1560000,2011,1500.0,89000,15,5933.333333333333,0.8884228187919463,0.10939597315436242,Low
Toyota Noah X Hybrid Silver 2020,Toyota,Noah,Automatic,"Hybrid, Octane",2900000,2020,1800.0,70524,6,11754.0,0.8884228187919463,0.10671140939597315,Medium
Toyota C-HR hybrid 2020,Toyota,C-HR,Automatic,"Petrol, Hybrid, Octane",3050000,2020,1800.0,54786,6,9131.0,0.8884228187919463,0.027181208053691275,Medium
Toyota Corolla EE-111 1996,Toyota,Corolla,Automatic,"CNG, Octane",520000,1996,1331.0,35000,30,1166.6666666666667,0.8884228187919463,0.04848993288590604,Low
"Proton Saga , 2005",Proton,Saga,Automatic,"CNG, Octane",685000,2005,1300.0,87000,21,4142.857142857143,0.0016778523489932886,0.0005033557046979866,Low
Toyota Esquire GI PREMIUM 2020,Toyota,Esquire,Automatic,"Hybrid, Octane",3850000,2020,1800.0,70000,6,11666.666666666666,0.8884228187919463,0.05855704697986577,High
Toyota Corolla hybrid 2020,Toyota,Corolla,Automatic,"Petrol, Hybrid, Octane",2350000,2020,1800.0,56328,6,9388.0,0.8884228187919463,0.04848993288590604,Medium
Haval H2 lag 60 Sunroof 2020,Haval,H2,Automatic,"Octane, LPG",1050000,2020,2300.0,68535,6,11422.5,0.001174496644295302,0.0006711409395973154,Low
Toyota Allion G-Edition 2008,Toyota,Allion,Automatic,"CNG, Octane",1980000,2008,1500.0,87500,18,4861.111111111111,0.8884228187919463,0.03120805369127517,Low
Toyota Noah X-Limited 2004,Toyota,Noah,Automatic,"Octane, LPG",1320000,2004,2000.0,89500,22,4068.181818181818,0.8884228187919463,0.10671140939597315,Low
Toyota Corolla 110 SE-SALOON 2000,Toyota,Corolla,Automatic,"CNG, Octane",780000,2000,1500.0,91500,26,3519.230769230769,0.8884228187919463,0.04848993288590604,Low
Toyota Axio G Push 2014,Toyota,Axio,Automatic,Octane,1800000,2014,1500.0,70000,12,5833.333333333333,0.8884228187919463,0.10939597315436242,Low
Toyota Hiace SUPER GL DARKPRIME 2 2021,Toyota,Hiace,Automatic,Octane,4350000,2021,2000.0,102000,5,20400.0,0.8884228187919463,0.09429530201342282,High
Toyota Hiace SUPER GL 2016,Toyota,Hiace,Automatic,"Octane, LPG",3280000,2016,2000.0,87645,10,8764.5,0.8884228187919463,0.09429530201342282,Medium
Toyota Starlet REFLET 1998,Toyota,Starlet,Automatic,Octane,560000,1998,1331.0,91500,28,3267.8571428571427,0.8884228187919463,0.0050335570469798654,Low
Toyota Wagon 100 Dx 2001,Toyota,Wagon 100,Automatic,"CNG, Octane",420000,2001,1331.0,92500,25,3700.0,0.8884228187919463,0.0008389261744966443,Low
Toyota Corolla X 2005,Toyota,Corolla,Automatic,"CNG, Octane",1280000,2005,1500.0,92500,21,4404.761904761905,0.8884228187919463,0.04848993288590604,Low
Mitsubishi Outlandar SunRoof 7 Sit Octane 2017,Mitsubishi,Outlandar,Automatic,Octane,3630000,2017,2000.0,52000,9,5777.777777777777,0.012583892617449664,0.0016778523489932886,High
Toyota Vitz 2013,Toyota,Vitz,Automatic,Octane,1345000,2018,1330.0,54555,8,6819.375,0.8884228187919463,0.0041946308724832215,Low
Toyota Yaris Cross Z PACKAGE 4.5 2021,Toyota,Yaris Cross,Automatic,"Hybrid, Octane",3400000,2021,1500.0,46000,5,9200.0,0.8884228187919463,0.02097315436241611,High
Toyota Hiace GL 2016,Toyota,Hiace,Automatic,"CNG, Octane",2480000,2016,2000.0,98764,10,9876.4,0.8884228187919463,0.09429530201342282,Medium
Toyota Noah X 2010,Toyota,Noah,Automatic,"CNG, Octane",1895000,2010,2000.0,141138,16,8821.125,0.8884228187919463,0.10671140939597315,Low
Toyota C-HR G LED PEARL 2020,Toyota,C-HR,Automatic,Hybrid,3390000,2020,1800.0,29000,6,4833.333333333333,0.8884228187919463,0.027181208053691275,High
Toyota Esquire GI PREMIUM BLACK 2020,Toyota,Esquire,Automatic,Hybrid,3710000,2020,1800.0,65000,6,10833.333333333334,0.8884228187919463,0.05855704697986577,High
Toyota Yaris Cross G LED WINE 2020,Toyota,Yaris Cross,Automatic,Hybrid,3220000,2020,1500.0,41000,6,6833.333333333333,0.8884228187919463,0.02097315436241611,Medium
Toyota Noah x 2004,Toyota,Noah,Automatic,"CNG, Octane",950000,2004,2000.0,87000,22,3954.5454545454545,0.8884228187919463,0.10671140939597315,Low
Toyota Axio aa. aoaa 2011,Toyota,Axio,Automatic,"CNG, Octane",1590000,2011,1500.0,84000,15,5600.0,0.8884228187919463,0.10939597315436242,Low
Toyota Corolla X 2004,Toyota,Corolla,Automatic,CNG,1035000,2004,1500.0,82000,22,3727.2727272727275,0.8884228187919463,0.04848993288590604,Low
Nissan X-Trail 2004,Nissan,X-Trail,Automatic,Octane,1075000,2004,2000.0,72000,22,3272.7272727272725,0.02365771812080537,0.015436241610738255,Low
Toyota Corona Premio Octane Drive- 1999,Toyota,Corona,Automatic,Octane,780000,1999,1600.0,85100,27,3151.8518518518517,0.8884228187919463,0.0006711409395973154,Low
Toyota Hiace GL 2012,Toyota,Hiace,Automatic,"Octane, LPG",1894999,2012,2000.0,72000,14,5142.857142857143,0.8884228187919463,0.09429530201342282,Low
Toyota Hiace SUPER GL 2013,Toyota,Hiace,Automatic,"CNG, Octane",2680000,2013,2000.0,106000,13,8153.846153846154,0.8884228187919463,0.09429530201342282,Medium
Toyota Corolla 110 All AUTO 1995,Toyota,Corolla,Automatic,"CNG, Octane",650000,1995,1500.0,97572,31,3147.483870967742,0.8884228187919463,0.04848993288590604,Low
Toyota Corolla fresh 2003,Toyota,Corolla,Automatic,"CNG, Octane",799999,2003,1300.0,80000,23,3478.2608695652175,0.8884228187919463,0.04848993288590604,Low
Toyota ist All Auto Octane 2008,Toyota,ist,Automatic,Octane,1450000,2008,1500.0,91476,18,5082.0,0.8884228187919463,0.002181208053691275,Low
Hyundai Tucson SEL Premium package 2022,Hyundai,Tucson,Automatic,"Hybrid, Octane",4310000,2022,1600.0,49385,4,12346.25,0.0028523489932885905,0.0005033557046979866,High
Mitsubishi Outlandar 7 seater 2010,Mitsubishi,Outlandar,Automatic,"Octane, LPG",1700000,2010,1935.0,134439,16,8402.4375,0.012583892617449664,0.0016778523489932886,Low
Toyota Corolla X Full Fresh 2004,Toyota,Corolla,Automatic,"CNG, Octane",1320000,2004,1500.0,70485,22,3203.8636363636365,0.8884228187919463,0.04848993288590604,Low
Toyota Axio 2006 2007,Toyota,Axio,Automatic,"Petrol, Octane",1140000,2007,1500.0,85000,19,4473.684210526316,0.8884228187919463,0.10939597315436242,Low
Toyota Hiace a.aaoaaaa2 a.aa2aa a-aaoa 2015,Toyota,Hiace,Automatic,Octane,3150000,2015,2000.0,83842,11,7622.0,0.8884228187919463,0.09429530201342282,Medium
Toyota Voxy G Push 2018,Toyota,Voxy,Automatic,"Hybrid, Octane, LPG",2530000,2018,1800.0,64000,8,8000.0,0.8884228187919463,0.027348993288590605,Medium
Toyota Sienta 7 sit 2013,Toyota,Sienta,Automatic,"Octane, LPG",1390000,2013,1500.0,68000,13,5230.7692307692305,0.8884228187919463,0.009228187919463088,Low
Toyota Hiace Super GL Dark Prime 2022,Toyota,Hiace,Automatic,Petrol,4560000,2022,2000.0,36100,4,9025.0,0.8884228187919463,0.09429530201342282,Luxury
Toyota Fielder EX PUSH START 2020,Toyota,Fielder,Automatic,Hybrid,2140000,2020,1500.0,97609,6,16268.166666666666,0.8884228187919463,0.057885906040268456,Low
Toyota Hiace GL 2016 2011,Toyota,Hiace,Automatic,"CNG, Octane",1990000,2011,2000.0,97604,15,6506.933333333333,0.8884228187919463,0.09429530201342282,Low
Toyota Noah PUSH POWER DOORS 2020,Toyota,Noah,Automatic,Hybrid,3350000,2020,1800.0,94205,6,15700.833333333334,0.8884228187919463,0.10671140939597315,Medium
Toyota Probox Full Fresh 2004,Toyota,Probox,Automatic,Octane,780000,2004,1300.0,87563,22,3980.1363636363635,0.8884228187919463,0.00436241610738255,Low
Toyota Axio X PACKAGE 2019,Toyota,Axio,Automatic,Hybrid,2380000,2019,1500.0,51236,7,7319.428571428572,0.8884228187919463,0.10939597315436242,Medium
Toyota Prius 2017,Toyota,Prius,Automatic,Hybrid,24000000,2017,1800.0,52000,9,5777.777777777777,0.8884228187919463,0.029865771812080538,Luxury
Toyota Axio EX PUSH START 2020,Toyota,Axio,Automatic,Hybrid,2450000,2020,1500.0,43224,6,7204.0,0.8884228187919463,0.10939597315436242,Medium
Toyota Aqua G 2016,Toyota,Aqua,Automatic,"Hybrid, Octane",1360000,2016,1500.0,64000,10,6400.0,0.8884228187919463,0.015771812080536914,Low
Toyota Axio Ex Hybrid 2022,Toyota,Axio,Automatic,"Hybrid, Octane",2650000,2022,1500.0,57489,4,14372.25,0.8884228187919463,0.10939597315436242,Medium
Toyota Allion . 2010,Toyota,Allion,Automatic,"CNG, Octane",2000000,2010,1500.0,88000,16,5500.0,0.8884228187919463,0.03120805369127517,Low
Toyota Corolla X LTD 2005,Toyota,Corolla,Automatic,"CNG, Octane",1370000,2005,1500.0,76358,21,3636.095238095238,0.8884228187919463,0.04848993288590604,Low
Toyota Aqua Octane 2013,Toyota,Aqua,Automatic,"Octane, LPG",1090000,2013,1500.0,112000,13,8615.384615384615,0.8884228187919463,0.015771812080536914,Low
Toyota Prius A Package 2021,Toyota,Prius,Automatic,"Hybrid, Octane",3350000,2021,1800.0,23440,5,4688.0,0.8884228187919463,0.029865771812080538,Medium
Toyota Fielder X 2004,Toyota,Fielder,Automatic,"Octane, LPG",1330000,2004,1500.0,69354,22,3152.4545454545455,0.8884228187919463,0.057885906040268456,Low
Toyota Noah X limited 2003,Toyota,Noah,Automatic,"CNG, Octane",1500000,2003,2000.0,150000,23,6521.739130434783,0.8884228187919463,0.10671140939597315,Low
Toyota Allion 2011,Toyota,Allion,Automatic,Octane,2280000,2016,1500.0,69,10,6.9,0.8884228187919463,0.03120805369127517,Low
Honda CR-V octane drive 2007,Honda,CR-V,Automatic,Octane,980000,2007,2400.0,78543,19,4133.8421052631575,0.0424496644295302,0.011241610738255034,Low
Toyota Corolla . 2004,Toyota,Corolla,Automatic,"CNG, Octane",1190000,2004,1500.0,84000,22,3818.181818181818,0.8884228187919463,0.04848993288590604,Low
Honda CR-V . 2003,Honda,CR-V,Automatic,"Octane, LPG",1180000,2003,2000.0,89000,23,3869.5652173913045,0.0424496644295302,0.011241610738255034,Low
Toyota Noah SI 2 Door PWR 2011,Toyota,Noah,Automatic,"CNG, Octane",2350000,2011,2000.0,69214,15,4614.266666666666,0.8884228187919463,0.10671140939597315,Medium
Toyota Esquire 2020,Toyota,Esquire,Automatic,Octane,4180000,2020,2000.0,63000,6,10500.0,0.8884228187919463,0.05855704697986577,High
Nissan Tiida Latio 2005,Nissan,Tiida,Automatic,"Octane, LPG",980000,2005,1500.0,85000,21,4047.6190476190477,0.02365771812080537,0.0003355704697986577,Low
Toyota Corolla Cross Z LTH Moonroof 360 2021,Toyota,Corolla Cross,Automatic,"Petrol, Hybrid, Octane",4750000,2021,1800.0,42150,5,8430.0,0.8884228187919463,0.07097315436241611,Luxury
Toyota C-HR G-LED 2017,Toyota,C-HR,Automatic,"Hybrid, Octane",2290000,2017,1800.0,66541,9,7393.444444444444,0.8884228187919463,0.027181208053691275,Low
Toyota Esquire XI NON HYBRID PUSH 2020,Toyota,Esquire,Automatic,Octane,4000000,2020,2000.0,132123,6,22020.5,0.8884228187919463,0.05855704697986577,High
Toyota Fielder Ex HYBRID 2020,Toyota,Fielder,Automatic,Hybrid,2270000,2020,1500.0,103000,6,17166.666666666668,0.8884228187919463,0.057885906040268456,Low
Mitsubishi Pajero 2002,Mitsubishi,Pajero,Automatic,"Octane, LPG",1370000,2006,2970.0,122000,20,6100.0,0.012583892617449664,0.0041946308724832215,Low
Toyota Harrier Z Leather Hybrid 2020,Toyota,Harrier,Automatic,Hybrid,6800000,2020,2500.0,25300,6,4216.666666666667,0.8884228187919463,0.03976510067114094,Luxury
Toyota Premio G Only Octane 2016,Toyota,Premio,Automatic,Octane,2950000,2016,1500.0,51225,10,5122.5,0.8884228187919463,0.05285234899328859,Medium
Toyota Corolla new shape 2004,Toyota,Corolla,Automatic,"Petrol, CNG, Octane",1190000,2004,1500.0,100000,22,4545.454545454545,0.8884228187919463,0.04848993288590604,Low
Kia Sportage 2011,Kia,Sportage,Automatic,Octane,1480000,2011,2000.0,34000,15,2266.6666666666665,0.0008389261744966443,0.0003355704697986577,Low
Nissan Sunny 2007,Nissan,Sunny,Automatic,Octane,750000,2007,1597.0,110000,19,5789.473684210527,0.02365771812080537,0.002181208053691275,Low
Toyota Hiace super GL push 2015,Toyota,Hiace,Automatic,Octane,3150000,2015,2000.0,78468,11,7133.454545454545,0.8884228187919463,0.09429530201342282,Medium
Toyota Dyna Freezer Van 2004,Toyota,Dyna,Manual,Diesel,1130000,2004,2400.0,123000,22,5590.909090909091,0.8884228187919463,0.00016778523489932885,Low
Toyota Hilux 2006,Toyota,Hilux,Automatic,Octane,2490000,2009,2697.0,85000,17,5000.0,0.8884228187919463,0.0013422818791946308,Medium
Toyota Hiace Super GL Key 2020,Toyota,Hiace,Automatic,Petrol,3950000,2020,2000.0,70000,6,11666.666666666666,0.8884228187919463,0.09429530201342282,High
Suzuki Ertiga 2019 7SEATER,Suzuki,Ertiga,Automatic,Octane,1790000,2019,1500.0,58758,7,8394.0,0.002348993288590604,0.0003355704697986577,Low
Toyota Noah 2003,Toyota,Noah,Automatic,"CNG, Octane",1280000,2007,2000.0,200000,19,10526.315789473685,0.8884228187919463,0.10671140939597315,Low
Toyota Noah Si 2012,Toyota,Noah,Automatic,"CNG, Octane",2400000,2012,2000.0,72346,14,5167.571428571428,0.8884228187919463,0.10671140939597315,Medium
Toyota Esquire Gi Premium 2016,Toyota,Esquire,Automatic,Octane,3220000,2016,2000.0,73422,10,7342.2,0.8884228187919463,0.05855704697986577,Medium
Toyota 110 Original 1500cc 1997,Toyota,Other Model,Automatic,"CNG, Octane",730000,1997,1500.0,115000,29,3965.5172413793102,0.8884228187919463,0.005369127516778523,Low
Toyota Fielder WXB 2013,Toyota,Fielder,Automatic,Hybrid,1580000,2013,1500.0,68209,13,5246.846153846154,0.8884228187919463,0.057885906040268456,Low
Toyota Axio 2008 limited edition,Toyota,Axio,Automatic,"CNG, Octane",1390000,2008,1500.0,90000,18,5000.0,0.8884228187919463,0.10939597315436242,Low
Toyota Camry XLE 2019,Toyota,Camry,Automatic,Octane,5790000,2019,2500.0,24000,7,3428.5714285714284,0.8884228187919463,0.0005033557046979866,Luxury
Toyota Hiace GL LED DUAL AC BLACK 2020,Toyota,Hiace,Automatic,Octane,3650000,2020,2000.0,74300,6,12383.333333333334,0.8884228187919463,0.09429530201342282,High
Toyota Allion A15 2014,Toyota,Allion,Automatic,"Petrol, Octane",2230000,2014,1500.0,90000,12,7500.0,0.8884228187919463,0.03120805369127517,Low
Toyota Prado TX 2011,Toyota,Prado,Automatic,Octane,6800000,2011,2700.0,55421,15,3694.733333333333,0.8884228187919463,0.013926174496644295,Luxury
Toyota Axio 2014 reg 2019,Toyota,Axio,Automatic,"CNG, Octane",1690000,2014,1500.0,75000,12,6250.0,0.8884228187919463,0.10939597315436242,Low
Toyota RAV4 2006,Toyota,RAV4,Automatic,"Octane, LPG",1550000,2009,2369.0,169000,17,9941.176470588236,0.8884228187919463,0.009731543624161074,Low
Toyota Corsa All Original 1996,Toyota,Corsa,Automatic,"CNG, Octane",525000,1996,1331.0,115000,30,3833.3333333333335,0.8884228187919463,0.0005033557046979866,Low
Toyota Corsa Excellent Condition 1997,Toyota,Corsa,Automatic,"CNG, Octane",525000,1997,1331.0,99000,29,3413.793103448276,0.8884228187919463,0.0005033557046979866,Low
Toyota Axio 2011,Toyota,Axio,Automatic,"Octane, LPG",1600000,2017,1500.0,84321,9,9369.0,0.8884228187919463,0.10939597315436242,Low
Toyota Axio G Octane Use Only 2013,Toyota,Axio,Automatic,Octane,1820000,2013,1500.0,61000,13,4692.307692307692,0.8884228187919463,0.10939597315436242,Low
Toyota Corolla X Full Fresh 2005,Toyota,Corolla,Automatic,"CNG, Octane",1380000,2005,1500.0,72229,21,3439.4761904761904,0.8884228187919463,0.04848993288590604,Low
Nissan X-Trail Full package 2015,Nissan,X-Trail,Automatic,Octane,3475000,2015,2000.0,89961,11,8178.272727272727,0.02365771812080537,0.015436241610738255,High
Toyota Hilux surf 2004,Toyota,Hilux,Automatic,Octane,1830000,2004,2700.0,86500,22,3931.818181818182,0.8884228187919463,0.0013422818791946308,Low
Toyota Hiace SUPER GL DARK PRI-2 2020,Toyota,Hiace,Automatic,"Petrol, Octane",4300000,2020,2000.0,62000,6,10333.333333333334,0.8884228187919463,0.09429530201342282,High
Toyota Allion G Push Start 2010,Toyota,Allion,Automatic,Octane,1870000,2010,1500.0,70000,16,4375.0,0.8884228187919463,0.03120805369127517,Low
Toyota Axio super fresh 2018,Toyota,Axio,Automatic,"Octane, LPG",2375000,2018,1500.0,61000,8,7625.0,0.8884228187919463,0.10939597315436242,Medium
Toyota Corona My Road 1992,Toyota,Corona,Automatic,"CNG, Octane",290000,1992,1500.0,120000,34,3529.4117647058824,0.8884228187919463,0.0006711409395973154,Low
Toyota Hiace SUPER GL DARK PRIME 2021,Toyota,Hiace,Automatic,"Petrol, Octane",4400000,2021,2000.0,88500,5,17700.0,0.8884228187919463,0.09429530201342282,High
Honda Insight Ex Pearl 2020,Honda,Insight,Automatic,Hybrid,3970000,2020,1500.0,42163,6,7027.166666666667,0.0424496644295302,0.015100671140939598,High
Honda Insight Ex 2020,Honda,Insight,Automatic,Hybrid,3990000,2020,1500.0,40460,6,6743.333333333333,0.0424496644295302,0.015100671140939598,High
Toyota C-HR G Led 2020,Toyota,C-HR,Automatic,Hybrid,3590000,2020,1800.0,39000,6,6500.0,0.8884228187919463,0.027181208053691275,High
Toyota Corolla Cross -- --z-s 2024,Toyota,Corolla Cross,Automatic,Hybrid,5650000,2024,1800.0,300,2,150.0,0.8884228187919463,0.07097315436241611,Luxury
Toyota Prado TXL 2021,Toyota,Prado,Automatic,"Petrol, Octane",15900000,2021,2700.0,6049,5,1209.8,0.8884228187919463,0.013926174496644295,Luxury
Toyota Premio Fex 2020,Toyota,Premio,Automatic,Octane,4300000,2020,1500.0,58000,6,9666.666666666666,0.8884228187919463,0.05285234899328859,High
Toyota Yaris Cross Z 2020,Toyota,Yaris Cross,Automatic,Petrol,3550000,2020,1500.0,38000,6,6333.333333333333,0.8884228187919463,0.02097315436241611,High
Toyota Premio Fex Red wine 2020,Toyota,Premio,Automatic,"Petrol, Octane",4340000,2020,1500.0,21000,6,3500.0,0.8884228187919463,0.05285234899328859,High
Toyota Voxy S-G 2022,Toyota,Voxy,Automatic,Hybrid,4400000,2022,1800.0,34000,4,8500.0,0.8884228187919463,0.027348993288590605,High
Toyota Noah Si Wxb 2019,Toyota,Noah,Automatic,Hybrid,3450000,2019,1800.0,54000,7,7714.285714285715,0.8884228187919463,0.10671140939597315,High
Toyota Voxy SZ 2022,Toyota,Voxy,Automatic,Hybrid,5200000,2022,1800.0,9000,4,2250.0,0.8884228187919463,0.027348993288590605,Luxury
Nissan X-Trail 2011,Nissan,X-Trail,Automatic,"Octane, LPG",1670000,2017,2000.0,68000,9,7555.555555555556,0.02365771812080537,0.015436241610738255,Low
Mazda Axela super fresh 2011,Mazda,Axela,Automatic,Octane,1450000,2011,1500.0,66000,15,4400.0,0.0025167785234899327,0.001174496644295302,Low
Toyota Premio Octne Drive Japan 2005,Toyota,Premio,Automatic,Octane,1580000,2005,1500.0,78000,21,3714.285714285714,0.8884228187919463,0.05285234899328859,Low
Mitsubishi X-Pander 7 Seat 2021,Mitsubishi,X-Pander,Automatic,Octane,2990000,2021,1500.0,20000,5,4000.0,0.012583892617449664,0.0015100671140939597,Medium
Mitsubishi Outlandar Sunroof 2021,Mitsubishi,Outlandar,Automatic,Octane,4650000,2021,2000.0,22000,5,4400.0,0.012583892617449664,0.0016778523489932886,Luxury
Toyota Axio G 2018,Toyota,Axio,Automatic,Octane,2190000,2018,1500.0,61375,8,7671.875,0.8884228187919463,0.10939597315436242,Low
Mitsubishi Pajero 2006,Mitsubishi,Pajero,Automatic,Octane,3290000,2009,3000.0,126000,17,7411.764705882353,0.012583892617449664,0.0041946308724832215,Medium
Toyota Fielder Non Hybrid EX 4 AP 2020,Toyota,Fielder,Automatic,"Petrol, Octane",2850000,2020,1500.0,100000,6,16666.666666666668,0.8884228187919463,0.057885906040268456,Medium
Toyota Allion A-15 White Pearl 2004,Toyota,Allion,Automatic,"CNG, Octane",1450000,2004,1500.0,76000,22,3454.5454545454545,0.8884228187919463,0.03120805369127517,Low
Toyota C-HR G-MODE NERO 2 TON 2020,Toyota,C-HR,Automatic,"Petrol, Hybrid, Octane",3400000,2020,1800.0,56000,6,9333.333333333334,0.8884228187919463,0.027181208053691275,High
Toyota Hiace super GL 2012,Toyota,Hiace,Automatic,"CNG, Octane",2490000,2012,2000.0,127540,14,9110.0,0.8884228187919463,0.09429530201342282,Medium
"Toyota Noah X, None Hybrid 2022",Toyota,Noah,Automatic,Octane,4890000,2022,2000.0,70000,4,17500.0,0.8884228187919463,0.10671140939597315,Luxury
Toyota Hiace GL 2013,Toyota,Hiace,Automatic,"Octane, LPG",2200000,2013,2000.0,97384,13,7491.076923076923,0.8884228187919463,0.09429530201342282,Low
Toyota Hiace SUPER GL 2011,Toyota,Hiace,Automatic,"CNG, Octane",2450000,2011,2000.0,87545,15,5836.333333333333,0.8884228187919463,0.09429530201342282,Medium
Toyota Noah Si 2010,Toyota,Noah,Automatic,Octane,2130000,2010,2000.0,72170,16,4510.625,0.8884228187919463,0.10671140939597315,Low
Toyota Hiace GLDual AC Ready 2020,Toyota,Hiace,Automatic,Octane,3520000,2020,2000.0,36985,6,6164.166666666667,0.8884228187919463,0.09429530201342282,High
Toyota Corolla G Super condition 2000,Toyota,Corolla,Automatic,"Octane, LPG",990000,2000,1500.0,87000,26,3346.153846153846,0.8884228187919463,0.04848993288590604,Low
Toyota Axio 2020 EX,Toyota,Axio,Automatic,Hybrid,2350000,2020,1500.0,56000,6,9333.333333333334,0.8884228187919463,0.10939597315436242,Medium
Toyota Noah X 2002,Toyota,Noah,Automatic,"CNG, Octane",1055000,2002,2000.0,99500,24,4145.833333333333,0.8884228187919463,0.10671140939597315,Low
Toyota Axio G 2008,Toyota,Axio,Automatic,"CNG, Octane",1280000,2008,1500.0,99800,18,5544.444444444444,0.8884228187919463,0.10939597315436242,Low
Toyota Noah X SMART NON HYBRID 2021,Toyota,Noah,Automatic,Octane,3690000,2021,2000.0,77000,5,15400.0,0.8884228187919463,0.10671140939597315,High
Toyota RAV4 G Z Package 2020,Toyota,RAV4,Automatic,"Petrol, Octane",7500000,2020,2000.0,33800,6,5633.333333333333,0.8884228187919463,0.009731543624161074,Luxury
Toyota Corolla Cross Z-LEATHER PKG G-4.5 2021,Toyota,Corolla Cross,Automatic,Hybrid,4600000,2021,1800.0,17000,5,3400.0,0.8884228187919463,0.07097315436241611,Luxury
Toyota Aygo Axio 2014,Toyota,Aygo,Automatic,Octane,1845000,2014,1500.0,72143,12,6011.916666666667,0.8884228187919463,0.00016778523489932885,Low
Toyota Hiace Touring 2001,Toyota,Hiace,Automatic,"CNG, Octane",850000,2001,2000.0,145000,25,5800.0,0.8884228187919463,0.09429530201342282,Low
Toyota Axio Fielder 2014,Toyota,Axio,Automatic,"CNG, Octane",1950000,2014,1500.0,59000,12,4916.666666666667,0.8884228187919463,0.10939597315436242,Low
MG ZS Blue 2019,MG,ZS,Automatic,Octane,2180000,2019,1500.0,39450,7,5635.714285714285,0.001174496644295302,0.0005033557046979866,Low
Toyota Axio G Hybrid 2013,Toyota,Axio,Automatic,"Hybrid, Octane",1410000,2013,1500.0,54619,13,4201.461538461538,0.8884228187919463,0.10939597315436242,Low
Toyota Noah X New Shape 2003,Toyota,Noah,Automatic,"CNG, Octane",1280000,2003,2000.0,85100,23,3700.0,0.8884228187919463,0.10671140939597315,Low
Toyota Premio F EX Package Octane 2020,Toyota,Premio,Automatic,Octane,3950000,2020,1500.0,33721,6,5620.166666666667,0.8884228187919463,0.05285234899328859,High
Nissan Tiida Latio With LPG 2005,Nissan,Tiida,Automatic,Octane,980000,2005,1500.0,85100,21,4052.3809523809523,0.02365771812080537,0.0003355704697986577,Low
Toyota Harrier Z Leather non hybrid 2020,Toyota,Harrier,Automatic,Octane,8050000,2020,2000.0,7000,6,1166.6666666666667,0.8884228187919463,0.03976510067114094,Luxury
Honda Civic EK3 1997,Honda,Civic,Automatic,Octane,590000,1997,1500.0,120000,29,4137.931034482759,0.0424496644295302,0.003355704697986577,Low
Toyota Axio G Push-Octane Use 2013,Toyota,Axio,Automatic,Octane,1815000,2013,1500.0,62000,13,4769.2307692307695,0.8884228187919463,0.10939597315436242,Low
Honda CR-V Petrol EX Mas. Pearl 2020,Honda,CR-V,Automatic,Petrol,6220000,2020,1500.0,44000,6,7333.333333333333,0.0424496644295302,0.011241610738255034,Luxury
Toyota Esquire GI PREMIUM HYBRID 2020,Toyota,Esquire,Automatic,"Petrol, Hybrid, Octane",3820000,2020,1800.0,41000,6,6833.333333333333,0.8884228187919463,0.05855704697986577,High
Toyota Premio G Octane Deven Idle 2016,Toyota,Premio,Automatic,Octane,2940000,2016,1500.0,51200,10,5120.0,0.8884228187919463,0.05285234899328859,Medium
Mitsubishi Lancer Ex Super Fresh 2010,Mitsubishi,Lancer,Automatic,Octane,1470000,2010,1500.0,66100,16,4131.25,0.012583892617449664,0.002181208053691275,Low
Nissan X-Trail 2010,Nissan,X-Trail,Automatic,Octane,1800000,2016,2000.0,100000,10,10000.0,0.02365771812080537,0.015436241610738255,Low
Toyota Succeed . 2004,Toyota,Succeed,Automatic,"CNG, Octane",770000,2004,1500.0,83000,22,3772.7272727272725,0.8884228187919463,0.0003355704697986577,Low
Toyota Raum . 2005,Toyota,Raum,Automatic,"Octane, LPG",1130000,2005,1500.0,90000,21,4285.714285714285,0.8884228187919463,0.0015100671140939597,Low
Toyota Fielder WXB Hybrid 2013,Toyota,Fielder,Automatic,"Hybrid, Octane",1450000,2013,1500.0,236100,13,18161.53846153846,0.8884228187919463,0.057885906040268456,Low
Toyota Avanza G 7 Seater 2010,Toyota,Avanza,Automatic,Octane,1350000,2010,1500.0,73000,16,4562.5,0.8884228187919463,0.0015100671140939597,Low
Toyota Noah Liteace GL 2011,Toyota,Noah,Automatic,"CNG, Octane",780000,2011,1500.0,78000,15,5200.0,0.8884228187919463,0.10671140939597315,Low
Toyota Noah X SMART BLACK 2021,Toyota,Noah,Automatic,Octane,3780000,2021,2000.0,65000,5,13000.0,0.8884228187919463,0.10671140939597315,High
Toyota Aqua S pkg 2017,Toyota,Aqua,Automatic,"Hybrid, Octane",1450000,2017,1500.0,70000,9,7777.777777777777,0.8884228187919463,0.015771812080536914,Low
Toyota Corolla X 2004,Toyota,Corolla,Automatic,"CNG, Octane",1050000,2004,1500.0,123000,22,5590.909090909091,0.8884228187919463,0.04848993288590604,Low
Toyota Fielder Axio Ex 3.5 2020,Toyota,Fielder,Automatic,Octane,2980000,2020,1500.0,74000,6,12333.333333333334,0.8884228187919463,0.057885906040268456,Medium
Toyota Passo G GRAD Octane Use 2011,Toyota,Passo,Automatic,Octane,1220000,2011,1320.0,67000,15,4466.666666666667,0.8884228187919463,0.0038590604026845637,Low
Toyota Fielder EX PUSH 38000 km 2020,Toyota,Fielder,Automatic,"Petrol, Octane",2890000,2020,1500.0,38000,6,6333.333333333333,0.8884228187919463,0.057885906040268456,Medium
Mitsubishi Lancer Sunroof 2012,Mitsubishi,Lancer,Automatic,Octane,1890000,2012,1500.0,48000,14,3428.5714285714284,0.012583892617449664,0.002181208053691275,Low
Toyota Allion A15 2014,Toyota,Allion,Automatic,"CNG, Octane",2370000,2014,1500.0,86000,12,7166.666666666667,0.8884228187919463,0.03120805369127517,Medium
Toyota Corolla 2004,Toyota,Corolla,Automatic,"Octane, LPG",1130000,2004,1500.0,100000,22,4545.454545454545,0.8884228187919463,0.04848993288590604,Low
Toyota Allion G Push Start 2007,Toyota,Allion,Automatic,Octane,1730000,2007,1500.0,900000,19,47368.42105263158,0.8884228187919463,0.03120805369127517,Low
Toyota Axio X Hybrid 3.5 2019,Toyota,Axio,Automatic,"Hybrid, Octane",2320000,2019,1500.0,74000,7,10571.42857142857,0.8884228187919463,0.10939597315436242,Low
Toyota Fielder X Fresh Unit 2005,Toyota,Fielder,Automatic,"CNG, Octane",1280000,2005,1500.0,76000,21,3619.0476190476193,0.8884228187919463,0.057885906040268456,Low
Toyota Hiace GL 2021,Toyota,Hiace,Automatic,Octane,3650000,2021,2000.0,740000,5,148000.0,0.8884228187919463,0.09429530201342282,High
Toyota Noah 2011,Toyota,Noah,Automatic,"Octane, LPG",2198000,2017,2000.0,88000,9,9777.777777777777,0.8884228187919463,0.10671140939597315,Low
Toyota Premio FE-X 2018,Toyota,Premio,Automatic,"Octane, LPG",2560000,2018,1500.0,98000,8,12250.0,0.8884228187919463,0.05285234899328859,Medium
Toyota Vitz Octane Deven 2011,Toyota,Vitz,Automatic,Octane,1040000,2011,1000.0,66000,15,4400.0,0.8884228187919463,0.0041946308724832215,Low
Toyota Axio G 2015,Toyota,Axio,Automatic,"Hybrid, Octane",1680000,2015,1500.0,55209,11,5019.0,0.8884228187919463,0.10939597315436242,Low
Toyota Noah HV X BLACK 2020,Toyota,Noah,Automatic,Hybrid,3240000,2020,1800.0,55421,6,9236.833333333334,0.8884228187919463,0.10671140939597315,Medium
Toyota Noah G OCTANE BLACK 2021,Toyota,Noah,Automatic,Octane,3745000,2021,2000.0,91000,5,18200.0,0.8884228187919463,0.10671140939597315,High
Toyota Esquire Gi premium F 2018,Toyota,Esquire,Automatic,"Hybrid, Octane",3235000,2018,1800.0,47209,8,5901.125,0.8884228187919463,0.05855704697986577,Medium
Toyota Axio HYBRID SUPER FRESH 2015,Toyota,Axio,Automatic,"Hybrid, Octane",1650000,2015,1500.0,77000,11,7000.0,0.8884228187919463,0.10939597315436242,Low
Toyota Wagon 100 . 1998,Toyota,Wagon 100,Automatic,LPG,245000,1998,1331.0,140000,28,5000.0,0.8884228187919463,0.0008389261744966443,Low
Toyota Hiace SUPER GL PEARL 2017,Toyota,Hiace,Automatic,Petrol,3500000,2017,2000.0,77000,9,8555.555555555555,0.8884228187919463,0.09429530201342282,High
Toyota Axio EX HV WHITE 2020,Toyota,Axio,Automatic,Hybrid,2270000,2020,1500.0,48872,6,8145.333333333333,0.8884228187919463,0.10939597315436242,Low
Toyota Corolla G-X 2020,Toyota,Corolla,Automatic,"Hybrid, Octane",3100000,2020,1790.0,76700,6,12783.333333333334,0.8884228187919463,0.04848993288590604,Medium
Toyota Hiace SUPER GL KEY 2020,Toyota,Hiace,Automatic,Hybrid,3999999,2020,2000.0,130000,6,21666.666666666668,0.8884228187919463,0.09429530201342282,High
Toyota Corolla Fielder EX Package 2020,Toyota,Corolla,Automatic,Hybrid,2700000,2020,1500.0,34000,6,5666.666666666667,0.8884228187919463,0.04848993288590604,Medium
Toyota RAV4 Hybrid G Package 2020,Toyota,RAV4,Automatic,Hybrid,6800000,2020,2500.0,41000,6,6833.333333333333,0.8884228187919463,0.009731543624161074,Luxury
Honda Insight EX Black Style 2020,Honda,Insight,Automatic,Hybrid,4200000,2020,1500.0,33000,6,5500.0,0.0424496644295302,0.015100671140939598,High
Honda Fit EHEV HOME 2020,Honda,Fit,Automatic,Hybrid,2200000,2020,1500.0,35000,6,5833.333333333333,0.0424496644295302,0.0006711409395973154,Low
Honda CR-V Hybrid EX Master 2020,Honda,CR-V,Automatic,Hybrid,5970000,2020,2000.0,40000,6,6666.666666666667,0.0424496644295302,0.011241610738255034,Luxury
Toyota Axio EX PACKAGE HYBRID 2020,Toyota,Axio,Automatic,"Hybrid, Octane",2200000,2020,1500.0,101168,6,16861.333333333332,0.8884228187919463,0.10939597315436242,Low
Toyota Corolla Cross Z Black Full Option 2023,Toyota,Corolla Cross,Automatic,Hybrid,4950000,2023,1800.0,17000,3,5666.666666666667,0.8884228187919463,0.07097315436241611,Luxury
Toyota Premio FL PUSH PEARL 2021,Toyota,Premio,Automatic,"Petrol, Octane",4550000,2021,1500.0,52000,5,10400.0,0.8884228187919463,0.05285234899328859,Luxury
Toyota Prado Land Cruiser TX 2017,Toyota,Prado,Automatic,Octane,10900000,2017,2700.0,52292,9,5810.222222222223,0.8884228187919463,0.013926174496644295,Luxury
Toyota Axio EX 2020,Toyota,Axio,Automatic,"Hybrid, Octane",2370000,2020,1500.0,36560,6,6093.333333333333,0.8884228187919463,0.10939597315436242,Medium
Toyota Hiace GL DUAL AC READY 2020,Toyota,Hiace,Automatic,Octane,3200000,2020,2020.0,41782,6,6963.666666666667,0.8884228187919463,0.09429530201342282,Medium
Toyota Hiace SUPPER GL DHAKAREADY 2020,Toyota,Hiace,Automatic,Octane,3900000,2020,2000.0,51726,6,8621.0,0.8884228187919463,0.09429530201342282,High
Toyota Axio EX hybrid 2020,Toyota,Axio,Automatic,"Petrol, Hybrid, Octane",2100000,2020,1500.0,161000,6,26833.333333333332,0.8884228187919463,0.10939597315436242,Low
Toyota Hiace Ambulance Silver 5D 2020,Toyota,Hiace,Automatic,"Petrol, Octane",2900000,2020,2000.0,68000,6,11333.333333333334,0.8884228187919463,0.09429530201342282,Medium
Toyota Hiace Super GL Key Black 2020,Toyota,Hiace,Automatic,"Petrol, Octane",4000000,2020,2000.0,108000,6,18000.0,0.8884228187919463,0.09429530201342282,High
Toyota Harrier S-GRAY 2022,Toyota,Harrier,Automatic,"Petrol, Hybrid, Octane",8200000,2022,2000.0,74538,4,18634.5,0.8884228187919463,0.03976510067114094,Luxury
Toyota Vitz 2012,Toyota,Vitz,Automatic,Octane,1320000,2017,1000.0,67509,9,7501.0,0.8884228187919463,0.0041946308724832215,Low
Toyota Premio F 2010,Toyota,Premio,Automatic,"CNG, Octane",2195000,2010,1500.0,153000,16,9562.5,0.8884228187919463,0.05285234899328859,Low
Toyota Harrier PREMIUM SUNROOF 360 2020,Toyota,Harrier,Automatic,Octane,6550000,2020,2000.0,54321,6,9053.5,0.8884228187919463,0.03976510067114094,Luxury
Toyota Voxy Hybrid 2 Door power 2020,Toyota,Voxy,Automatic,Hybrid,3250000,2020,1800.0,69289,6,11548.166666666666,0.8884228187919463,0.027348993288590605,Medium
Toyota Vitz 2009,Toyota,Vitz,Automatic,Octane,830000,2016,1000.0,123000,10,12300.0,0.8884228187919463,0.0041946308724832215,Low
Toyota Aqua Cross over G 2020,Toyota,Aqua,Automatic,Hybrid,2150000,2020,1500.0,85000,6,14166.666666666666,0.8884228187919463,0.015771812080536914,Low
Toyota Axio G Push-Octane Use 2013,Toyota,Axio,Automatic,Octane,1845000,2013,1500.0,66000,13,5076.923076923077,0.8884228187919463,0.10939597315436242,Low
Honda Fit Pearl 2019,Honda,Fit,Automatic,Hybrid,2050000,2019,1500.0,38450,7,5492.857142857143,0.0424496644295302,0.0006711409395973154,Low
Toyota Noah Pearl hv 2019,Toyota,Noah,Automatic,"Hybrid, Octane",3280000,2019,2000.0,46285,7,6612.142857142857,0.8884228187919463,0.10671140939597315,Medium
Honda CR-V OctaneOriginalColor 2014,Honda,CR-V,Automatic,Octane,2750000,2014,2000.0,64380,12,5365.0,0.0424496644295302,0.011241610738255034,Medium
Toyota Axio G Super Fresh LPG 2014,Toyota,Axio,Automatic,"Octane, LPG",1830000,2014,1500.0,59800,12,4983.333333333333,0.8884228187919463,0.10939597315436242,Low
Hyundai Creta Standard 2023,Hyundai,Creta Standard,Automatic,Octane,2580000,2023,1500.0,28000,3,9333.333333333334,0.0028523489932885905,0.00016778523489932885,Medium
Toyota Yaris Cross Ready Stock 2021,Toyota,Yaris Cross,Automatic,Hybrid,3399999,2021,1500.0,48542,5,9708.4,0.8884228187919463,0.02097315436241611,High
Toyota Premio FG Superior 2015,Toyota,Premio,Automatic,Octane,2670000,2015,1500.0,63000,11,5727.272727272727,0.8884228187919463,0.05285234899328859,Medium
Toyota Etios all auto 2008,Toyota,Etios,Automatic,"Petrol, CNG, Octane",865000,2008,1300.0,95352,18,5297.333333333333,0.8884228187919463,0.00016778523489932885,Low
"Hyundai Sonata G Ltd,  Sun Roof 2011",Hyundai,Sonata,Automatic,Octane,1590000,2011,2000.0,56000,15,3733.3333333333335,0.0028523489932885905,0.0010067114093959733,Low
Nissan Bluebird Sylphy G.Ltd Octane 2006,Nissan,Bluebird,Automatic,Octane,1180000,2006,1500.0,62000,20,3100.0,0.02365771812080537,0.002181208053691275,Low
Toyota Corolla 2005,Toyota,Corolla,Automatic,"CNG, Octane",1330000,2005,1500.0,91208,21,4343.238095238095,0.8884228187919463,0.04848993288590604,Low
Toyota Harrier Z PACKAGE 2022,Toyota,Harrier,Automatic,Octane,9300000,2022,2000.0,14000,4,3500.0,0.8884228187919463,0.03976510067114094,Luxury
Mitsubishi Lancer 2011,Mitsubishi,Lancer,Automatic,"Octane, LPG",880000,2011,1300.0,247376,15,16491.733333333334,0.012583892617449664,0.002181208053691275,Low
Toyota Esquire Gi 2019,Toyota,Esquire,Automatic,Octane,3950000,2019,2000.0,44000,7,6285.714285714285,0.8884228187919463,0.05855704697986577,High
Toyota Vista 1996,Toyota,Vista,Automatic,"CNG, Octane",599000,2002,1800.0,110000,24,4583.333333333333,0.8884228187919463,0.0003355704697986577,Low
Toyota Starlet 1997,Toyota,Starlet,Automatic,"CNG, Octane",570000,2003,1331.0,97000,23,4217.391304347826,0.8884228187919463,0.0050335570469798654,Low
Toyota Axio X Hybrid 2019,Toyota,Axio,Automatic,"Hybrid, Octane",2300000,2019,1500.0,113000,7,16142.857142857143,0.8884228187919463,0.10939597315436242,Low
Toyota Corolla G-FAMILY USED CAR 2005,Toyota,Corolla,Automatic,"Octane, LPG",1380000,2005,1500.0,81000,21,3857.1428571428573,0.8884228187919463,0.04848993288590604,Low
Toyota Noah X Smart 2010,Toyota,Noah,Automatic,Octane,2090000,2010,2000.0,2015,16,125.9375,0.8884228187919463,0.10671140939597315,Low
Toyota Noah G Hybrid 2020,Toyota,Noah,Automatic,"Hybrid, Octane",3480000,2020,1800.0,90250,6,15041.666666666666,0.8884228187919463,0.10671140939597315,High
Toyota Noah G HYB 2022,Toyota,Noah,Automatic,Hybrid,3800000,2022,1800.0,180000,4,45000.0,0.8884228187919463,0.10671140939597315,High
Honda Vezel Japan Colour Pearl 2014,Honda,Vezel,Automatic,"Hybrid, Octane",1595000,2014,1500.0,114080,12,9506.666666666666,0.0424496644295302,0.006711409395973154,Low
Toyota Crown READY SHOWROOM 2020,Toyota,Crown,Automatic,"Petrol, Hybrid, Octane",7400000,2020,2500.0,49013,6,8168.833333333333,0.8884228187919463,0.00587248322147651,Luxury
Toyota Prius S TOURING SELECTION 2020,Toyota,Prius,Automatic,Hybrid,3400000,2020,1800.0,54000,6,9000.0,0.8884228187919463,0.029865771812080538,High
Toyota Premio F-L PKG 2021,Toyota,Premio,Automatic,Octane,4400000,2021,1490.0,33298,5,6659.6,0.8884228187919463,0.05285234899328859,High
Toyota Axio EX PKG HYB 2020,Toyota,Axio,Automatic,Hybrid,2200000,2020,1500.0,172000,6,28666.666666666668,0.8884228187919463,0.10939597315436242,Low
Toyota C-HR G 2020,Toyota,C-HR,Automatic,"Hybrid, Octane",3675000,2020,1790.0,66100,6,11016.666666666666,0.8884228187919463,0.027181208053691275,High
Toyota Noah X PKG 2021,Toyota,Noah,Automatic,Octane,4200000,2021,1980.0,93396,5,18679.2,0.8884228187919463,0.10671140939597315,High
Toyota Kluger V 7 Sitter 2003,Toyota,Kluger,Automatic,Octane,1340000,2003,2400.0,76000,23,3304.3478260869565,0.8884228187919463,0.0008389261744966443,Low
Toyota Hiace GL Bank Loan 2019,Toyota,Hiace,Automatic,"CNG, Octane",2130000,2019,2000.0,55000,7,7857.142857142857,0.8884228187919463,0.09429530201342282,Low
Toyota Harrier Z pkg 2021,Toyota,Harrier,Automatic,Hybrid,7800000,2021,2500.0,45000,5,9000.0,0.8884228187919463,0.03976510067114094,Luxury
Toyota Axio X Limited 2010,Toyota,Axio,Automatic,"CNG, Octane",1560000,2010,1500.0,82000,16,5125.0,0.8884228187919463,0.10939597315436242,Low
